archetype,decktype,player,quantity,scryfallId,tournament
Combo,Combo Lands,Myri,1,87d5e94b-0b35-4efd-9158-1767dcaea38c,2025-02-08T23:00:00Z
Combo,Combo Lands,Myri,1,b34bf7fd-9fe3-43e2-8cfe-7ce7cff08afe,2025-02-08T23:00:00Z
Combo,Combo Lands,Myri,1,8683a978-1bef-4b01-9361-56b1fc157d26,2025-02-08T23:00:00Z
Combo,Combo Lands,Myri,1,5ab21006-7f61-49e0-8b6a-0397c5d4c3bd,2025-02-08T23:00:00Z
Combo,Combo Lands,Myri,1,aced2c55-7543-4076-bcdd-36c4d649b8ae,2025-02-08T23:00:00Z
Combo,Combo Lands,Myri,1,5c70da33-ce5d-4b8b-9c1d-9a356a7e196f,2025-02-08T23:00:00Z
Combo,Combo Lands,Myri,1,8870ef0b-cb1f-463b-8509-fece4743d3d4,2025-02-08T23:00:00Z
Combo,Combo Lands,Myri,1,a249b1f4-2b22-4b67-a207-e0c4ae95d2e1,2025-02-08T23:00:00Z
Combo,Combo Lands,Myri,1,cc520518-2063-4b57-a0d4-10cf62a7175e,2025-02-08T23:00:00Z
Combo,Combo Lands,Myri,1,5260f8ae-805b-4eae-badf-62de0f768867,2025-02-08T23:00:00Z
Combo,Combo Lands,Myri,1,4b4956a2-9a39-4152-9c98-70e4b2acfa26,2025-02-08T23:00:00Z
Combo,Combo Lands,Myri,1,0f7585c8-9e21-4eef-afc1-2852de23db2f,2025-02-08T23:00:00Z
Combo,Combo Lands,Myri,1,926916ed-2f22-4ba9-9427-194886ad6c1e,2025-02-08T23:00:00Z
Combo,Combo Lands,Myri,1,39c431d7-d94b-46c4-bb89-f3db56214ab4,2025-02-08T23:00:00Z
Combo,Combo Lands,Myri,1,45fd6e91-df76-497f-b642-33dc3d5f6a5a,2025-02-08T23:00:00Z
Combo,Combo Lands,Myri,1,107492bd-b32f-4692-917c-7771986b5bf7,2025-02-08T23:00:00Z
Combo,Combo Lands,Myri,1,07c17b01-ee5d-491a-8403-b3f819b778c4,2025-02-08T23:00:00Z
Combo,Combo Lands,Myri,1,0adcd4e5-d542-4293-8774-ace2305ef820,2025-02-08T23:00:00Z
Combo,Combo Lands,Myri,1,551c0a45-9515-4e51-84e5-79703832a661,2025-02-08T23:00:00Z
Combo,Combo Lands,Myri,1,1a6f256b-943e-4cfb-9fc9-d1ded68b5f97,2025-02-08T23:00:00Z
Combo,Combo Lands,Myri,1,1ea179e9-9c0d-46c1-9ee8-60be68e1f79c,2025-02-08T23:00:00Z
Combo,Combo Lands,Myri,1,00cb17a0-5a13-4d02-b7fb-f99531bc8ca5,2025-02-08T23:00:00Z
Combo,Combo Lands,Myri,1,01c6f877-6b00-4d57-8a88-36cd3b16edbc,2025-02-08T23:00:00Z
Combo,Combo Lands,Myri,1,06cb1bd6-73e0-4104-b344-4bc52d7dcedf,2025-02-08T23:00:00Z
Combo,Combo Lands,Myri,1,0c9a7cb0-5bff-48ff-b620-2838816ac9b5,2025-02-08T23:00:00Z
Combo,Combo Lands,Myri,1,05bdd22c-3e11-4c29-bdfa-d3dfc0e90a9f,2025-02-08T23:00:00Z
Combo,Combo Lands,Myri,1,68c72226-6f52-4322-8b14-18737293dfa0,2025-02-08T23:00:00Z
Combo,Combo Lands,Myri,1,52eef0d6-24b7-40b7-8403-e8e863d0cd55,2025-02-08T23:00:00Z
Combo,Combo Lands,Myri,1,1ee98955-4c47-4d45-9377-608dfa755337,2025-02-08T23:00:00Z
Combo,Combo Lands,Myri,1,c78da035-6b5b-4136-9ab6-f622b64fdc54,2025-02-08T23:00:00Z
Combo,Draw 7,Tinu,1,31b770cc-09e7-4c0b-b2a4-462ab4f7200d,2025-02-08T23:00:00Z
Combo,Draw 7,Tinu,1,207d5f12-fbc6-4c75-9d84-fd2f0023fbd0,2025-02-08T23:00:00Z
Combo,Draw 7,Tinu,1,ff590af2-2d6c-4f16-a9b8-1a6dab6e9ad5,2025-02-08T23:00:00Z
Combo,Draw 7,Tinu,1,8c39f9b4-02b9-4d44-b8d6-4fd02ebbb0c5,2025-02-08T23:00:00Z
Combo,Draw 7,Tinu,1,3c02b8ee-84cb-44cb-ba14-9e725a9d03ee,2025-02-08T23:00:00Z
Combo,Draw 7,Tinu,1,7c024bae-5631-4e20-ac69-df392ac9e109,2025-02-08T23:00:00Z
Combo,Draw 7,Tinu,1,671c008a-8ff8-42d7-9e03-6d8a9ddace67,2025-02-08T23:00:00Z
Combo,Draw 7,Tinu,1,02d6d693-f1f3-4317-bcc0-c21fa8490d38,2025-02-08T23:00:00Z
Combo,Draw 7,Tinu,1,0a26d900-c652-4f9c-8681-a35c5f8b1937,2025-02-08T23:00:00Z
Combo,Draw 7,Tinu,1,4df8aabc-7fcb-4b7b-980b-18f499e6c170,2025-02-08T23:00:00Z
Combo,Draw 7,Tinu,1,0027e5ca-8046-40a0-bd73-79be55f28bff,2025-02-08T23:00:00Z
Combo,Draw 7,Tinu,1,0324641d-af55-4c53-b4dc-c8262e967da5,2025-02-08T23:00:00Z
Combo,Draw 7,Tinu,1,8c2996d9-3287-4480-8c04-7a378e37e3cf,2025-02-08T23:00:00Z
Combo,Draw 7,Tinu,1,37dbe1a3-3c44-452b-9fb9-37f5d793d0b5,2025-02-08T23:00:00Z
Combo,Draw 7,Tinu,1,0d08f5e4-d2d3-4659-86d4-a983d80e3b2c,2025-02-08T23:00:00Z
Combo,Draw 7,Tinu,1,3f3c77ad-fce8-4506-90e1-7ef71552a71c,2025-02-08T23:00:00Z
Combo,Draw 7,Tinu,1,17260fff-b239-4af4-9306-3236ae3fa5a5,2025-02-08T23:00:00Z
Combo,Draw 7,Tinu,1,985bdb0c-ce6c-4506-8163-76f3b2fdf5fb,2025-02-08T23:00:00Z
Combo,Draw 7,Tinu,1,14065271-d942-42a8-aa38-d8a622c0375d,2025-02-08T23:00:00Z
Combo,Draw 7,Tinu,1,1571b584-9007-45ee-a3c3-6c72f227fee2,2025-02-08T23:00:00Z
Combo,Draw 7,Tinu,1,10158a5e-5a03-41ab-85d2-0907ccf32c9b,2025-02-08T23:00:00Z
Combo,Draw 7,Tinu,1,327cf118-cc92-4073-85d0-94d2a0a6989a,2025-02-08T23:00:00Z
Combo,Draw 7,Tinu,1,febaaeae-5c0d-45fa-8169-b27b4996f18e,2025-02-08T23:00:00Z
Combo,Draw 7,Tinu,1,52d3005f-a1c7-4ef5-911f-ccc0752f4181,2025-02-08T23:00:00Z
Combo,Draw 7,Tinu,1,054f2276-2dd5-43da-bb26-c57c560861fe,2025-02-08T23:00:00Z
Combo,Draw 7,Tinu,1,0ce44270-a684-4489-9077-521456e6dfaa,2025-02-08T23:00:00Z
Combo,Draw 7,Tinu,1,5d10b752-d9cb-419d-a5c4-d4ee1acb655e,2025-02-08T23:00:00Z
Combo,Draw 7,Tinu,1,63c59228-c742-4abd-b4d7-9f7880190e95,2025-02-08T23:00:00Z
Combo,Draw 7,Tinu,1,f1a21287-e244-4960-84fb-c4f6e5c346d9,2025-02-08T23:00:00Z
Combo,Draw 7,Tinu,1,866b7fd4-86e3-4b42-b1ea-33bad0db1f9f,2025-02-08T23:00:00Z
Combo,Draw 7,Tinu,1,0e0d989d-7186-40dc-bdfe-cfbb77656bc8,2025-02-08T23:00:00Z
Combo,Draw 7,Tinu,1,74b4c336-5d4c-4bc5-b82a-35084a6ad808,2025-02-08T23:00:00Z
Control-Aggro (Midrange),Jund Midrange,Matthias,1,4820d223-4ea1-4850-931c-3d2ab5eb003b,2025-02-08T23:00:00Z
Control-Aggro (Midrange),Jund Midrange,Matthias,1,69c68c95-b788-43b1-9f22-1b22c5a00b25,2025-02-08T23:00:00Z
Control-Aggro (Midrange),Jund Midrange,Matthias,1,fa87bf1e-2062-4983-b1c4-98bffea69a4c,2025-02-08T23:00:00Z
Control-Aggro (Midrange),Jund Midrange,Matthias,1,75fdce80-e338-4a50-bdc6-786511feaeef,2025-02-08T23:00:00Z
Control-Aggro (Midrange),Jund Midrange,Matthias,1,0eee981e-5d26-4810-90e1-432f3c3107f2,2025-02-08T23:00:00Z
Control-Aggro (Midrange),Jund Midrange,Matthias,1,0055ea30-20fb-4324-a632-8fed87628f05,2025-02-08T23:00:00Z
Control-Aggro (Midrange),Jund Midrange,Matthias,1,1fc6d14a-1328-4032-ad9e-cd85cd365bd3,2025-02-08T23:00:00Z
Control-Aggro (Midrange),Jund Midrange,Matthias,1,69af2825-18c2-4463-b6ba-42eaa070ccc1,2025-02-08T23:00:00Z
Control-Aggro (Midrange),Jund Midrange,Matthias,1,a15570c0-4210-4959-8584-987ec85f8283,2025-02-08T23:00:00Z
Control-Aggro (Midrange),Jund Midrange,Matthias,1,66d80dd1-b944-4cb2-8578-b4dbcabbbc1e,2025-02-08T23:00:00Z
Control-Aggro (Midrange),Jund Midrange,Matthias,1,5427d8a6-ac9e-4e50-bd39-81713b2ade25,2025-02-08T23:00:00Z
Control-Aggro (Midrange),Jund Midrange,Matthias,1,d67be074-cdd4-41d9-ac89-0a0456c4e4b2,2025-02-08T23:00:00Z
Control-Aggro (Midrange),Jund Midrange,Matthias,1,02551196-ecea-472f-9547-3c9658d0489e,2025-02-08T23:00:00Z
Control-Aggro (Midrange),Jund Midrange,Matthias,1,d51269cf-a333-4a64-94cd-245798d840d2,2025-02-08T23:00:00Z
Control-Aggro (Midrange),Jund Midrange,Matthias,1,1c7d50d6-b63a-4d8c-88fa-1d78ae693a45,2025-02-08T23:00:00Z
Control-Aggro (Midrange),Jund Midrange,Matthias,1,61a28870-cf78-4323-9d82-cee764067764,2025-02-08T23:00:00Z
Control-Aggro (Midrange),Jund Midrange,Matthias,1,9d48aaff-46ab-411b-9456-171d4709f951,2025-02-08T23:00:00Z
Control-Aggro (Midrange),Jund Midrange,Matthias,1,4acf970d-d2d7-413d-aba7-587ee53d8d5c,2025-02-08T23:00:00Z
Control-Aggro (Midrange),Jund Midrange,Matthias,1,bd8fa327-dd41-4737-8f19-2cf5eb1f7cdd,2025-02-08T23:00:00Z
Control-Aggro (Midrange),Jund Midrange,Matthias,1,a6539e26-b63b-4725-9407-caaf451de084,2025-02-08T23:00:00Z
Control-Aggro (Midrange),Jund Midrange,Matthias,1,bbec97ff-bb84-4496-9e09-d4fc1570c516,2025-02-08T23:00:00Z
Control-Aggro (Midrange),Jund Midrange,Matthias,1,1c0f2873-5849-4cab-855a-2fbbc41dbb6c,2025-02-08T23:00:00Z
Control-Aggro (Midrange),Jund Midrange,Matthias,1,eeeffc0b-dc92-458e-ad58-86ff6077a508,2025-02-08T23:00:00Z
Control-Aggro (Midrange),Jund Midrange,Matthias,1,6f11029a-b24d-4248-834f-b852b56857f6,2025-02-08T23:00:00Z
Control-Aggro (Midrange),Jund Midrange,Matthias,1,4ced112a-e775-4f97-97b3-74877e9dce12,2025-02-08T23:00:00Z
Control-Aggro (Midrange),Jund Midrange,Matthias,1,68841ca8-a043-4f30-9a17-e983ed960bc2,2025-02-08T23:00:00Z
Control-Aggro (Midrange),Jund Midrange,Matthias,1,b598c93e-dae1-4d71-a9e4-917abf76d2d0,2025-02-08T23:00:00Z
Control-Aggro (Midrange),Jund Midrange,Matthias,1,17db2b6a-eaa8-4a08-9e86-370bbd058574,2025-02-08T23:00:00Z
Control-Aggro (Midrange),Jund Midrange,Matthias,1,7c884e1e-fecb-4330-b3de-5fc2a60f7173,2025-02-08T23:00:00Z
Control-Aggro (Midrange),Jund Midrange,Matthias,1,2bf2da97-3331-4614-b4ff-f03d061500a7,2025-02-08T23:00:00Z
Control-Aggro (Midrange),Jund Midrange,Matthias,1,377cee38-e769-47b0-abd5-0f528600f36a,2025-02-08T23:00:00Z
Control-Aggro (Midrange),Jund Midrange,Matthias,1,f05e9a3e-8a35-4687-85cb-e31b3927a5e2,2025-02-08T23:00:00Z
Aggro,Rakdos Aggro,Andrin,1,071daca8-ccc6-4707-843e-adac40dd1588,2025-02-08T23:00:00Z
Aggro,Rakdos Aggro,Andrin,1,3ee3945e-5089-4751-b7b3-5961c39d2a33,2025-02-08T23:00:00Z
Aggro,Rakdos Aggro,Andrin,1,47c8e6c4-450b-4f8b-b897-5808fe935a90,2025-02-08T23:00:00Z
Aggro,Rakdos Aggro,Andrin,1,c7bbb911-9de2-455d-9677-e1004db65dbd,2025-02-08T23:00:00Z
Aggro,Rakdos Aggro,Andrin,1,d5806e68-1054-458e-866d-1f2470f682b2,2025-02-08T23:00:00Z
Aggro,Rakdos Aggro,Andrin,1,ebeafbc2-0399-4335-8f63-76a3e085e8c6,2025-02-08T23:00:00Z
Aggro,Rakdos Aggro,Andrin,1,2b73d294-6ab1-4051-9b0f-d8e335d37674,2025-02-08T23:00:00Z
Aggro,Rakdos Aggro,Andrin,1,33ab05b5-d6f5-439c-9aed-1a58ceb282ad,2025-02-08T23:00:00Z
Aggro,Rakdos Aggro,Andrin,1,4c6cf93a-d073-48ac-88db-c46bf3e10beb,2025-02-08T23:00:00Z
Aggro,Rakdos Aggro,Andrin,1,612b2e6e-fe8d-49ad-b845-6fa7fa59ffd1,2025-02-08T23:00:00Z
Aggro,Rakdos Aggro,Andrin,1,261ac92e-c61a-4c11-aa6a-9ae1cb703e5c,2025-02-08T23:00:00Z
Aggro,Rakdos Aggro,Andrin,1,18a3cca1-e50e-49b6-9e1a-f86640e3b177,2025-02-08T23:00:00Z
Aggro,Rakdos Aggro,Andrin,1,079e6263-e54c-4899-a336-5315909b9322,2025-02-08T23:00:00Z
Aggro,Rakdos Aggro,Andrin,1,df3784d4-80cd-4f78-afb3-d61f3bab5b2c,2025-02-08T23:00:00Z
Aggro,Rakdos Aggro,Andrin,1,a3bb2881-e8fb-4fba-a9f9-d93e6ca24378,2025-02-08T23:00:00Z
Aggro,Rakdos Aggro,Andrin,1,e6befbc4-1320-4f26-bd9f-b1814fedda10,2025-02-08T23:00:00Z
Aggro,Rakdos Aggro,Andrin,1,1716b4dd-9045-462b-b053-72de450a8cde,2025-02-08T23:00:00Z
Aggro,Rakdos Aggro,Andrin,1,c8090bcf-e17a-4110-a518-77ccd045b18f,2025-02-08T23:00:00Z
Aggro,Rakdos Aggro,Andrin,1,29632951-3c3d-478c-8c5a-9a34f30a5c28,2025-02-08T23:00:00Z
Aggro,Rakdos Aggro,Andrin,1,6989018c-37b1-4282-a4af-9cc97f160b4d,2025-02-08T23:00:00Z
Aggro,Rakdos Aggro,Andrin,1,f231caf8-56c0-4719-a90d-5e5efbee3148,2025-02-08T23:00:00Z
Aggro,Rakdos Aggro,Andrin,1,a7a8b6b8-b95f-4014-b17a-a6d44d965995,2025-02-08T23:00:00Z
Aggro,Rakdos Aggro,Andrin,1,cea3b218-0e6e-443a-84f7-380f1021e8e1,2025-02-08T23:00:00Z
Aggro,Rakdos Aggro,Andrin,1,fa6ac7d2-0127-49a8-b7d2-a38308d3c27b,2025-02-08T23:00:00Z
Aggro,Rakdos Aggro,Andrin,1,a9225cc3-90f0-448f-a8d9-7c6c2796d077,2025-02-08T23:00:00Z
Aggro,Rakdos Aggro,Andrin,1,56995b84-2307-4955-9c7c-dc4f04acdc07,2025-02-08T23:00:00Z
Aggro,Rakdos Aggro,Andrin,1,97b9bab9-12ee-4da5-9d53-d0b82d9279cd,2025-02-08T23:00:00Z
Control,Azorius Blink,Joel K.,1,4cbdacc1-7a1b-4633-85f5-eb50c2bf406d,2025-02-08T23:00:00Z
Control,Azorius Blink,Joel K.,1,553fb946-2706-475b-89f9-e4355ec9ea2b,2025-02-08T23:00:00Z
Control,Azorius Blink,Joel K.,1,8db735ea-f9cf-4e3c-9200-4f180df55baa,2025-02-08T23:00:00Z
Control,Azorius Blink,Joel K.,1,3b5233ff-03bc-4053-9b49-c4185c2de38d,2025-02-08T23:00:00Z
Control,Azorius Blink,Joel K.,1,2c695df6-6bf2-4e6b-8500-e3116137ca27,2025-02-08T23:00:00Z
Control,Azorius Blink,Joel K.,1,98e7bf8f-dba7-4005-8cee-634c9153931d,2025-02-08T23:00:00Z
Control,Azorius Blink,Joel K.,1,9503a1e6-f0bf-44d0-a28b-56fbfcff1ff2,2025-02-08T23:00:00Z
Control,Azorius Blink,Joel K.,1,05e8a4ea-8c0d-4284-ac23-80e19fdde11d,2025-02-08T23:00:00Z
Control,Azorius Blink,Joel K.,1,f05e9a3e-8a35-4687-85cb-e31b3927a5e2,2025-02-08T23:00:00Z
Control,Azorius Blink,Joel K.,1,ed0216a0-c5c9-4a99-b869-53e4d0256326,2025-02-08T23:00:00Z
Control,Azorius Blink,Joel K.,1,6bbf7394-9b17-45f8-a25b-d865e8452b2c,2025-02-08T23:00:00Z
Control,Azorius Blink,Joel K.,1,2398892d-28e9-4009-81ec-0d544af79d2b,2025-02-08T23:00:00Z
Control,Azorius Blink,Joel K.,1,d6ec3293-b09e-4931-ac4e-dc5eac0ca004,2025-02-08T23:00:00Z
Control,Azorius Blink,Joel K.,1,2a717b98-cdac-416d-bf6c-f6b6638e65d1,2025-02-08T23:00:00Z
Control,Azorius Blink,Joel K.,1,045ce37b-86d2-4e56-84af-b6625b53d13c,2025-02-08T23:00:00Z
Control,Azorius Blink,Joel K.,1,0e606072-a3aa-4300-ba90-ec92a721fa76,2025-02-08T23:00:00Z
Control,Azorius Blink,Joel K.,1,416d2d51-8f29-4e95-b037-e8c32b081e6c,2025-02-08T23:00:00Z
Control,Azorius Blink,Joel K.,1,ff84ea71-e477-44f7-a3f8-77fef708efeb,2025-02-08T23:00:00Z
Control,Azorius Blink,Joel K.,1,5bb3cb5c-8d66-4f5e-a9a9-917e6045f024,2025-02-08T23:00:00Z
Control,Azorius Blink,Joel K.,1,2da5f3f8-5eef-498f-ba2c-2f3fbc3745aa,2025-02-08T23:00:00Z
Control,Azorius Blink,Joel K.,1,7c59e0cd-10a8-4a32-9c0a-a2c6ef1ed9a6,2025-02-08T23:00:00Z
Control,Azorius Blink,Joel K.,1,345a4aee-5846-4ae9-9af1-4c8fe8d692ec,2025-02-08T23:00:00Z
Control,Azorius Blink,Joel K.,1,c1e0f201-42cb-46a1-901a-65bb4fc18f6c,2025-02-08T23:00:00Z
Control,Azorius Blink,Joel K.,1,0c3d7e2c-a104-4757-9984-fb31088f92c4,2025-02-08T23:00:00Z
Aggro,Red Aggro,Sili,1,72c6d541-e2cb-4d6e-acac-90a8f53b7006,2025-02-08T23:00:00Z
Aggro,Red Aggro,Sili,1,15db4353-9c46-4fe4-b22e-0cf024aa9dfc,2025-02-08T23:00:00Z
Aggro,Red Aggro,Sili,1,9721f8da-39ed-4ada-a571-61e08a86032b,2025-02-08T23:00:00Z
Aggro,Red Aggro,Sili,1,55d35442-5ca0-4fd7-8ff1-b7347b3e6690,2025-02-08T23:00:00Z
Aggro,Red Aggro,Sili,1,bce84a87-093a-42de-9696-8c3250e0f33b,2025-02-08T23:00:00Z
Aggro,Red Aggro,Sili,1,1e3e8085-cfcd-4e88-b441-4d1f8ac63904,2025-02-08T23:00:00Z
Aggro,Red Aggro,Sili,1,32aa6e33-221f-414c-9b51-850d97a7e051,2025-02-08T23:00:00Z
Aggro,Red Aggro,Sili,1,3d8ca18d-9099-4f1e-95c1-f04da58a26bd,2025-02-08T23:00:00Z
Aggro,Red Aggro,Sili,1,d2507bc2-da17-4e46-b4c5-ba0080ce2c6f,2025-02-08T23:00:00Z
Aggro,Red Aggro,Sili,1,fd97b3cf-924e-4f77-bb82-0bf19592389f,2025-02-08T23:00:00Z
Aggro,Red Aggro,Sili,1,216a8e4e-ea7b-41c7-a982-b5751025ff25,2025-02-08T23:00:00Z
Aggro,Red Aggro,Sili,1,7054012b-4f9d-44a0-aaf9-7fd3bddc7b2d,2025-02-08T23:00:00Z
Aggro,Red Aggro,Sili,1,16c8d2fa-54a7-46e8-980c-905258497c90,2025-02-08T23:00:00Z
Aggro,Red Aggro,Sili,1,09fd2d9c-1793-4beb-a3fb-7a869f660cd4,2025-02-08T23:00:00Z
Aggro,Red Aggro,Sili,1,1ac01fff-4de6-4783-9489-4127e25bc641,2025-02-08T23:00:00Z
Aggro,Red Aggro,Sili,1,2dc16614-5cf8-444d-a5ae-cac25018af68,2025-02-08T23:00:00Z
Aggro,Red Aggro,Sili,1,3277ad99-5682-4baa-b106-de15721876a6,2025-02-08T23:00:00Z
Aggro,Red Aggro,Sili,1,2e139ad1-1079-49e9-babd-6399c44ad333,2025-02-08T23:00:00Z
Aggro,Red Aggro,Sili,1,0cb33b46-4d1b-4f97-bfdc-d815aee111da,2025-02-08T23:00:00Z
Aggro,Red Aggro,Sili,1,8a720448-017f-4f4a-9501-678245eaed17,2025-02-08T23:00:00Z
Aggro,Red Aggro,Sili,1,0ecbe097-ba51-42e5-957c-382eb66c08f0,2025-02-08T23:00:00Z
Aggro,Red Aggro,Sili,1,f5881bbc-8600-464d-9dcd-5a7780918d1d,2025-02-08T23:00:00Z
Aggro,Red Aggro,Sili,1,be77b98a-dd79-477c-8ab2-7ebf5637a89e,2025-02-08T23:00:00Z
Aggro,Red Aggro,Sili,1,aaae15dd-11b6-4421-99e9-365c7fe4a5d6,2025-02-08T23:00:00Z
Aggro,Red Aggro,Sili,1,2616aa0e-8413-4e63-877c-bffd5263f552,2025-02-08T23:00:00Z
Aggro,Red Aggro,Sili,1,2ef878cb-27b6-47d8-ad11-bd20529b0e7e,2025-02-08T23:00:00Z
Aggro,Red Aggro,Sili,1,064dfdeb-485f-473e-9fa0-8fdb7638cdc6,2025-02-08T23:00:00Z
Aggro,Red Aggro,Sili,1,2b5315a4-6a78-456f-8d5a-fea9d62f3f0e,2025-02-08T23:00:00Z
Aggro,White Aggro,Lukas Stalder,1,dcb94950-3f3e-4876-84f8-d5e4d9cfecee,2025-02-08T23:00:00Z
Aggro,White Aggro,Lukas Stalder,1,17f28b16-da65-41a8-ba4f-f1c5e104aad6,2025-02-08T23:00:00Z
Aggro,White Aggro,Lukas Stalder,1,b83cfbaa-7890-4f6f-878b-4edb45677371,2025-02-08T23:00:00Z
Aggro,White Aggro,Lukas Stalder,1,522aa72b-2b8c-484c-872b-f082101cee35,2025-02-08T23:00:00Z
Aggro,White Aggro,Lukas Stalder,1,24e58478-c6a8-4f86-854a-a489c99bd777,2025-02-08T23:00:00Z
Aggro,White Aggro,Lukas Stalder,1,9d3a7998-ccac-45ad-a4e9-3a2cb057f63b,2025-02-08T23:00:00Z
Aggro,White Aggro,Lukas Stalder,1,7d48d622-f397-4f31-b1a5-0c23f60aa71c,2025-02-08T23:00:00Z
Aggro,White Aggro,Lukas Stalder,1,106f9629-b3aa-4703-82fb-c1e771bbce72,2025-02-08T23:00:00Z
Aggro,White Aggro,Lukas Stalder,1,928036c9-11b8-493e-b9f2-8fbd3487cd19,2025-02-08T23:00:00Z
Aggro,White Aggro,Lukas Stalder,1,24a5cc2c-0fbf-4a5f-b175-6e0ffd0d0787,2025-02-08T23:00:00Z
Aggro,White Aggro,Lukas Stalder,1,4e117771-5a8b-4812-b487-32ba34b7f724,2025-02-08T23:00:00Z
Aggro,White Aggro,Lukas Stalder,1,1066a94a-8e4f-4d77-820b-7a77a18116f0,2025-02-08T23:00:00Z
Aggro,White Aggro,Lukas Stalder,1,005dae9a-dddc-4a11-95bb-cce319edcce4,2025-02-08T23:00:00Z
Aggro,White Aggro,Lukas Stalder,1,4720b4f2-e6af-4223-9250-a0ed21ed5693,2025-02-08T23:00:00Z
Aggro,White Aggro,Lukas Stalder,1,e16ab44e-4257-4c0c-b705-8ac1e9c1d835,2025-02-08T23:00:00Z
Aggro,White Aggro,Lukas Stalder,1,0e9aeaa8-9a75-4719-992f-cbb316f72175,2025-02-08T23:00:00Z
Aggro,White Aggro,Lukas Stalder,1,0da69523-cece-425a-b08a-fb27fac29374,2025-02-08T23:00:00Z
Aggro,White Aggro,Lukas Stalder,1,9a71531f-d4b6-4cc7-8193-b2f5bce33b21,2025-02-08T23:00:00Z
Aggro,White Aggro,Lukas Stalder,1,bd3d4b4b-cf31-4f89-8140-9650edb03c7b,2025-02-08T23:00:00Z
Aggro,White Aggro,Lukas Stalder,1,a9738cda-adb1-47fb-9f4c-ecd930228c4d,2025-02-08T23:00:00Z
Aggro,White Aggro,Lukas Stalder,1,1daf4348-05c5-4c55-bcf2-c7bec7988bfc,2025-02-08T23:00:00Z
Aggro,White Aggro,Lukas Stalder,1,78cef262-c753-4658-b3ec-fec8db47f944,2025-02-08T23:00:00Z
Aggro,White Aggro,Lukas Stalder,1,b689a206-aec3-4a31-95cf-3d4b840db04c,2025-02-08T23:00:00Z
Aggro,White Aggro,Lukas Stalder,1,55707746-da6e-46e5-a5ca-7ac843fdc38e,2025-02-08T23:00:00Z
Aggro,White Aggro,Lukas Stalder,1,eca8d6f8-c6f1-437c-99e2-4281eae14a6f,2025-02-08T23:00:00Z
Aggro,White Aggro,Lukas Stalder,1,f3537373-ef54-4578-9d05-6216420ee349,2025-02-08T23:00:00Z
Aggro,White Aggro,Lukas Stalder,1,c86b8a75-9e31-4a44-95b8-c83b9a49646f,2025-02-08T23:00:00Z
Aggro,White Aggro,Lukas Stalder,1,8e42df9e-95f2-4c79-9274-2d16e3cd91f1,2025-02-08T23:00:00Z
Aggro-Combo,Greenbased Aggro-Combo,Ivo,1,28667c8b-d02c-4e57-a050-1549207b65d1,2025-02-08T23:00:00Z
Aggro-Combo,Greenbased Aggro-Combo,Ivo,1,b0f61742-522c-4b36-97db-41d0c412a072,2025-02-08T23:00:00Z
Aggro-Combo,Greenbased Aggro-Combo,Ivo,1,3003d481-1b52-4aa9-bbdc-e948fbc8d49d,2025-02-08T23:00:00Z
Aggro-Combo,Greenbased Aggro-Combo,Ivo,1,0845f0b0-9413-4ddd-861d-9607636bebc6,2025-02-08T23:00:00Z
Aggro-Combo,Greenbased Aggro-Combo,Ivo,1,30377bf0-d9b1-4c14-8dde-f74b1e02d604,2025-02-08T23:00:00Z
Aggro-Combo,Greenbased Aggro-Combo,Ivo,1,89f5cc05-5d9d-4709-b3c5-a6249c294acc,2025-02-08T23:00:00Z
Aggro-Combo,Greenbased Aggro-Combo,Ivo,1,7eb39e97-53c2-4df0-9fb3-a3d6a24ec41f,2025-02-08T23:00:00Z
Aggro-Combo,Greenbased Aggro-Combo,Ivo,1,fd6ddbca-b943-49d6-b341-509bb72dd5a6,2025-02-08T23:00:00Z
Aggro-Combo,Greenbased Aggro-Combo,Ivo,1,5de097e5-e960-4404-a370-defe93ce892f,2025-02-08T23:00:00Z
Aggro-Combo,Greenbased Aggro-Combo,Ivo,1,71384418-173a-4f77-adab-56e52fa23692,2025-02-08T23:00:00Z
Aggro-Combo,Greenbased Aggro-Combo,Ivo,1,985453e7-997e-4d77-a338-cc0290791ebe,2025-02-08T23:00:00Z
Aggro-Combo,Greenbased Aggro-Combo,Ivo,1,41e108a5-4e2f-42cf-9ea1-87bf3c0a2b7f,2025-02-08T23:00:00Z
Aggro-Combo,Greenbased Aggro-Combo,Ivo,1,d7a8cc1d-aabb-4eb6-b0f1-6c93ec246f61,2025-02-08T23:00:00Z
Aggro-Combo,Greenbased Aggro-Combo,Ivo,1,58c1e824-c8a9-4312-8e4c-a29a26d189a4,2025-02-08T23:00:00Z
Aggro-Combo,Greenbased Aggro-Combo,Ivo,1,44afd414-cc69-4888-ba12-7ea87e60b1f7,2025-02-08T23:00:00Z
Aggro-Combo,Greenbased Aggro-Combo,Ivo,1,487116ab-b885-406b-aa54-56cb67eb3ca5,2025-02-08T23:00:00Z
Aggro-Combo,Greenbased Aggro-Combo,Ivo,1,0020c31b-002a-4121-bc61-2c2c16e9afc8,2025-02-08T23:00:00Z
Aggro-Combo,Greenbased Aggro-Combo,Ivo,1,3b6e5956-f795-451b-bb24-56462d1ced27,2025-02-08T23:00:00Z
Aggro-Combo,Greenbased Aggro-Combo,Ivo,1,1dd64b1d-bcef-476c-bf0b-3ac7df7cbed3,2025-02-08T23:00:00Z
Aggro-Combo,Greenbased Aggro-Combo,Ivo,1,60d0e6a6-629a-45a7-bfcb-25ba7156788b,2025-02-08T23:00:00Z
Aggro-Combo,Greenbased Aggro-Combo,Ivo,1,400382a4-aea2-4827-b06a-1b0b3745908b,2025-02-08T23:00:00Z
Aggro-Combo,Greenbased Aggro-Combo,Ivo,1,01794178-cf41-454c-ac37-1d8b18e42db2,2025-02-08T23:00:00Z
Aggro-Combo,Greenbased Aggro-Combo,Ivo,1,6aa5cc65-f8f1-4f6f-8b4e-2fedccbda684,2025-02-08T23:00:00Z
Aggro-Combo,Greenbased Aggro-Combo,Ivo,1,a50d79fe-6d37-42f3-b7b0-0c3018282fa2,2025-02-08T23:00:00Z
Combo,Storm,Manuel,1,5a10b543-d5d4-42a8-9ee8-dada59a2ad7e,2025-02-08T23:00:00Z
Combo,Storm,Manuel,1,ebc01ab4-d89a-4d25-bf54-6aed33772f4b,2025-02-08T23:00:00Z
Combo,Storm,Manuel,1,9e7fb3c0-5159-4d1f-8490-ce4c9a60f567,2025-02-08T23:00:00Z
Combo,Storm,Manuel,1,641b21e1-9188-4bc3-96e8-cda2acbc5ed5,2025-02-08T23:00:00Z
Combo,Storm,Manuel,1,0e51d796-7279-4c06-87f0-37adbdaa41df,2025-02-08T23:00:00Z
Combo,Storm,Manuel,1,89af0f45-c11c-4f13-9950-b1489440ee5b,2025-02-08T23:00:00Z
Combo,Storm,Manuel,1,1453f92e-df2d-4789-aa1b-a5b5c51567d4,2025-02-08T23:00:00Z
Combo,Storm,Manuel,1,3a2d7cf9-dddb-4de3-b4f2-c52e3ec8fb4b,2025-02-08T23:00:00Z
Combo,Storm,Manuel,1,1e2fee55-227b-4373-a3f7-b463f220033f,2025-02-08T23:00:00Z
Combo,Storm,Manuel,1,b90331d4-74f0-43bf-8ed2-f8616d782859,2025-02-08T23:00:00Z
Combo,Storm,Manuel,1,5f608efc-0dbc-4cc3-aadd-ed473bfc29ab,2025-02-08T23:00:00Z
Combo,Storm,Manuel,1,995486ce-58bb-4753-a812-0ca73ef1a235,2025-02-08T23:00:00Z
Combo,Storm,Manuel,1,fadb218d-29e2-42d1-a7a1-1066741d63ad,2025-02-08T23:00:00Z
Combo,Storm,Manuel,1,672b9b16-daef-44e6-9a3a-cfd9f3c78bc7,2025-02-08T23:00:00Z
Combo,Storm,Manuel,1,1fdcc0c3-4029-4fc3-a486-5d7f45c910bd,2025-02-08T23:00:00Z
Combo,Storm,Manuel,1,d2124603-d20e-40eb-97f0-a66323397ac2,2025-02-08T23:00:00Z
Combo,Storm,Manuel,1,74d29b3d-f588-431d-bf4e-f7215683ab39,2025-02-08T23:00:00Z
Combo,Storm,Manuel,1,1af92296-455a-425e-9397-a96d09937767,2025-02-08T23:00:00Z
Combo,Storm,Manuel,1,187b6719-e5ed-4615-a00b-3313ceca055b,2025-02-08T23:00:00Z
Combo,Storm,Manuel,1,96b6b2e1-c3e6-464c-8a13-b15deb34e862,2025-02-08T23:00:00Z
Combo,Storm,Manuel,1,441f8b2f-c8cb-4340-a92f-116c2276e906,2025-02-08T23:00:00Z
Combo,Storm,Manuel,1,504a69eb-3c2d-4bb1-b117-252b15acf0c2,2025-02-08T23:00:00Z
Combo,Storm,Manuel,1,758f95f8-bcb0-43ae-b474-56ebd855951e,2025-02-08T23:00:00Z
Combo,Storm,Manuel,1,247939d9-87e9-4f01-b223-fb4cfa7dbbe1,2025-02-08T23:00:00Z
Combo,Storm,Manuel,1,e7b3ddca-69ef-4743-897b-57c58077db24,2025-02-08T23:00:00Z
Control,Birthing Pod,Dimlas,1,d2e27911-87cb-49a0-a34f-6afe4bddd592,2025-02-08T23:00:00Z
Control,Birthing Pod,Dimlas,1,f6ca59cd-8779-4a84-a54b-e863b79c61f0,2025-02-08T23:00:00Z
Control,Birthing Pod,Dimlas,1,5f6927e1-c580-483a-8e2a-6e2deb74800e,2025-02-08T23:00:00Z
Control,Birthing Pod,Dimlas,1,01e7b0bc-1c6c-48f4-8b72-1a809f536c6c,2025-02-08T23:00:00Z
Control,Birthing Pod,Dimlas,1,e5145f31-a4ac-44ef-8f85-e4d95f2c9ff5,2025-02-08T23:00:00Z
Control,Birthing Pod,Dimlas,1,04fc99dc-bfbe-4567-b791-6b1db96471ec,2025-02-08T23:00:00Z
Control,Birthing Pod,Dimlas,1,c17816e8-28b1-4295-a637-efb0e5c18873,2025-02-08T23:00:00Z
Control,Birthing Pod,Dimlas,1,345fd005-5052-4500-a260-3649500e21f4,2025-02-08T23:00:00Z
Control,Birthing Pod,Dimlas,1,5b8ba842-c662-4686-bca3-93ddb7fa11a6,2025-02-08T23:00:00Z
Control,Birthing Pod,Dimlas,1,310a1c46-8331-4a09-9fcb-d942f8102364,2025-02-08T23:00:00Z
Control,Birthing Pod,Dimlas,1,3028075c-5fc5-4942-a984-1ffcf7a8933d,2025-02-08T23:00:00Z
Control,Birthing Pod,Dimlas,1,9417f14c-a853-42c6-a992-29139484260a,2025-02-08T23:00:00Z
Control,Birthing Pod,Dimlas,1,cb94a02f-4660-45b6-8a39-941b710cf8f3,2025-02-08T23:00:00Z
Control,Birthing Pod,Dimlas,1,2be39749-ad6f-4160-99eb-c677eee7f1b2,2025-02-08T23:00:00Z
Control,Birthing Pod,Dimlas,1,bb9ad57f-cca2-4717-a951-cbe3c7782efe,2025-02-08T23:00:00Z
Control,Birthing Pod,Dimlas,1,f20015ad-8fda-498f-ac28-1ffb824ab480,2025-02-08T23:00:00Z
Control,Birthing Pod,Dimlas,1,4a1f905f-1d55-4d02-9d24-e58070793d3f,2025-02-08T23:00:00Z
Control,Birthing Pod,Dimlas,1,09521f23-52d6-482d-9f3b-c4d12fcc08cc,2025-02-08T23:00:00Z
Control,Birthing Pod,Dimlas,1,605c2218-9d12-4ac3-a721-fca590b89847,2025-02-08T23:00:00Z
Control,Birthing Pod,Dimlas,1,19477aca-b8db-4061-9a78-ebb189a9df22,2025-02-08T23:00:00Z
Control,Birthing Pod,Dimlas,1,e58e681e-a069-4414-aafe-634c7987fd0d,2025-02-08T23:00:00Z
Control,Birthing Pod,Dimlas,1,1163fe84-c5d5-42c8-b7cd-d206a9b0bd3f,2025-02-08T23:00:00Z
Control,Birthing Pod,Dimlas,1,2b9b0195-beda-403e-bc27-7ae3be9f318c,2025-02-08T23:00:00Z
Control,Birthing Pod,Dimlas,1,fe30c0ff-f74b-456a-a61e-3720d84d713f,2025-02-08T23:00:00Z
Control,Birthing Pod,Dimlas,1,5ad67b3c-cd5a-497b-8639-9b844e8d517a,2025-02-08T23:00:00Z
Control,Birthing Pod,Dimlas,1,fe964e7e-e2c5-4263-889d-0a531eb51442,2025-02-08T23:00:00Z
Control,Birthing Pod,Dimlas,1,70e33f45-7d47-423b-a123-8541f1d1afb4,2025-02-08T23:00:00Z
Control,Birthing Pod,Dimlas,1,fc310a26-b6a0-4e42-98ab-bdfd7b06cb63,2025-02-08T23:00:00Z
Control,Birthing Pod,Dimlas,1,47a6234f-309f-4e03-9263-66da48b57153,2025-02-08T23:00:00Z
Control,Birthing Pod,Dimlas,1,b768efa2-e56b-4a7e-ace8-d673f10e0714,2025-02-08T23:00:00Z
