draws,player1,player1Wins,player2,player2Wins,round,tournamentDate
0,Matthias,2,Manuel,1,1,2025-02-08T23:00:00Z
0,Joel K.,0,Dimlas,2,1,2025-02-08T23:00:00Z
0,Andrin,2,Sili,1,1,2025-02-08T23:00:00Z
0,Myri,0,Lukas Stalder,2,1,2025-02-08T23:00:00Z
0,Tinu,1,Ivo,2,1,2025-02-08T23:00:00Z
0,Lukas Stalder,0,Sili,2,2,2025-02-08T23:00:00Z
0,Dimlas,2,Andrin,0,2,2025-02-08T23:00:00Z
0,Matthias,2,Ivo,1,2,2025-02-08T23:00:00Z
0,Manuel,0,Joel K.,2,2,2025-02-08T23:00:00Z
0,Myri,2,Tinu,0,2,2025-02-08T23:00:00Z
0,Myri,1,Andrin,2,3,2025-02-08T23:00:00Z
0,Tinu,2,Manuel,0,3,2025-02-08T23:00:00Z
1,Lukas Stalder,1,Ivo,1,3,2025-02-08T23:00:00Z
0,Matthias,1,Dimlas,2,3,2025-02-08T23:00:00Z
0,Joel K.,0,Sili,2,3,2025-02-08T23:00:00Z
0,Lukas Stalder,2,Tinu,0,4,2025-02-08T23:00:00Z
0,Dimlas,0,Sili,2,4,2025-02-08T23:00:00Z
0,Ivo,2,Joel K.,0,4,2025-02-08T23:00:00Z
0,Matthias,2,Andrin,0,4,2025-02-08T23:00:00Z
0,Myri,2,Manuel,1,4,2025-02-08T23:00:00Z
