draws,player1,player1Wins,player2,player2Wins,round,tournamentDate
0,Valentin,0,Matthias,2,1,2025-04-05T22:00:00Z
1,Andrin,1,Manuel,1,1,2025-04-05T22:00:00Z
0,Tobi,0,Guy,2,1,2025-04-05T22:00:00Z
0,Joel K.,2,Sili,0,1,2025-04-05T22:00:00Z
0,Lukas Stalder,2,Dimlas,0,1,2025-04-05T22:00:00Z
0,Valentin,0,Andrin,2,2,2025-04-05T22:00:00Z
0,Manuel,0,Dimlas,2,2,2025-04-05T22:00:00Z
0,Guy,2,Joel K.,1,2,2025-04-05T22:00:00Z
0,Lukas Stalder,1,Matthias,2,2,2025-04-05T22:00:00Z
0,Sili,2,Tobi,1,2,2025-04-05T22:00:00Z
0,Matthias,1,Guy,2,3,2025-04-05T22:00:00Z
0,Tobi,2,Valentin,0,3,2025-04-05T22:00:00Z
0,Joel K.,2,Dimlas,1,3,2025-04-05T22:00:00Z
0,Andrin,2,Lukas Stalder,0,3,2025-04-05T22:00:00Z
0,Sili,1,Manuel,2,3,2025-04-05T22:00:00Z
0,Joel K.,0,Matthias,2,4,2025-04-05T22:00:00Z
0,Manuel,0,Tobi,2,4,2025-04-05T22:00:00Z
0,Lukas Stalder,0,Valentin,2,4,2025-04-05T22:00:00Z
0,Dimlas,1,Sili,2,4,2025-04-05T22:00:00Z
0,Guy,0,Andrin,2,4,2025-04-05T22:00:00Z
