archetype,decktype,player,quantity,scryfallId,tournament
Control,Lurrus Control,Dimlas,1,eca8d6f8-c6f1-437c-99e2-4281eae14a6f,2025-04-05T22:00:00Z
Control,Lurrus Control,Dimlas,1,05cf51d8-9f91-42ff-99e9-4397f2251c20,2025-04-05T22:00:00Z
Control,Lurrus Control,Dimlas,1,c86b8a75-9e31-4a44-95b8-c83b9a49646f,2025-04-05T22:00:00Z
Control,Lurrus Control,Dimlas,1,985bdb0c-ce6c-4506-8163-76f3b2fdf5fb,2025-04-05T22:00:00Z
Control,Lurrus Control,Dimlas,1,ff84ea71-e477-44f7-a3f8-77fef708efeb,2025-04-05T22:00:00Z
Control,Lurrus Control,Dimlas,1,2ae6828e-ff19-45db-8b59-61616353491f,2025-04-05T22:00:00Z
Control,Lurrus Control,Dimlas,1,70e33f45-7d47-423b-a123-8541f1d1afb4,2025-04-05T22:00:00Z
Control,Lurrus Control,Dimlas,1,1c7d50d6-b63a-4d8c-88fa-1d78ae693a45,2025-04-05T22:00:00Z
Control,Lurrus Control,Dimlas,1,9417f14c-a853-42c6-a992-29139484260a,2025-04-05T22:00:00Z
Control,Lurrus Control,Dimlas,1,fe964e7e-e2c5-4263-889d-0a531eb51442,2025-04-05T22:00:00Z
Control,Lurrus Control,Dimlas,1,68c72226-6f52-4322-8b14-18737293dfa0,2025-04-05T22:00:00Z
Control,Lurrus Control,Dimlas,1,5260f8ae-805b-4eae-badf-62de0f768867,2025-04-05T22:00:00Z
Control,Lurrus Control,Dimlas,1,06cb1bd6-73e0-4104-b344-4bc52d7dcedf,2025-04-05T22:00:00Z
Control,Lurrus Control,Dimlas,1,068bb15a-fc2d-42a2-859b-837b946d23c0,2025-04-05T22:00:00Z
Control,Lurrus Control,Dimlas,1,1453f92e-df2d-4789-aa1b-a5b5c51567d4,2025-04-05T22:00:00Z
Control,Lurrus Control,Dimlas,1,f05e9a3e-8a35-4687-85cb-e31b3927a5e2,2025-04-05T22:00:00Z
Control,Lurrus Control,Dimlas,1,748e6a61-9c1f-4225-9f04-e54002f63ac3,2025-04-05T22:00:00Z
Control,Lurrus Control,Dimlas,1,2a717b98-cdac-416d-bf6c-f6b6638e65d1,2025-04-05T22:00:00Z
Control,Lurrus Control,Dimlas,1,df9d9075-2d1e-4848-b661-816d539e05eb,2025-04-05T22:00:00Z
Control,Lurrus Control,Dimlas,1,5ad36fb2-c44e-4085-ba0d-54277841ad3a,2025-04-05T22:00:00Z
Control,Lurrus Control,Dimlas,1,261ac92e-c61a-4c11-aa6a-9ae1cb703e5c,2025-04-05T22:00:00Z
Control,Lurrus Control,Dimlas,1,522aa72b-2b8c-484c-872b-f082101cee35,2025-04-05T22:00:00Z
Control,Lurrus Control,Dimlas,1,15faa763-b897-4e86-b094-73f3236291a9,2025-04-05T22:00:00Z
Control,Lurrus Control,Dimlas,1,57fb0fa7-0c5c-4a75-9461-c51403c30282,2025-04-05T22:00:00Z
Control,Lurrus Control,Dimlas,1,4b4956a2-9a39-4152-9c98-70e4b2acfa26,2025-04-05T22:00:00Z
Control,Lurrus Control,Dimlas,1,68924203-c3d9-41ce-8ca8-c6dd491eb3ca,2025-04-05T22:00:00Z
Control,Lurrus Control,Dimlas,1,0027e5ca-8046-40a0-bd73-79be55f28bff,2025-04-05T22:00:00Z
Control,Lurrus Control,Dimlas,1,3b6e5956-f795-451b-bb24-56462d1ced27,2025-04-05T22:00:00Z
Control,Lurrus Control,Dimlas,1,d40b65c1-b24d-492d-81b9-d8474ebdc08c,2025-04-05T22:00:00Z
Control,Lurrus Control,Dimlas,1,39b41cb3-ca3d-4389-8f66-e1f77f5fb683,2025-04-05T22:00:00Z
Control,Lurrus Control,Dimlas,1,2c695df6-6bf2-4e6b-8500-e3116137ca27,2025-04-05T22:00:00Z
Control,Lurrus Control,Dimlas,1,30377bf0-d9b1-4c14-8dde-f74b1e02d604,2025-04-05T22:00:00Z
Aggro,Boros Aggro,Tobi,1,f231caf8-56c0-4719-a90d-5e5efbee3148,2025-04-05T22:00:00Z
Aggro,Boros Aggro,Tobi,1,006d2bf1-20f7-4b09-8d98-8233d91682bd,2025-04-05T22:00:00Z
Aggro,Boros Aggro,Tobi,1,bb9ad57f-cca2-4717-a951-cbe3c7782efe,2025-04-05T22:00:00Z
Aggro,Boros Aggro,Tobi,1,3b5233ff-03bc-4053-9b49-c4185c2de38d,2025-04-05T22:00:00Z
Aggro,Boros Aggro,Tobi,1,605c2218-9d12-4ac3-a721-fca590b89847,2025-04-05T22:00:00Z
Aggro,Boros Aggro,Tobi,1,773199f9-c83b-4a77-8342-9f1552ecf595,2025-04-05T22:00:00Z
Aggro,Boros Aggro,Tobi,1,b689a206-aec3-4a31-95cf-3d4b840db04c,2025-04-05T22:00:00Z
Aggro,Boros Aggro,Tobi,1,d6ec3293-b09e-4931-ac4e-dc5eac0ca004,2025-04-05T22:00:00Z
Aggro,Boros Aggro,Tobi,1,0463e989-ba32-4a46-a82f-e0d6daf3cd51,2025-04-05T22:00:00Z
Aggro,Boros Aggro,Tobi,1,079e6263-e54c-4899-a336-5315909b9322,2025-04-05T22:00:00Z
Aggro,Boros Aggro,Tobi,1,0d16e8e0-31b2-4389-afd6-783c501f6fa0,2025-04-05T22:00:00Z
Aggro,Boros Aggro,Tobi,1,9d3a7998-ccac-45ad-a4e9-3a2cb057f63b,2025-04-05T22:00:00Z
Aggro,Boros Aggro,Tobi,1,e419cd0b-2449-4cc5-9ead-b9e45e271700,2025-04-05T22:00:00Z
Aggro,Boros Aggro,Tobi,1,0d60eabe-b281-4eba-9c26-287364ed2067,2025-04-05T22:00:00Z
Aggro,Boros Aggro,Tobi,1,b83cfbaa-7890-4f6f-878b-4edb45677371,2025-04-05T22:00:00Z
Aggro,Boros Aggro,Tobi,1,187e887c-c39d-4d25-a506-cdc95fc70316,2025-04-05T22:00:00Z
Aggro,Boros Aggro,Tobi,1,a9738cda-adb1-47fb-9f4c-ecd930228c4d,2025-04-05T22:00:00Z
Aggro,Boros Aggro,Tobi,1,72c6d541-e2cb-4d6e-acac-90a8f53b7006,2025-04-05T22:00:00Z
Aggro,Boros Aggro,Tobi,1,ea7e7daf-7c06-4c74-8bcf-e42c1f611861,2025-04-05T22:00:00Z
Aggro,Boros Aggro,Tobi,1,80fca8c0-ae3e-439e-b202-228b9f360e9a,2025-04-05T22:00:00Z
Aggro,Boros Aggro,Tobi,1,553fb946-2706-475b-89f9-e4355ec9ea2b,2025-04-05T22:00:00Z
Aggro,Boros Aggro,Tobi,1,245cdc59-d560-4c10-b721-f51cc312e370,2025-04-05T22:00:00Z
Aggro,Boros Aggro,Tobi,1,70719e7b-6f02-4c1a-9f11-79b2b0d9846a,2025-04-05T22:00:00Z
Aggro,Boros Aggro,Tobi,1,4e117771-5a8b-4812-b487-32ba34b7f724,2025-04-05T22:00:00Z
Aggro,Boros Aggro,Tobi,1,21c950d7-b4f6-4902-8c9a-98f2933f9fa5,2025-04-05T22:00:00Z
Aggro,Boros Aggro,Tobi,1,1daf4348-05c5-4c55-bcf2-c7bec7988bfc,2025-04-05T22:00:00Z
Aggro,Boros Aggro,Tobi,1,2dc16614-5cf8-444d-a5ae-cac25018af68,2025-04-05T22:00:00Z
Aggro,Boros Aggro,Tobi,1,32a180dd-9641-4546-8940-9b21084f0c71,2025-04-05T22:00:00Z
Aggro,Boros Aggro,Tobi,1,0ad38866-fc5f-4f62-89c1-afc0f50765aa,2025-04-05T22:00:00Z
Aggro-Combo,Rakdos Aggro-Combo,Andrin,1,c78da035-6b5b-4136-9ab6-f622b64fdc54,2025-04-05T22:00:00Z
Aggro-Combo,Rakdos Aggro-Combo,Andrin,1,ea1feac0-d3a7-45eb-9719-1cdaf51ea0b6,2025-04-05T22:00:00Z
Aggro-Combo,Rakdos Aggro-Combo,Andrin,1,bce84a87-093a-42de-9696-8c3250e0f33b,2025-04-05T22:00:00Z
Aggro-Combo,Rakdos Aggro-Combo,Andrin,1,5f1cdcba-a04a-4a2f-8bc1-0dd7fa03754d,2025-04-05T22:00:00Z
Aggro-Combo,Rakdos Aggro-Combo,Andrin,1,6989018c-37b1-4282-a4af-9cc97f160b4d,2025-04-05T22:00:00Z
Aggro-Combo,Rakdos Aggro-Combo,Andrin,1,207d5f12-fbc6-4c75-9d84-fd2f0023fbd0,2025-04-05T22:00:00Z
Aggro-Combo,Rakdos Aggro-Combo,Andrin,1,56995b84-2307-4955-9c7c-dc4f04acdc07,2025-04-05T22:00:00Z
Aggro-Combo,Rakdos Aggro-Combo,Andrin,1,310a1c46-8331-4a09-9fcb-d942f8102364,2025-04-05T22:00:00Z
Aggro-Combo,Rakdos Aggro-Combo,Andrin,1,33ab05b5-d6f5-439c-9aed-1a58ceb282ad,2025-04-05T22:00:00Z
Aggro-Combo,Rakdos Aggro-Combo,Andrin,1,df3784d4-80cd-4f78-afb3-d61f3bab5b2c,2025-04-05T22:00:00Z
Aggro-Combo,Rakdos Aggro-Combo,Andrin,1,3d8ca18d-9099-4f1e-95c1-f04da58a26bd,2025-04-05T22:00:00Z
Aggro-Combo,Rakdos Aggro-Combo,Andrin,1,24c0d87b-0049-4beb-b9cb-6f813b7aa7dc,2025-04-05T22:00:00Z
Aggro-Combo,Rakdos Aggro-Combo,Andrin,1,568dd5a6-86f4-4039-87d7-812120c8ab94,2025-04-05T22:00:00Z
Aggro-Combo,Rakdos Aggro-Combo,Andrin,1,cd062615-648f-4cc7-9373-520f3f6a90e3,2025-04-05T22:00:00Z
Aggro-Combo,Rakdos Aggro-Combo,Andrin,1,311a6257-dd77-4bb6-81cb-c8e7862350f3,2025-04-05T22:00:00Z
Aggro-Combo,Rakdos Aggro-Combo,Andrin,1,cb94a02f-4660-45b6-8a39-941b710cf8f3,2025-04-05T22:00:00Z
Aggro-Combo,Rakdos Aggro-Combo,Andrin,1,3ee3945e-5089-4751-b7b3-5961c39d2a33,2025-04-05T22:00:00Z
Aggro-Combo,Rakdos Aggro-Combo,Andrin,1,4ced112a-e775-4f97-97b3-74877e9dce12,2025-04-05T22:00:00Z
Aggro-Combo,Rakdos Aggro-Combo,Andrin,1,8a720448-017f-4f4a-9501-678245eaed17,2025-04-05T22:00:00Z
Aggro-Combo,Rakdos Aggro-Combo,Andrin,1,5ab21006-7f61-49e0-8b6a-0397c5d4c3bd,2025-04-05T22:00:00Z
Aggro-Combo,Rakdos Aggro-Combo,Andrin,1,c7bbb911-9de2-455d-9677-e1004db65dbd,2025-04-05T22:00:00Z
Aggro-Combo,Rakdos Aggro-Combo,Andrin,1,c8090bcf-e17a-4110-a518-77ccd045b18f,2025-04-05T22:00:00Z
Aggro-Combo,Rakdos Aggro-Combo,Andrin,1,377cee38-e769-47b0-abd5-0f528600f36a,2025-04-05T22:00:00Z
Aggro-Combo,Rakdos Aggro-Combo,Andrin,1,95c14c4d-6c16-4826-8d93-d89ad04aee09,2025-04-05T22:00:00Z
Aggro-Combo,Rakdos Aggro-Combo,Andrin,1,2e139ad1-1079-49e9-babd-6399c44ad333,2025-04-05T22:00:00Z
Aggro-Combo,Rakdos Aggro-Combo,Andrin,1,45fd6e91-df76-497f-b642-33dc3d5f6a5a,2025-04-05T22:00:00Z
Aggro-Combo,Rakdos Aggro-Combo,Andrin,1,5c70da33-ce5d-4b8b-9c1d-9a356a7e196f,2025-04-05T22:00:00Z
Aggro-Combo,Rakdos Aggro-Combo,Andrin,1,9814d8e8-c462-41ca-9909-1c659f488543,2025-04-05T22:00:00Z
Aggro-Combo,Greenbased Aggro-Combo,Joel K.,1,3003d481-1b52-4aa9-bbdc-e948fbc8d49d,2025-04-05T22:00:00Z
Aggro-Combo,Greenbased Aggro-Combo,Joel K.,1,0055ea30-20fb-4324-a632-8fed87628f05,2025-04-05T22:00:00Z
Aggro-Combo,Greenbased Aggro-Combo,Joel K.,1,a50d79fe-6d37-42f3-b7b0-0c3018282fa2,2025-04-05T22:00:00Z
Aggro-Combo,Greenbased Aggro-Combo,Joel K.,1,01c6f877-6b00-4d57-8a88-36cd3b16edbc,2025-04-05T22:00:00Z
Aggro-Combo,Greenbased Aggro-Combo,Joel K.,1,ee8e9928-d9b2-4570-adb8-44b34115decd,2025-04-05T22:00:00Z
Aggro-Combo,Greenbased Aggro-Combo,Joel K.,1,8683a978-1bef-4b01-9361-56b1fc157d26,2025-04-05T22:00:00Z
Aggro-Combo,Greenbased Aggro-Combo,Joel K.,1,1dd64b1d-bcef-476c-bf0b-3ac7df7cbed3,2025-04-05T22:00:00Z
Aggro-Combo,Greenbased Aggro-Combo,Joel K.,1,1f9fb33a-3b39-4aff-93b8-aedafe0ea694,2025-04-05T22:00:00Z
Aggro-Combo,Greenbased Aggro-Combo,Joel K.,1,6f11029a-b24d-4248-834f-b852b56857f6,2025-04-05T22:00:00Z
Aggro-Combo,Greenbased Aggro-Combo,Joel K.,1,729daf0e-b822-41bd-a908-ca8ec34032f0,2025-04-05T22:00:00Z
Aggro-Combo,Greenbased Aggro-Combo,Joel K.,1,19adde22-e5eb-4815-beb6-c520b3274cc9,2025-04-05T22:00:00Z
Aggro-Combo,Greenbased Aggro-Combo,Joel K.,1,2398892d-28e9-4009-81ec-0d544af79d2b,2025-04-05T22:00:00Z
Aggro-Combo,Greenbased Aggro-Combo,Joel K.,1,e41cf82d-3213-47ce-a015-6e51a8b07e4f,2025-04-05T22:00:00Z
Aggro-Combo,Greenbased Aggro-Combo,Joel K.,1,41e108a5-4e2f-42cf-9ea1-87bf3c0a2b7f,2025-04-05T22:00:00Z
Aggro-Combo,Greenbased Aggro-Combo,Joel K.,1,60d0e6a6-629a-45a7-bfcb-25ba7156788b,2025-04-05T22:00:00Z
Aggro-Combo,Greenbased Aggro-Combo,Joel K.,1,ce54c7c1-3401-4414-8da0-5846cb0ae1b4,2025-04-05T22:00:00Z
Aggro-Combo,Greenbased Aggro-Combo,Joel K.,1,b5aaaee0-9a61-45df-821e-cce516f8de6a,2025-04-05T22:00:00Z
Aggro-Combo,Greenbased Aggro-Combo,Joel K.,1,985453e7-997e-4d77-a338-cc0290791ebe,2025-04-05T22:00:00Z
Aggro-Combo,Greenbased Aggro-Combo,Joel K.,1,96c5607b-55fe-43c2-93fe-0084d84499d9,2025-04-05T22:00:00Z
Aggro-Combo,Greenbased Aggro-Combo,Joel K.,1,8c2996d9-3287-4480-8c04-7a378e37e3cf,2025-04-05T22:00:00Z
Aggro-Combo,Greenbased Aggro-Combo,Joel K.,1,487116ab-b885-406b-aa54-56cb67eb3ca5,2025-04-05T22:00:00Z
Aggro-Combo,Greenbased Aggro-Combo,Joel K.,1,6151b583-3aa7-4be8-9d05-d5e53f19c6c9,2025-04-05T22:00:00Z
Aggro-Combo,Greenbased Aggro-Combo,Joel K.,1,5de097e5-e960-4404-a370-defe93ce892f,2025-04-05T22:00:00Z
Aggro-Combo,Greenbased Aggro-Combo,Joel K.,1,6aa5cc65-f8f1-4f6f-8b4e-2fedccbda684,2025-04-05T22:00:00Z
Aggro-Combo,Greenbased Aggro-Combo,Joel K.,1,52eef0d6-24b7-40b7-8403-e8e863d0cd55,2025-04-05T22:00:00Z
Aggro-Combo,Greenbased Aggro-Combo,Joel K.,1,15c34f32-49d9-4a0d-83b2-28172f54fdd1,2025-04-05T22:00:00Z
Control,Esper Control,Valentin,1,2616aa0e-8413-4e63-877c-bffd5263f552,2025-04-05T22:00:00Z
Control,Esper Control,Valentin,1,073bfdca-d7b8-4f4b-93f3-6e7c44bc0b0a,2025-04-05T22:00:00Z
Control,Esper Control,Valentin,1,f9287151-95df-4f5a-b32a-4b0aea825452,2025-04-05T22:00:00Z
Control,Esper Control,Valentin,1,1e3e8085-cfcd-4e88-b441-4d1f8ac63904,2025-04-05T22:00:00Z
Control,Esper Control,Valentin,1,18bd50f2-c3ba-4217-a2d5-bb771e199706,2025-04-05T22:00:00Z
Control,Esper Control,Valentin,1,995486ce-58bb-4753-a812-0ca73ef1a235,2025-04-05T22:00:00Z
Control,Esper Control,Valentin,1,a1febcf1-afa4-4406-9ac1-5bf98b2765d2,2025-04-05T22:00:00Z
Control,Esper Control,Valentin,1,a249b1f4-2b22-4b67-a207-e0c4ae95d2e1,2025-04-05T22:00:00Z
Control,Esper Control,Valentin,1,69c68c95-b788-43b1-9f22-1b22c5a00b25,2025-04-05T22:00:00Z
Control,Esper Control,Valentin,1,69c1b656-1d67-499c-bf0f-417682a86c7d,2025-04-05T22:00:00Z
Control,Esper Control,Valentin,1,345a4aee-5846-4ae9-9af1-4c8fe8d692ec,2025-04-05T22:00:00Z
Control,Esper Control,Valentin,1,6fd672bb-18cf-44e3-8dda-5310b1e0fffe,2025-04-05T22:00:00Z
Control,Esper Control,Valentin,1,139b90cd-8272-457a-be32-1298145345be,2025-04-05T22:00:00Z
Control,Esper Control,Valentin,1,1571b584-9007-45ee-a3c3-6c72f227fee2,2025-04-05T22:00:00Z
Control,Esper Control,Valentin,1,b90331d4-74f0-43bf-8ed2-f8616d782859,2025-04-05T22:00:00Z
Control,Esper Control,Valentin,1,493a5ca7-5f90-4af4-b6db-43ae09a2f2c9,2025-04-05T22:00:00Z
Control,Esper Control,Valentin,1,a2c56479-4bee-4edb-80d7-4af010b7c793,2025-04-05T22:00:00Z
Control,Esper Control,Valentin,1,26c68473-70ca-40ba-b5c6-71ec30f88a2c,2025-04-05T22:00:00Z
Control,Esper Control,Valentin,1,9a9a1df5-a4e8-49a4-aebe-ca93894ccfcf,2025-04-05T22:00:00Z
Control,Esper Control,Valentin,1,54f449ff-4025-465e-9ec5-a5cf42c4c9d3,2025-04-05T22:00:00Z
Control,Esper Control,Valentin,1,0c3bc412-689f-4385-807b-ed60d6276d76,2025-04-05T22:00:00Z
Control,Esper Control,Valentin,1,672b9b16-daef-44e6-9a3a-cfd9f3c78bc7,2025-04-05T22:00:00Z
Control,Esper Control,Valentin,1,7b54447f-1daf-4352-b5c3-3c0ec8b8f4d0,2025-04-05T22:00:00Z
Control,Esper Control,Valentin,1,35f1a6ba-e46f-44fb-93f4-fb883d677b36,2025-04-05T22:00:00Z
Control,Esper Control,Valentin,1,0ce44270-a684-4489-9077-521456e6dfaa,2025-04-05T22:00:00Z
Control,Esper Control,Valentin,1,0596155d-8f83-40ca-be31-9a0df1ced65e,2025-04-05T22:00:00Z
Control,Esper Control,Valentin,1,1fdcc0c3-4029-4fc3-a486-5d7f45c910bd,2025-04-05T22:00:00Z
Control,Esper Control,Valentin,1,d67be074-cdd4-41d9-ac89-0a0456c4e4b2,2025-04-05T22:00:00Z
Control,Esper Control,Valentin,1,1785cb18-c291-4fd5-b8c7-ace893c32e49,2025-04-05T22:00:00Z
Control,Esper Control,Valentin,1,064dfdeb-485f-473e-9fa0-8fdb7638cdc6,2025-04-05T22:00:00Z
Combo,Reanimator-Flash,Manuel,1,4720b4f2-e6af-4223-9250-a0ed21ed5693,2025-04-05T22:00:00Z
Combo,Reanimator-Flash,Manuel,1,e4e6794a-feeb-4fc8-a2ee-38c75c18aaae,2025-04-05T22:00:00Z
Combo,Reanimator-Flash,Manuel,1,e2312c49-1627-47ad-8113-78a999a97d8d,2025-04-05T22:00:00Z
Combo,Reanimator-Flash,Manuel,1,e5145f31-a4ac-44ef-8f85-e4d95f2c9ff5,2025-04-05T22:00:00Z
Combo,Reanimator-Flash,Manuel,1,06c0c35d-a26e-473a-9206-8fbda7191700,2025-04-05T22:00:00Z
Combo,Reanimator-Flash,Manuel,1,43aa7e35-55ee-4e02-a8aa-ea2b267055d1,2025-04-05T22:00:00Z
Combo,Reanimator-Flash,Manuel,1,dcb94950-3f3e-4876-84f8-d5e4d9cfecee,2025-04-05T22:00:00Z
Combo,Reanimator-Flash,Manuel,1,329a8738-3e17-403a-857a-0ba529ce8cd1,2025-04-05T22:00:00Z
Combo,Reanimator-Flash,Manuel,1,0359f212-9564-41a9-870b-d2c57455a695,2025-04-05T22:00:00Z
Combo,Reanimator-Flash,Manuel,1,6efb6a69-562c-4d95-858d-b067444cfd7e,2025-04-05T22:00:00Z
Combo,Reanimator-Flash,Manuel,1,63af3c26-5b1f-46f6-9aa2-036c615bf5ea,2025-04-05T22:00:00Z
Combo,Reanimator-Flash,Manuel,1,0e9aeaa8-9a75-4719-992f-cbb316f72175,2025-04-05T22:00:00Z
Combo,Reanimator-Flash,Manuel,1,a6539e26-b63b-4725-9407-caaf451de084,2025-04-05T22:00:00Z
Combo,Reanimator-Flash,Manuel,1,6920c895-bc98-4871-a53f-219fa27a74e5,2025-04-05T22:00:00Z
Combo,Reanimator-Flash,Manuel,1,b841bfa8-7c17-4df2-8466-780ab9a4a53a,2025-04-05T22:00:00Z
Combo,Reanimator-Flash,Manuel,1,52d3005f-a1c7-4ef5-911f-ccc0752f4181,2025-04-05T22:00:00Z
Combo,Reanimator-Flash,Manuel,1,b50e1800-a45c-43bd-8886-8a06145d9346,2025-04-05T22:00:00Z
Combo,Reanimator-Flash,Manuel,1,f20015ad-8fda-498f-ac28-1ffb824ab480,2025-04-05T22:00:00Z
Combo,Reanimator-Flash,Manuel,1,7f7e780e-fbc5-4dc0-b5c7-efcb8645c7c6,2025-04-05T22:00:00Z
Combo,Reanimator-Flash,Manuel,1,4a1f905f-1d55-4d02-9d24-e58070793d3f,2025-04-05T22:00:00Z
Combo,Reanimator-Flash,Manuel,1,fa7b7897-36e0-415a-8bb7-602886164852,2025-04-05T22:00:00Z
Combo,Reanimator-Flash,Manuel,1,01978fe5-00a9-4add-ae2a-b4c2572ffb9a,2025-04-05T22:00:00Z
Combo,Reanimator-Flash,Manuel,1,3027e6c5-eed3-44e7-bb12-67569721af99,2025-04-05T22:00:00Z
Combo,Reanimator-Flash,Manuel,1,0e0d989d-7186-40dc-bdfe-cfbb77656bc8,2025-04-05T22:00:00Z
Combo,Reanimator-Flash,Manuel,1,24a5cc2c-0fbf-4a5f-b175-6e0ffd0d0787,2025-04-05T22:00:00Z
Combo,Reanimator-Flash,Manuel,1,2b5801fb-2026-4f25-98bc-ebb2f99684b9,2025-04-05T22:00:00Z
Combo,Reanimator-Flash,Manuel,1,113f48b9-a972-4e2c-af95-05ab078e01f2,2025-04-05T22:00:00Z
Combo,Reanimator-Flash,Manuel,1,90107d10-e2aa-4cb7-a000-039f0c581b47,2025-04-05T22:00:00Z
Combo,Reanimator-Flash,Manuel,1,564caf57-4ba5-4993-a35e-945699c94eb7,2025-04-05T22:00:00Z
Combo,Reanimator-Flash,Manuel,1,e9be371c-c688-44ad-ab71-bd4c9f242d58,2025-04-05T22:00:00Z
Combo,Reanimator-Flash,Manuel,1,f6ca59cd-8779-4a84-a54b-e863b79c61f0,2025-04-05T22:00:00Z
Combo,Reanimator-Flash,Manuel,1,02d6d693-f1f3-4317-bcc0-c21fa8490d38,2025-04-05T22:00:00Z
Combo,Reanimator-Flash,Manuel,1,400382a4-aea2-4827-b06a-1b0b3745908b,2025-04-05T22:00:00Z
Aggro,Rakdos Aggro,Matthias,1,bb41ff5c-9617-4033-a4fa-99323640b9c3,2025-04-05T22:00:00Z
Aggro,Rakdos Aggro,Matthias,1,e6befbc4-1320-4f26-bd9f-b1814fedda10,2025-04-05T22:00:00Z
Aggro,Rakdos Aggro,Matthias,1,b6cb2549-e485-44d6-9d65-7605c568909e,2025-04-05T22:00:00Z
Aggro,Rakdos Aggro,Matthias,1,29632951-3c3d-478c-8c5a-9a34f30a5c28,2025-04-05T22:00:00Z
Aggro,Rakdos Aggro,Matthias,1,55d35442-5ca0-4fd7-8ff1-b7347b3e6690,2025-04-05T22:00:00Z
Aggro,Rakdos Aggro,Matthias,1,2487d124-210b-4808-888c-cd0a78aebd90,2025-04-05T22:00:00Z
Aggro,Rakdos Aggro,Matthias,1,9721f8da-39ed-4ada-a571-61e08a86032b,2025-04-05T22:00:00Z
Aggro,Rakdos Aggro,Matthias,1,7c884e1e-fecb-4330-b3de-5fc2a60f7173,2025-04-05T22:00:00Z
Aggro,Rakdos Aggro,Matthias,1,aaae15dd-11b6-4421-99e9-365c7fe4a5d6,2025-04-05T22:00:00Z
Aggro,Rakdos Aggro,Matthias,1,4c6cf93a-d073-48ac-88db-c46bf3e10beb,2025-04-05T22:00:00Z
Aggro,Rakdos Aggro,Matthias,1,a3bb2881-e8fb-4fba-a9f9-d93e6ca24378,2025-04-05T22:00:00Z
Aggro,Rakdos Aggro,Matthias,1,a9225cc3-90f0-448f-a8d9-7c6c2796d077,2025-04-05T22:00:00Z
Aggro,Rakdos Aggro,Matthias,1,62d37423-3445-412a-9abd-0480da404637,2025-04-05T22:00:00Z
Aggro,Rakdos Aggro,Matthias,1,c1e0f201-42cb-46a1-901a-65bb4fc18f6c,2025-04-05T22:00:00Z
Aggro,Rakdos Aggro,Matthias,1,6a058e68-70af-4a64-859c-c881e5578368,2025-04-05T22:00:00Z
Aggro,Rakdos Aggro,Matthias,1,0ecbe097-ba51-42e5-957c-382eb66c08f0,2025-04-05T22:00:00Z
Aggro,Rakdos Aggro,Matthias,1,47c8e6c4-450b-4f8b-b897-5808fe935a90,2025-04-05T22:00:00Z
Aggro,Rakdos Aggro,Matthias,1,cea3b218-0e6e-443a-84f7-380f1021e8e1,2025-04-05T22:00:00Z
Aggro,Rakdos Aggro,Matthias,1,f1e5cafb-b0e6-4ee5-8c58-6f8e5ef2b9da,2025-04-05T22:00:00Z
Aggro,Rakdos Aggro,Matthias,1,09fd2d9c-1793-4beb-a3fb-7a869f660cd4,2025-04-05T22:00:00Z
Aggro,Rakdos Aggro,Matthias,1,aced2c55-7543-4076-bcdd-36c4d649b8ae,2025-04-05T22:00:00Z
Aggro,Rakdos Aggro,Matthias,1,d5806e68-1054-458e-866d-1f2470f682b2,2025-04-05T22:00:00Z
Aggro,Rakdos Aggro,Matthias,1,18a3cca1-e50e-49b6-9e1a-f86640e3b177,2025-04-05T22:00:00Z
Aggro,Rakdos Aggro,Matthias,1,0fb4c734-c698-46f2-bc78-5f036f472e5b,2025-04-05T22:00:00Z
Aggro,Rakdos Aggro,Matthias,1,5a077de0-1893-40d0-a499-ee2e6e2258f1,2025-04-05T22:00:00Z
Control-Aggro (Midrange),Mardu Midrange,Guy,1,55707746-da6e-46e5-a5ca-7ac843fdc38e,2025-04-05T22:00:00Z
Control-Aggro (Midrange),Mardu Midrange,Guy,1,ab1d1461-1625-4163-aacd-a939f4871fad,2025-04-05T22:00:00Z
Control-Aggro (Midrange),Mardu Midrange,Guy,1,45026d57-0324-4312-8b86-2e7d4f581ee9,2025-04-05T22:00:00Z
Control-Aggro (Midrange),Mardu Midrange,Guy,1,fa6ac7d2-0127-49a8-b7d2-a38308d3c27b,2025-04-05T22:00:00Z
Control-Aggro (Midrange),Mardu Midrange,Guy,1,17f28b16-da65-41a8-ba4f-f1c5e104aad6,2025-04-05T22:00:00Z
Control-Aggro (Midrange),Mardu Midrange,Guy,1,f44e5128-e146-4e46-b313-a40d82719d1d,2025-04-05T22:00:00Z
Control-Aggro (Midrange),Mardu Midrange,Guy,1,75fdce80-e338-4a50-bdc6-786511feaeef,2025-04-05T22:00:00Z
Control-Aggro (Midrange),Mardu Midrange,Guy,1,fa7a55aa-ae61-4933-b7a4-dcc55dac6fcd,2025-04-05T22:00:00Z
Control-Aggro (Midrange),Mardu Midrange,Guy,1,1c0f2873-5849-4cab-855a-2fbbc41dbb6c,2025-04-05T22:00:00Z
Control-Aggro (Midrange),Mardu Midrange,Guy,1,b3da28c7-6e92-439d-a163-91682d4f11dc,2025-04-05T22:00:00Z
Control-Aggro (Midrange),Mardu Midrange,Guy,1,612b2e6e-fe8d-49ad-b845-6fa7fa59ffd1,2025-04-05T22:00:00Z
Control-Aggro (Midrange),Mardu Midrange,Guy,1,2bf2da97-3331-4614-b4ff-f03d061500a7,2025-04-05T22:00:00Z
Control-Aggro (Midrange),Mardu Midrange,Guy,1,69af2825-18c2-4463-b6ba-42eaa070ccc1,2025-04-05T22:00:00Z
Control-Aggro (Midrange),Mardu Midrange,Guy,1,a93e3406-4e29-4bc0-ae52-cbd2ac1f99a4,2025-04-05T22:00:00Z
Control-Aggro (Midrange),Mardu Midrange,Guy,1,0a26d900-c652-4f9c-8681-a35c5f8b1937,2025-04-05T22:00:00Z
Control-Aggro (Midrange),Mardu Midrange,Guy,1,1716b4dd-9045-462b-b053-72de450a8cde,2025-04-05T22:00:00Z
Control-Aggro (Midrange),Mardu Midrange,Guy,1,5ad67b3c-cd5a-497b-8639-9b844e8d517a,2025-04-05T22:00:00Z
Control-Aggro (Midrange),Mardu Midrange,Guy,1,78cef262-c753-4658-b3ec-fec8db47f944,2025-04-05T22:00:00Z
Control-Aggro (Midrange),Mardu Midrange,Guy,1,26d40e03-6de4-4373-9fbf-04c1dd79e995,2025-04-05T22:00:00Z
Control-Aggro (Midrange),Mardu Midrange,Guy,1,68841ca8-a043-4f30-9a17-e983ed960bc2,2025-04-05T22:00:00Z
Control-Aggro (Midrange),Mardu Midrange,Guy,1,89af0f45-c11c-4f13-9950-b1489440ee5b,2025-04-05T22:00:00Z
Control-Aggro (Midrange),Mardu Midrange,Guy,1,bd3d4b4b-cf31-4f89-8140-9650edb03c7b,2025-04-05T22:00:00Z
Control-Aggro (Midrange),Mardu Midrange,Guy,1,05bdd22c-3e11-4c29-bdfa-d3dfc0e90a9f,2025-04-05T22:00:00Z
Control-Aggro (Midrange),Mardu Midrange,Guy,1,09521f23-52d6-482d-9f3b-c4d12fcc08cc,2025-04-05T22:00:00Z
Control-Aggro (Midrange),Mardu Midrange,Guy,1,819a513c-3be6-4bdc-8ba6-1f7326a8f3ea,2025-04-05T22:00:00Z
Control-Aggro (Midrange),Mardu Midrange,Guy,1,be77b98a-dd79-477c-8ab2-7ebf5637a89e,2025-04-05T22:00:00Z
Control-Aggro (Midrange),Mardu Midrange,Guy,1,825969b9-3c70-4fca-8cab-696e9ca7cdb2,2025-04-05T22:00:00Z
Control-Aggro (Midrange),Mardu Midrange,Guy,1,bdb41396-5008-4a5f-92ca-54ecac42e926,2025-04-05T22:00:00Z
Control-Aggro (Midrange),Mardu Midrange,Guy,1,ebeafbc2-0399-4335-8f63-76a3e085e8c6,2025-04-05T22:00:00Z
Control-Aggro (Midrange),Mardu Midrange,Guy,1,66d80dd1-b944-4cb2-8578-b4dbcabbbc1e,2025-04-05T22:00:00Z
Control-Aggro (Midrange),Mardu Midrange,Guy,1,76c3cad2-1e25-4abe-878d-9194de6fcc27,2025-04-05T22:00:00Z
Control-Aggro (Midrange),Mardu Midrange,Guy,1,01006833-6007-4c16-9ebb-20d31c60a57a,2025-04-05T22:00:00Z
Combo-Control,Draw 7,Lukas Stalder,1,15db4353-9c46-4fe4-b22e-0cf024aa9dfc,2025-04-05T22:00:00Z
Combo-Control,Draw 7,Lukas Stalder,1,24da9431-7e52-44f5-bc18-2f2d8a4ca81e,2025-04-05T22:00:00Z
Combo-Control,Draw 7,Lukas Stalder,1,9503a1e6-f0bf-44d0-a28b-56fbfcff1ff2,2025-04-05T22:00:00Z
Combo-Control,Draw 7,Lukas Stalder,1,5cb76266-ae50-4bbc-8f96-d98f309b02d3,2025-04-05T22:00:00Z
Combo-Control,Draw 7,Lukas Stalder,1,2b73d294-6ab1-4051-9b0f-d8e335d37674,2025-04-05T22:00:00Z
Combo-Control,Draw 7,Lukas Stalder,1,071daca8-ccc6-4707-843e-adac40dd1588,2025-04-05T22:00:00Z
Combo-Control,Draw 7,Lukas Stalder,1,18092f68-b96e-4084-9eba-b240d2195d81,2025-04-05T22:00:00Z
Combo-Control,Draw 7,Lukas Stalder,1,8e42df9e-95f2-4c79-9274-2d16e3cd91f1,2025-04-05T22:00:00Z
Combo-Control,Draw 7,Lukas Stalder,1,fa87bf1e-2062-4983-b1c4-98bffea69a4c,2025-04-05T22:00:00Z
Combo-Control,Draw 7,Lukas Stalder,1,f5881bbc-8600-464d-9dcd-5a7780918d1d,2025-04-05T22:00:00Z
Combo-Control,Draw 7,Lukas Stalder,1,10158a5e-5a03-41ab-85d2-0907ccf32c9b,2025-04-05T22:00:00Z
Combo-Control,Draw 7,Lukas Stalder,1,054f2276-2dd5-43da-bb26-c57c560861fe,2025-04-05T22:00:00Z
Combo-Control,Draw 7,Lukas Stalder,1,e58e681e-a069-4414-aafe-634c7987fd0d,2025-04-05T22:00:00Z
Combo-Control,Draw 7,Lukas Stalder,1,4df8aabc-7fcb-4b7b-980b-18f499e6c170,2025-04-05T22:00:00Z
Combo-Control,Draw 7,Lukas Stalder,1,17260fff-b239-4af4-9306-3236ae3fa5a5,2025-04-05T22:00:00Z
Combo-Control,Draw 7,Lukas Stalder,1,1ac01fff-4de6-4783-9489-4127e25bc641,2025-04-05T22:00:00Z
Combo-Control,Draw 7,Lukas Stalder,1,31b770cc-09e7-4c0b-b2a4-462ab4f7200d,2025-04-05T22:00:00Z
Combo-Control,Draw 7,Lukas Stalder,1,652236c2-84ef-45e4-b5fc-ed6170bc3d6c,2025-04-05T22:00:00Z
Combo-Control,Draw 7,Lukas Stalder,1,fe30c0ff-f74b-456a-a61e-3720d84d713f,2025-04-05T22:00:00Z
Combo-Control,Draw 7,Lukas Stalder,1,6982a82c-dd32-40d2-8dd2-ec92d0fc6c2d,2025-04-05T22:00:00Z
Combo-Control,Draw 7,Lukas Stalder,1,3f3c77ad-fce8-4506-90e1-7ef71552a71c,2025-04-05T22:00:00Z
Combo-Control,Draw 7,Lukas Stalder,1,07313dd3-d0dc-40ca-98a3-fa4d39e5bcae,2025-04-05T22:00:00Z
Combo-Control,Draw 7,Lukas Stalder,1,af7091c9-5f98-4078-a42b-c9e057346d9b,2025-04-05T22:00:00Z
Combo-Control,Draw 7,Lukas Stalder,1,98e7bf8f-dba7-4005-8cee-634c9153931d,2025-04-05T22:00:00Z
Combo-Control,Draw 7,Lukas Stalder,1,5bb3cb5c-8d66-4f5e-a9a9-917e6045f024,2025-04-05T22:00:00Z
Combo-Control,Draw 7,Lukas Stalder,1,47a6234f-309f-4e03-9263-66da48b57153,2025-04-05T22:00:00Z
Combo-Control,Draw 7,Lukas Stalder,1,02138fbb-3962-4348-8d31-faaefba0b8b2,2025-04-05T22:00:00Z
Combo-Control,Draw 7,Lukas Stalder,1,a8069994-b103-40dc-9e14-062004914ec8,2025-04-05T22:00:00Z
Combo-Control,Draw 7,Lukas Stalder,1,16c8d2fa-54a7-46e8-980c-905258497c90,2025-04-05T22:00:00Z
Combo-Control,Draw 7,Lukas Stalder,1,5b8ba842-c662-4686-bca3-93ddb7fa11a6,2025-04-05T22:00:00Z
Combo-Control,Draw 7,Lukas Stalder,1,0f7585c8-9e21-4eef-afc1-2852de23db2f,2025-04-05T22:00:00Z
Combo-Control,Birthing Pod Combo-Control,Sili,1,f252ae53-443c-4a27-b8f0-639a9a2b8598,2025-04-05T22:00:00Z
Combo-Control,Birthing Pod Combo-Control,Sili,1,4e4fb50c-a81f-44d3-93c5-fa9a0b37f617,2025-04-05T22:00:00Z
Combo-Control,Birthing Pod Combo-Control,Sili,1,8db735ea-f9cf-4e3c-9200-4f180df55baa,2025-04-05T22:00:00Z
Combo-Control,Birthing Pod Combo-Control,Sili,1,c4fffacd-81c7-44b8-9b59-2c7210022c14,2025-04-05T22:00:00Z
Combo-Control,Birthing Pod Combo-Control,Sili,1,80c72839-0fa6-4b5f-83b7-6553ebf09bef,2025-04-05T22:00:00Z
Combo-Control,Birthing Pod Combo-Control,Sili,1,b3dd3c7d-4685-4579-b483-14ddaaaddf5b,2025-04-05T22:00:00Z
Combo-Control,Birthing Pod Combo-Control,Sili,1,c2089ec9-0665-448f-bfe9-d181de127814,2025-04-05T22:00:00Z
Combo-Control,Birthing Pod Combo-Control,Sili,1,63c59228-c742-4abd-b4d7-9f7880190e95,2025-04-05T22:00:00Z
Combo-Control,Birthing Pod Combo-Control,Sili,1,bd8fa327-dd41-4737-8f19-2cf5eb1f7cdd,2025-04-05T22:00:00Z
Combo-Control,Birthing Pod Combo-Control,Sili,1,327cf118-cc92-4073-85d0-94d2a0a6989a,2025-04-05T22:00:00Z
Combo-Control,Birthing Pod Combo-Control,Sili,1,2605df98-0b02-4aab-bc36-01e93c693743,2025-04-05T22:00:00Z
Combo-Control,Birthing Pod Combo-Control,Sili,1,2b9b0195-beda-403e-bc27-7ae3be9f318c,2025-04-05T22:00:00Z
Combo-Control,Birthing Pod Combo-Control,Sili,1,f9246b68-580f-4f53-883d-7900880e4b0d,2025-04-05T22:00:00Z
Combo-Control,Birthing Pod Combo-Control,Sili,1,d51269cf-a333-4a64-94cd-245798d840d2,2025-04-05T22:00:00Z
Combo-Control,Birthing Pod Combo-Control,Sili,1,4a706ecf-3277-40e3-871c-4ba4ead16e20,2025-04-05T22:00:00Z
Combo-Control,Birthing Pod Combo-Control,Sili,1,1163fe84-c5d5-42c8-b7cd-d206a9b0bd3f,2025-04-05T22:00:00Z
Combo-Control,Birthing Pod Combo-Control,Sili,1,b768efa2-e56b-4a7e-ace8-d673f10e0714,2025-04-05T22:00:00Z
Combo-Control,Birthing Pod Combo-Control,Sili,1,162018eb-5483-4fa2-9c5a-abb639eecf91,2025-04-05T22:00:00Z
Combo-Control,Birthing Pod Combo-Control,Sili,1,1132218d-56cd-441e-9006-df3c50344491,2025-04-05T22:00:00Z
Combo-Control,Birthing Pod Combo-Control,Sili,1,fc310a26-b6a0-4e42-98ab-bdfd7b06cb63,2025-04-05T22:00:00Z
Combo-Control,Birthing Pod Combo-Control,Sili,1,3c3ac3dd-35db-447f-8674-37b4680a1ef7,2025-04-05T22:00:00Z
Combo-Control,Birthing Pod Combo-Control,Sili,1,01794178-cf41-454c-ac37-1d8b18e42db2,2025-04-05T22:00:00Z
Combo-Control,Birthing Pod Combo-Control,Sili,1,02c532e8-21f1-4d6f-a931-1ea48a6aeea2,2025-04-05T22:00:00Z
Combo-Control,Birthing Pod Combo-Control,Sili,1,229a0d4a-3777-451d-a2fb-f1a2fdf8019f,2025-04-05T22:00:00Z
Combo-Control,Birthing Pod Combo-Control,Sili,1,4820d223-4ea1-4850-931c-3d2ab5eb003b,2025-04-05T22:00:00Z
Combo-Control,Birthing Pod Combo-Control,Sili,1,1a55c370-d396-4c73-8ee2-83dc4c124005,2025-04-05T22:00:00Z
Combo-Control,Birthing Pod Combo-Control,Sili,1,4acf970d-d2d7-413d-aba7-587ee53d8d5c,2025-04-05T22:00:00Z
Combo-Control,Birthing Pod Combo-Control,Sili,1,4216656e-90e8-45fc-a0f6-0d0d79d0a021,2025-04-05T22:00:00Z
Combo-Control,Birthing Pod Combo-Control,Sili,1,89f5cc05-5d9d-4709-b3c5-a6249c294acc,2025-04-05T22:00:00Z
Combo-Control,Birthing Pod Combo-Control,Sili,1,54a3ea87-005e-4985-b2a5-21711d0b71c0,2025-04-05T22:00:00Z
Combo-Control,Birthing Pod Combo-Control,Sili,1,19477aca-b8db-4061-9a78-ebb189a9df22,2025-04-05T22:00:00Z
