draws,player1,player1Wins,player2,player2Wins,round,tournamentDate
0,Tommy,0,Lukas Stalder,2,1,2025-01-11T23:00:00Z
0,Noe T.,0,Sili,2,1,2025-01-11T23:00:00Z
0,Ivo,1,Andrin,2,1,2025-01-11T23:00:00Z
0,Dimlas,2,Matthias,0,1,2025-01-11T23:00:00Z
0,Guy,2,Yannik,0,1,2025-01-11T23:00:00Z
0,Valentin,0,Manuel,2,1,2025-01-11T23:00:00Z
0,Tommy,1,Yannik,2,2,2025-01-11T23:00:00Z
0,Dimlas,2,Sili,0,2,2025-01-11T23:00:00Z
0,Ivo,1,Valentin,2,2,2025-01-11T23:00:00Z
0,Matthias,1,Noe T.,2,2,2025-01-11T23:00:00Z
0,Lukas Stalder,0,Andrin,1,2,2025-01-11T23:00:00Z
0,Manuel,1,Guy,2,2,2025-01-11T23:00:00Z
0,Sili,0,Manuel,2,3,2025-01-11T23:00:00Z
0,Valentin,2,Lukas Stalder,0,3,2025-01-11T23:00:00Z
0,Guy,0,Dimlas,2,3,2025-01-11T23:00:00Z
0,Tommy,2,Matthias,1,3,2025-01-11T23:00:00Z
0,Andrin,2,Yannik,0,3,2025-01-11T23:00:00Z
1,Noe T.,1,Ivo,1,3,2025-01-11T23:00:00Z
0,Dimlas,2,Andrin,0,4,2025-01-11T23:00:00Z
0,Guy,2,Valentin,0,4,2025-01-11T23:00:00Z
0,Lukas Stalder,2,Yannik,0,4,2025-01-11T23:00:00Z
0,Tommy,2,Sili,1,4,2025-01-11T23:00:00Z
0,Manuel,1,Noe T.,2,4,2025-01-11T23:00:00Z
0,Ivo,2,Matthias,0,4,2025-01-11T23:00:00Z
