draws,player1,player1Wins,player2,player2Wins,round,tournamentDate
0,Yannik,0,Ivo,2,1,2025-03-22T23:00:00Z
0,Manuel,0,Tommy,2,1,2025-03-22T23:00:00Z
0,Andrin,1,Sili,2,1,2025-03-22T23:00:00Z
0,Guy,2,Lukas Stalder,0,1,2025-03-22T23:00:00Z
0,Dimlas,1,Tinu,2,1,2025-03-22T23:00:00Z
0,Guy,2,Ivo,1,2,2025-03-22T23:00:00Z
1,Lukas Stalder,1,Andrin,1,2,2025-03-22T23:00:00Z
0,Tommy,2,Sili,1,2,2025-03-22T23:00:00Z
0,Tinu,1,Manuel,2,2,2025-03-22T23:00:00Z
0,Yannik,0,Dimlas,2,2,2025-03-22T23:00:00Z
0,Tommy,2,Guy,0,3,2025-03-22T23:00:00Z
0,Ivo,2,Tinu,0,3,2025-03-22T23:00:00Z
0,Manuel,1,Dimlas,2,3,2025-03-22T23:00:00Z
0,Lukas Stalder,0,Sili,2,3,2025-03-22T23:00:00Z
0,Andrin,2,Yannik,0,3,2025-03-22T23:00:00Z
0,Yannik,0,Tinu,2,4,2025-03-22T23:00:00Z
0,Manuel,2,Lukas Stalder,0,4,2025-03-22T23:00:00Z
1,Sili,1,Guy,1,4,2025-03-22T23:00:00Z
0,Dimlas,2,Andrin,0,4,2025-03-22T23:00:00Z
0,Tommy,2,Ivo,1,4,2025-03-22T23:00:00Z
