"card_id","card_name","bayes_coef","bayes_se","bayes_n_games","bayes_or","bayes_or_lower","bayes_or_upper","bayes_significant","bayes_only","bayes_shrinkage_ratio"
"0020c31b-002a-4121-bc61-2c2c16e9afc8","Ornery Tumblewagg",-0.00024871007632744,0.0384779013995376,37,0.99975132084946,0.927126374098538,1.07806522547918,FALSE,TRUE,154.709861247758
"00cb17a0-5a13-4d02-b7fb-f99531bc8ca5","Dark Depths",0.000304134621096064,0.0379898207657361,70,1.00030418087472,0.928526912135802,1.07762999779278,FALSE,TRUE,124.911200930777
"00f9955f-a522-47bf-b064-92dd21a76b18","Solemn Simulacrum",-0.0083673909729828,0.0389608149653968,37,0.991667518208753,0.918759775689756,1.07036081976055,FALSE,TRUE,4.65626801606332
"01978fe5-00a9-4add-ae2a-b4c2572ffb9a","Vendilion Clique",0.00132264868846691,0.0353461461481232,46,1.00132352377401,0.934301770893867,1.07315305450395,FALSE,TRUE,26.7237600251153
"02551196-ecea-472f-9547-3c9658d0489e","Ravenous Chupacabra",0.000307177372944482,0.0372731654121864,27,1.00030722455674,0.929834908035054,1.07612064771255,FALSE,TRUE,121.340856114825
"026e7167-d665-43d0-a51e-8df2d68cdb5e","Cecil, Dark Knight // Cecil, Redeemed Paladin",-0.00679046288935021,0.0402669996711821,19,0.993232540207101,0.917856900569656,1.07479812845988,FALSE,TRUE,5.9299344282309
"02902fcc-eefc-4e81-aafd-59fa203a71d7","Eternal Witness",-0.00193313930979491,0.0378364189032694,21,0.99806872800055,0.926730461156768,1.07489850346478,FALSE,TRUE,19.5725257417085
"02e8e540-8aa3-4e6a-9a11-c3949cab5f0f","Tezzeret, Cruel Captain",0.00189391072332773,0.0380201087352218,10,1.00189570530499,0.929949028503405,1.07940862729221,FALSE,TRUE,20.0749213080213
"0463e989-ba32-4a46-a82f-e0d6daf3cd51","Sulfuric Vortex",-0.00882726226601017,0.0390343561146055,39,0.991211583628549,0.91820500137224,1.07002292739757,FALSE,TRUE,4.42202292605595
"05690d52-06c4-40b1-8360-380418a83250","The Aetherspark",-0.000475296809711147,0.0380882363696581,18,0.999524816125924,0.927624520044721,1.07699811342136,FALSE,TRUE,80.1356869885273
"05812009-d1b8-4775-8188-f05cfdb4feed","Worn Powerstone",-0.00377963751850242,0.0378531514257225,9,0.996227496320778,0.924990497668842,1.07295072427964,FALSE,TRUE,10.0150216099878
"059164e1-894d-4586-9800-e60d6fbd6eb6","Shifting Woodland",-0.00114702377508867,0.0366671932340146,48,0.998853633805238,0.92958714406553,1.07328138963118,FALSE,TRUE,31.967247785409
"0596155d-8f83-40ca-be31-9a0df1ced65e","Wall of Omens",-0.00976349544317531,0.0382928173951787,37,0.990284012737441,0.91868000394683,1.06746900081666,FALSE,TRUE,3.92203976721732
"05bd329b-5707-42fc-af1c-084cc604e805","Imperial Recruiter",0.00172219309831324,0.0383923651134707,46,1.00172367692454,0.929111205766872,1.0800110026474,FALSE,TRUE,22.2927180181323
"05e8a4ea-8c0d-4284-ac23-80e19fdde11d","Myr Battlesphere",-0.00968980180476198,0.0396885832544436,61,0.990356993058461,0.916237723063239,1.07047215914739,FALSE,TRUE,4.09591280132675
"0645f487-efe5-4764-b361-85e07bb5ccca","Ulamog, the Infinite Gyre",0.00130469445606503,0.0382318552721619,20,1.00130554594015,0.929015605743345,1.07922061818139,FALSE,TRUE,29.3033016998243
"07246783-d475-4f61-99ac-e2b574072349","Voice of Resurgence",-0.00176506543113127,0.0374338681581447,59,0.998236491380764,0.927617834746748,1.07423127865607,FALSE,TRUE,21.2082042387248
"0783b426-a527-42c1-9271-be28b229e1c6","Torsten, Founder of Benalia",-0.000217859241694527,0.0383276417996627,29,0.999782164487907,0.927428072689092,1.07778102244616,FALSE,TRUE,175.928464184247
"07d8ae46-14ec-4878-ba8a-a47d4508c6d7","Zealous Persecution",0.00555972320828457,0.039180573082379,18,1.00557520715154,0.931243769264739,1.08583974530776,FALSE,TRUE,7.04721649164042
"0a786855-6eb4-42c0-a528-4842db46809d","Stock Up",0.00185073285069656,0.0382319842063962,38,1.00185244651375,0.929522787554434,1.0798103478736,FALSE,TRUE,20.6577541388574
"0aa3a844-97e6-4f5d-a36f-56fea4e06932","Manglehorn",-0.00133401002814459,0.037656474825725,16,0.998666879367701,0.927612961365761,1.07516343290159,FALSE,TRUE,28.2280297983213
"0c0e7131-db26-448d-afda-f48337a026f0","Pyroclasm",-0.000986736561540265,0.0387139322064919,20,0.999013750102898,0.926013890705801,1.0777683606171,FALSE,TRUE,39.2343141172965
"0d60eabe-b281-4eba-9c26-287364ed2067","Earthshaker Khenra",-0.00127647356573703,0.0381331515647993,66,0.998724340780111,0.926800033171259,1.07623033358519,FALSE,TRUE,29.8738278554022
"0e0d989d-7186-40dc-bdfe-cfbb77656bc8","Emrakul, the Aeons Torn",0.00291728195560217,0.0391164358494339,61,1.00292154136356,0.928903024762835,1.08283813413987,FALSE,TRUE,13.4085208234045
"0eee981e-5d26-4810-90e1-432f3c3107f2","Reclamation Sage",0.00241145923807115,0.0366909428550585,53,1.00241436914447,0.93285753186717,1.07715758638521,FALSE,TRUE,15.2152448923028
"0f3c8470-1cc8-4383-8782-c022867d46e8","Tezzeret, Agent of Bolas",-0.00181367363742486,0.0413425304485143,9,0.998187970074737,0.92049378203659,1.08243992848864,FALSE,TRUE,22.7949117169804
"0fb4c734-c698-46f2-bc78-5f036f472e5b","Unholy Annex // Ritual Chamber",-0.00662587402318368,0.0388042992244954,28,0.993396028678556,0.920643588768287,1.07189761796375,FALSE,TRUE,5.85648007926511
"0fe070f4-8877-4280-b8fd-869f3ac34ab6","Sheltering Landscape",-0.000525705166750651,0.0392152945444514,45,0.999474432991999,0.92553097190808,1.0793254602223,FALSE,TRUE,74.5956041992864
"107492bd-b32f-4692-917c-7771986b5bf7","Thespian's Stage",0.00554223683574055,0.0365521456023582,71,1.00555762344259,0.936037285328851,1.080241300119,FALSE,TRUE,6.59519733379892
"1103da9c-300c-406b-997d-9e5bb7cd02d6","Lightning, Army of One",-0.00040276869384743,0.0381402057891565,11,0.999597312406574,0.927597311411107,1.07718594553753,FALSE,TRUE,94.6950603951462
"113f48b9-a972-4e2c-af95-05ab078e01f2","Tranquil Landscape",-0.00299812183283086,0.0377815590926549,37,0.997006368046242,0.925843580959656,1.07363891521982,FALSE,TRUE,12.6017424238498
"117bb5db-4a1c-4704-b0b5-c67b45ac2f52","Yuffie, Materia Hunter",-0.000788157331093278,0.0388850575063935,19,0.999212153183313,0.925887196266037,1.07834402624394,FALSE,TRUE,49.3366691805744
"120be808-ff3b-4fca-96a1-4db6b9825856","Quantum Riddler",-0.000240848819808549,0.0381728288291136,17,0.99975918018194,0.92768820065692,1.07742926734465,FALSE,TRUE,158.492903803544
"15c34f32-49d9-4a0d-83b2-28172f54fdd1","Crop Rotation",-0.00235804398830108,0.0370911714479305,65,0.997644734013445,0.927690847632165,1.07287359560046,FALSE,TRUE,15.7296350839722
"15db4353-9c46-4fe4-b22e-0cf024aa9dfc","Grim Lavamancer",0.0019643970482295,0.0376389006552146,66,1.00196632774012,0.930709716144071,1.07867845850404,FALSE,TRUE,19.1605361498269
"162018eb-5483-4fa2-9c5a-abb639eecf91","Kiki-Jiki, Mirror Breaker",-0.00543614559508177,0.0388836360924593,47,0.994578603506194,0.921596236842281,1.07334053570101,FALSE,TRUE,7.15279519511736
"162e81d3-6cd4-4cb8-8ed8-cfbd8d34ca71","Mind Stone",0.00299747308265214,0.0390077685913874,60,1.0030019699971,0.929175399504227,1.08269434635789,FALSE,TRUE,13.0135509196545
"16448d95-ee21-4def-b880-26f6f159c213","Metamorphosis Fanatic",0.000630345008848766,0.0381748196408322,35,1.00063054371801,0.928493126063432,1.07837253385654,FALSE,TRUE,60.5617861725485
"1658f12b-8ac5-4d29-86d5-f20c4d5f7e48","Vindicate",0.00212994467089385,0.0385557546573814,19,1.00213221461438,0.92919251404958,1.08079753160208,FALSE,TRUE,18.1017634797063
"16e040c3-bf42-4a5b-aeb3-5dc9921151e5","Death's Shadow",-0.00378369877688866,0.0385145387681956,17,0.996223450391719,0.923788439845212,1.07433814962729,FALSE,TRUE,10.1790710728474
"1834ac92-8b4e-4442-a834-acd580e1ef99","Jack-in-the-Mox",0.000747943542760023,0.037557656972215,43,1.00074822332228,0.929726274992578,1.07719555036852,FALSE,TRUE,50.2145614274864
"187b6719-e5ed-4615-a00b-3313ceca055b","Currency Converter",-0.00755918195070963,0.0397551529532516,62,0.992469316810852,0.918072163715749,1.07289533844964,FALSE,TRUE,5.25918719941905
"187e887c-c39d-4d25-a506-cdc95fc70316","Gideon, Ally of Zendikar",-7.74871040124606e-05,0.036532533512274,72,0.999922515898036,0.930827547215753,1.07414637737199,FALSE,TRUE,471.465981054076
"18adbda4-8d36-47cd-afbc-c785aaa8ed80","Blightsteel Colossus",-0.0158379989799964,0.0414862782114753,72,0.984286762599526,0.907418880901774,1.0676661588371,FALSE,TRUE,2.61941412320287
"19018f23-b63b-45af-8419-8959f41472d4","Pre-War Formalwear",0.000601204224210226,0.0382063386020176,10,1.00060138498369,0.928408713210537,1.07840772860588,FALSE,TRUE,63.5496842228738
"19557351-b65f-4b04-b971-66abdc07000a","Stoneforge Mystic",0.00372028218863695,0.0360980930479101,65,1.00372721102817,0.935165294099199,1.0773157649406,FALSE,TRUE,9.70305240773571
"19d6834d-afa3-4747-a62d-0654f4d9729f","Malcolm, Alluring Scoundrel",-0.000912876923209975,0.0394384116711904,26,0.999087539622167,0.924768203393562,1.07937957659588,FALSE,TRUE,43.202331736585
"1a55c370-d396-4c73-8ee2-83dc4c124005","The Goose Mother",-0.00644449694014398,0.0385912274460297,53,0.993576224293724,0.921195217419522,1.07164441891821,FALSE,TRUE,5.9882451344864
"1a6f256b-943e-4cfb-9fc9-d1ded68b5f97","Chart a Course",-0.00151084497397002,0.0364899291771228,65,0.998490295777726,0.92957191416232,1.07251828026745,FALSE,TRUE,24.1520009039967
"1ac0e78b-0fdd-44f9-8b7b-c4f28a32782e","Amped Raptor",0.00639011290643127,0.039163325858365,37,1.00641057323596,0.932048892623588,1.08670505371245,FALSE,TRUE,6.12873769709914
"1b6ef5f5-4058-4f89-a573-9e2da87a9f2e","Steel Seraph",-0.00683114177995025,0.0378615227774017,42,0.993192137431033,0.922157056715016,1.06969915229925,FALSE,TRUE,5.54248821017406
"1c603751-1e2b-4c8e-a8d2-5c0876e7254f","Darkstar Augur",-0.0041278578135541,0.0378039819197361,30,0.995880650081025,0.924757569935846,1.07247380443137,FALSE,TRUE,9.15825680710323
"1dd64b1d-bcef-476c-bf0b-3ac7df7cbed3","Nissa, Ascended Animist",0.00653985449702181,0.0384460371249904,64,1.00656128603969,0.933499941873198,1.08534085232059,FALSE,TRUE,5.87872973970573
"1e0c695d-62f9-4805-9e2f-7032e8464136","No More Lies",-0.00226110169482636,0.0370172729907011,56,0.997741452670022,0.927915174876719,1.07282220759925,FALSE,TRUE,16.3713437017895
"1ea179e9-9c0d-46c1-9ee8-60be68e1f79c","Thirst for Discovery",-0.000906004971247985,0.0369288047836393,54,0.999094405327336,0.929334572528277,1.074090709916,FALSE,TRUE,40.760046529073
"1f123ad6-fe84-4fed-9c0f-6b41921e9c26","Deceiver Exarch",-0.00139221329309231,0.0401394026791617,20,0.998608755386246,0.923055937280974,1.08034562810089,FALSE,TRUE,28.8313600209966
"1f2f7d4b-aa65-42ed-a441-8e35be96743c","Orcish Lumberjack",0.0113225857821623,0.0411242374334466,42,1.01138692887063,0.933064527156001,1.0962837940139,FALSE,TRUE,3.63205351009433
"1fa48620-4c3d-4f75-be1f-c12c4aa59f51","Golos, Tireless Pilgrim",-0.000935906453762636,0.0387701919080346,11,0.999064531370084,0.925958851087806,1.07794200214095,FALSE,TRUE,41.4252853500116
"205df311-a72d-40f1-b2ea-9b30274bc9bd","Knight of the Reliquary",-0.00555996025807188,0.0382042487024323,41,0.994455467714749,0.922709999061386,1.07177951715463,FALSE,TRUE,6.87131686723261
"20c4aae1-7665-4df7-bd51-a1d95bf8a17d","Murktide Regent",0.00198582152309316,0.0364268228735659,19,1.00198779457248,0.932943393645636,1.07614196885944,FALSE,TRUE,18.3434525459401
"216a8e4e-ea7b-41c7-a982-b5751025ff25","Scrapheap Scrounger",0.000197880271023059,0.0386860676001409,35,1.00019789985062,0.927162147583573,1.07898692960328,FALSE,TRUE,195.502398496477
"224d904a-5972-4152-878a-9a922e7a55b6","Titania, Protector of Argoth",0.00692745429499773,0.0380154496573877,62,1.00695150461025,0.934650303097991,1.08484566824191,FALSE,TRUE,5.48765073554342
"22c26e44-e129-4c4d-b552-3cc8774ce1a4","Mox Poison",-0.000737189450248784,0.0356190174920812,39,0.999263082207136,0.931880712158165,1.07151773229601,FALSE,TRUE,48.3173185401129
"23b95b26-0bbf-4fa1-80c1-f621f1a1b947","Damn",-0.00844871407527951,0.0387975703502475,38,0.991586876008807,0.918979051325613,1.06993138881087,FALSE,TRUE,4.59212727576699
"245cdc59-d560-4c10-b721-f51cc312e370","Mishra's Factory",-0.00779225024865267,0.0371075835556219,67,0.992238030630208,0.922633577568476,1.06709351725912,FALSE,TRUE,4.7621139428932
"2462df62-fc35-47ed-9571-40452074dc6d","Traveling Chocobo",0.00135082660226154,0.0384793294550216,16,1.00135173937947,0.928607934239986,1.0797940325364,FALSE,TRUE,28.4857652274541
"2487d124-210b-4808-888c-cd0a78aebd90","Molten Collapse",0.00710120914714507,0.0391464355439846,47,1.00712648252124,0.932742782745896,1.08744208002297,FALSE,TRUE,5.51264365445746
"2605df98-0b02-4aab-bc36-01e93c693743","Territorial Kavu",-0.000110756876606998,0.03924393616091,48,0.999889249256709,0.925863121930168,1.079834034965,FALSE,TRUE,354.325052882815
"26c68473-70ca-40ba-b5c6-71ec30f88a2c","Damnation",0.00650117117158245,0.037840235980444,66,1.00652234965499,0.934572857148157,1.08401098170819,FALSE,TRUE,5.8205260224264
"28667c8b-d02c-4e57-a050-1549207b65d1","Thragtusk",-0.000446614660511321,0.0367296950611625,50,0.999553485056971,0.930124512879082,1.07416497001775,FALSE,TRUE,82.2402359544384
"29148d7e-b398-4e19-a29e-d9a660ad5016","Mirage Mirror",-0.0108094649452025,0.0381175369589496,55,0.989248747384151,0.918034931461381,1.06598676222843,FALSE,TRUE,3.52631116823845
"2ae6828e-ff19-45db-8b59-61616353491f","Deceptive Landscape",-0.00875307232220002,0.0399324731252472,64,0.991285124288197,0.916658102603455,1.07198768531494,FALSE,TRUE,4.56210935490254
"2aef4608-5ba8-4636-b5e7-cac57c5c0608","Windfall",-0.00192276415826006,0.0373880579782864,38,0.998079083168563,0.927554841640031,1.07396545361918,FALSE,TRUE,19.4449526311743
"2b20d3e1-62ef-44db-8109-a33d4fa3e7f1","Exploration",0.00387271250997205,0.0360213330564907,63,1.00388022115087,0.935448579772787,1.07731789882315,FALSE,TRUE,9.30131864003267
"2ba70366-b6ae-423a-a8d8-29d2b8afd939","Ivora, Insatiable Heir",0.00420850189154794,0.0390734933153174,17,1.00421737007185,0.930181505189972,1.08414596584359,FALSE,TRUE,9.28441861789106
"2c723fc9-d5c9-4126-a9a6-f80c247a4b6b","Baloth Prime",-0.000112784729696399,0.036863837536891,9,0.999887221630262,0.930190470977814,1.07480616838455,FALSE,TRUE,326.8513178701
"2c76f7e0-37e7-4e87-93a3-a25ba0674645","Gix, Yawgmoth Praetor",-0.00427123379002777,0.0391289324456254,18,0.995737874955874,0.922226945072846,1.07510837860341,FALSE,TRUE,9.16103738853663
"2d9b12cc-f616-4b52-91eb-a430e70f9251","Wrath of God",-0.00131898034568419,0.0372716135532905,27,0.998681889126578,0.928326902213863,1.07436886003295,FALSE,TRUE,28.257899122793
"2da5f3f8-5eef-498f-ba2c-2f3fbc3745aa","Ephemerate",-0.0045189190555359,0.0379784434378654,64,0.995491275896677,0.92407996563158,1.07242112938686,FALSE,TRUE,8.40432036314966
"2e139ad1-1079-49e9-babd-6399c44ad333","Seasoned Pyromancer",0.00778035292237951,0.0396342587523387,56,1.00781069851694,0.932484458368319,1.08922180410648,FALSE,TRUE,5.09414664704144
"2ef878cb-27b6-47d8-ad11-bd20529b0e7e","Cast into the Fire",0.00949780014688608,0.0388526800629347,58,1.009543047387,0.935519346799873,1.08942393122464,FALSE,TRUE,4.09070305355634
"2f8f22fb-7291-4517-9b15-e98501f2856b","Splinter Twin",-0.00302128094115807,0.0396158400024254,39,0.996983278535129,0.922499608603206,1.07748084487935,FALSE,TRUE,13.112266212238
"3027e6c5-eed3-44e7-bb12-67569721af99","Goryo's Vengeance",0.00211289074946404,0.0379748320520071,17,1.00211512447605,0.93023523861517,1.07954921617316,FALSE,TRUE,17.9729274036719
"31276460-fa9d-47da-85c5-c4baa8074d0d","Rot-Curse Rakshasa",-0.00152199175678812,0.0377760353010437,21,0.998479165885284,0.927221294328773,1.07521327519628,FALSE,TRUE,24.8201313394514
"3277ad99-5682-4baa-b106-de15721876a6","Glorybringer",0.00935966273945654,0.0390592745480832,68,1.00940360135932,0.935011439157926,1.08971461499422,FALSE,TRUE,4.17314978491961
"32e29c7d-ed4b-4eff-b3c2-d99e5b63ef8d","Sunfall",-0.00373002568064441,0.0381311269671978,35,0.996276922223839,0.924532537072946,1.07358872290018,FALSE,TRUE,10.2227518606816
"33ab05b5-d6f5-439c-9aed-1a58ceb282ad","Flametongue Yearling",0.00831412516066436,0.0376168017372179,74,1.00834878348388,0.936678842549026,1.085502546835,FALSE,TRUE,4.52444496688477
"33ca68a6-474e-4d86-bffa-ee4bddb4a3cf","Fellwar Stone",-0.00509889863478542,0.0379974699805246,51,0.994914078682814,0.923509733322235,1.07183929767624,FALSE,TRUE,7.45209361906126
"345a1c80-41d6-43b1-83ab-1aa56dd06b1b","Bitter Reunion",0.000402948364826753,0.0353919387749971,30,1.00040302955942,0.933359112218601,1.07226276408525,FALSE,TRUE,87.8324417328604
"345fd005-5052-4500-a260-3649500e21f4","Mulldrifter",-0.00195503475969999,0.0377370414205924,18,0.998046875075955,0.926890692261798,1.07466562472237,FALSE,TRUE,19.3024912899162
"37dbe1a3-3c44-452b-9fb9-37f5d793d0b5","Memory Jar",0.00535020464777647,0.0365262689672191,65,1.0053645425515,0.935905019517464,1.07997910294456,FALSE,TRUE,6.82707884499321
"396bca07-82ba-49b7-b79e-7784b3a06d48","Sunset Saboteur",-0.0030711000847696,0.0388705288080469,17,0.996933610919207,0.923802165793523,1.07585439976393,FALSE,TRUE,12.6568746491904
"39b41cb3-ca3d-4389-8f66-e1f77f5fb683","Fact or Fiction",-0.00341880370617224,0.036524968499253,39,0.996587033748953,0.927736303799027,1.07054743009355,FALSE,TRUE,10.6835523880215
"39c431d7-d94b-46c4-bb89-f3db56214ab4","Elvish Reclaimer",0.00151043361215824,0.0369685142256533,61,1.00151157489154,0.931510465154237,1.0767731251153,FALSE,TRUE,24.4754313781653
"3a9d1082-a862-45d4-9e5e-392e879fead6","Zuran Orb",0.0031360013064874,0.0388714634597039,60,1.00314092370279,0.929552429690133,1.0825550885201,FALSE,TRUE,12.3952319086383
"3b1e92b4-6e53-4dba-a572-c67e01965ac5","Abrupt Decay",0.0015492052008524,0.0380760459682016,9,1.00155040583916,0.929526609106553,1.07915492209605,FALSE,TRUE,24.5777937921016
"3b214b6f-4734-4200-8467-92d7e3469b5d","Tezzeret the Seeker",-0.00945309964477621,0.0390227761408447,64,0.990591440443882,0.917651361607166,1.06932920598744,FALSE,TRUE,4.12804028384581
"3c3ac3dd-35db-447f-8674-37b4680a1ef7","Leyline Binding",0.000542507589048009,0.0361964802358355,68,1.00054265477291,0.932018519604966,1.07410484122603,FALSE,TRUE,66.7206891969069
"3d3025a2-4a17-4137-ba0b-bd676c6f5f88","Tinybones, the Pickpocket",0.00373238800366181,0.0376595595991873,68,1.00373936203767,0.932318906181027,1.08063099463539,FALSE,TRUE,10.0899369417756
"3e7da55c-7f05-46b2-aa3c-17f8d5df46bb","Scion of Draco",0.00511044067443591,0.0388236864121709,22,1.00512352124939,0.931476809894819,1.08459307009784,FALSE,TRUE,7.59693515402295
"3faa8c5e-9e1b-4cee-b322-a033bf33dcbc","Hymn to Tourach",-0.00368124846859005,0.0367648744626348,56,0.996325519019738,0.92705683704021,1.07076988183292,FALSE,TRUE,9.98706682700938
"41ff849e-2439-4690-8aa4-769039b6da4c","Talisman of Progress",-0.00217624557636367,0.037650601356104,16,0.997826120729175,0.926842691420533,1.07424590648002,FALSE,TRUE,17.3007135614792
"44afd414-cc69-4888-ba12-7ea87e60b1f7","Craterhoof Behemoth",-0.00604835000801124,0.0378942877574596,68,0.993969904439261,0.922819931467835,1.0706055832144,FALSE,TRUE,6.26522732766248
"47c8e6c4-450b-4f8b-b897-5808fe935a90","Vampire Hexmage",-0.00504570099668428,0.0387106285363747,37,0.994967007169736,0.922268822924816,1.07339565292559,FALSE,TRUE,7.67200207896047
"4820d223-4ea1-4850-931c-3d2ab5eb003b","Birthing Ritual",0.00222576237856958,0.0378137622563969,50,1.00222824122642,0.930633993510296,1.07933027862332,FALSE,TRUE,16.9891281389609
"486d7edc-d983-41f0-8b78-c99aecd72996","Otawara, Soaring City",-0.00168693698390322,0.0385742233046933,71,0.998314485094526,0.925619149419601,1.07671909313293,FALSE,TRUE,22.8664281314412
"487116ab-b885-406b-aa54-56cb67eb3ca5","Scavenging Ooze",-0.00046539871447716,0.036815420766896,72,0.999534709566706,0.929950775860778,1.07432528856578,FALSE,TRUE,79.1051191627276
"490eb213-9ae2-4b45-abec-6f1dfc83792a","Cori-Steel Cutter",0.00303288588035437,0.0372174262358044,34,1.00303748973188,0.932474690356066,1.07893996074409,FALSE,TRUE,12.271291339012
"492b368b-de32-45c1-8459-238aae54f9fc","Unmarked Grave",0.000582699952564211,0.036509096701788,64,1.00058286975516,0.931485058261399,1.0748063754411,FALSE,TRUE,62.6550534990216
"49bb0ad3-1082-41f1-82a4-52a4006cc9b6","Leovold, Emissary of Trest",0.00261269010550781,0.0384847855308712,60,1.00261610615468,0.929770507389022,1.08116900711734,FALSE,TRUE,14.7299465213044
"4a0bb5dc-75a6-4bd6-81f8-611197fb0fba","Nettlecyst",-0.00496230982104499,0.0383765956610147,57,0.995049982097827,0.922949796776487,1.07278258289997,FALSE,TRUE,7.73361540189627
"4b0bd07e-cf80-4d64-af29-f4cec6632b3e","Perilous Landscape",-0.00207052579628002,0.0375620221246798,45,0.997931616263605,0.927101627255273,1.07417297247854,FALSE,TRUE,18.1412963761017
"4bc61952-88ba-447a-835a-f1e9643fcd0d","Serum Visions",0.00307951462362964,0.0376820600970782,18,1.00308426119992,0.931669330207093,1.07997333650914,FALSE,TRUE,12.2363634216695
"4c6cf93a-d073-48ac-88db-c46bf3e10beb","Generous Plunderer",-0.00588893113308411,0.0361827697012063,72,0.994128374634372,0.926068419656507,1.06719028991373,FALSE,TRUE,6.14419983584643
"4d9dbadd-c1b6-44fe-92ac-6f69d7178342","Talisman of Creativity",-0.00859207894359365,0.0389670581753614,24,0.991444727476702,0.918542124624782,1.07013344438927,FALSE,TRUE,4.53523046414927
"4dea7bcc-3ff8-40b0-8264-0cd678d6ff31","Scourge of the Skyclaves",-0.00521861399004722,0.0380073012785533,19,0.994794979319583,0.923381388518746,1.07173164110114,FALSE,TRUE,7.28302598181043
"4e4b6e22-93b2-4896-bba5-0ceaa5d8ea3c","Yavimaya, Cradle of Growth",7.95682455755808e-06,0.0394216927592094,41,1.00000795685621,0.925650485562293,1.08033856123164,FALSE,TRUE,4954.45041851064
"4e4fb50c-a81f-44d3-93c5-fa9a0b37f617","Omnath, Locus of Creation",0.00392386846826305,0.0394021488209661,73,1.00393157691916,0.929317955362772,1.08453582040385,FALSE,TRUE,10.0416589240077
"4f84b838-b8f1-4b9a-a19f-479594f9d427","Qasali Pridemage",0.00239551704858105,0.0378367062539046,45,1.00239838859203,0.930750129393096,1.07956206259901,FALSE,TRUE,15.7947973178971
"50bc0f5b-7421-45b9-af85-86dd9821b7d8","Soulherder",-0.00497066056182463,0.0394479924314309,39,0.995041672728058,0.921006002176006,1.07502874913538,FALSE,TRUE,7.93616702262814
"5260f8ae-805b-4eae-badf-62de0f768867","Hedge Maze",-6.29464370775498e-05,0.0378000309253906,31,0.999937055544008,0.928531468455376,1.07683384895218,FALSE,TRUE,600.511048446175
"543d55cb-3a6b-4620-af25-10ae74ed32c4","Worldspine Wurm",0.000695516640585673,0.0389787440527874,10,1.00069575856837,0.927091677151306,1.08014344848152,FALSE,TRUE,56.0428633597675
"54e0c2cd-fa5f-427d-8e15-6066f002a8e3","Chainsaw",-0.00391586067503022,0.037360416376788,20,0.996091796309561,0.925758130356277,1.07176900114651,FALSE,TRUE,9.54079306626497
"55a14f30-4ff9-4472-90a6-c3139f1c18e5","Kaito, Bane of Nightmares",0.000468454470650546,0.0381884925740382,20,1.00046856421258,0.928317945699397,1.07822686463685,FALSE,TRUE,81.5201795833128
"57fb0fa7-0c5c-4a75-9461-c51403c30282","Foreboding Landscape",0.00406317914786422,0.0393795939824452,39,1.00407144505175,0.929488517737047,1.08463896813141,FALSE,TRUE,9.6918182904007
"586a4c31-65c7-4c7f-b5f6-74b105b2a629","Trinket Mage",0.00123132530473176,0.0377648327846142,48,1.00123208369698,0.929798161575726,1.07815408424267,FALSE,TRUE,30.6700695904575
"58c1e824-c8a9-4312-8e4c-a29a26d189a4","Ugin, the Spirit Dragon",0.00471827414530446,0.037256077754574,21,1.00472942272789,0.933976839421822,1.08084180494243,FALSE,TRUE,7.89612400789609
"59faa45d-868b-4bc7-934c-0e077642e129","Loran of the Third Path",0.000798122116586833,0.0392600794217325,69,1.00079844070079,0.926675680782256,1.08085011798695,FALSE,TRUE,49.190566964399
"5a077de0-1893-40d0-a499-ee2e6e2258f1","Legion Extruder",-9.54771395090733e-05,0.0383101137342102,49,0.999904527418288,0.927573446477813,1.07787590055329,FALSE,TRUE,401.249073141425
"5ad86b17-3fed-418a-938c-c49adb409531","Abundant Harvest",-0.00168645757031054,0.0391472027019553,8,0.998314963700175,0.924580669184784,1.07792948734958,FALSE,TRUE,23.2126816536196
"5c70da33-ce5d-4b8b-9c1d-9a356a7e196f","Grave Titan",0.000278326425691901,0.0368192305627502,64,1.00027836516209,0.930635711617343,1.07513261668465,FALSE,TRUE,132.287943809935
"5d8690ec-fded-4801-8eaf-5e5fe3d444ec","Cloud, Midgar Mercenary",-0.00186178496339058,0.03843428190074,11,0.998139947083168,0.925711194946707,1.07623561149711,FALSE,TRUE,20.643781455161
"5de097e5-e960-4404-a370-defe93ce892f","Oracle of Mul Daya",0.00492407827152538,0.0364320571749287,68,1.00493622146811,0.935679052633367,1.0793196731041,FALSE,TRUE,7.39875671465367
"5f1cdcba-a04a-4a2f-8bc1-0dd7fa03754d","Exhume",0.00119579558502835,0.0371844941940717,67,1.00119651083364,0.930823302421639,1.07689015809726,FALSE,TRUE,31.09602900331
"6171e136-1167-4329-acb2-6853d3a814e5","Goblin Welder",-0.00358289704450154,0.0381843505122241,30,0.996423513872277,0.924572117609155,1.07385870727424,FALSE,TRUE,10.6573954087861
"61a28870-cf78-4323-9d82-cee764067764","Lightning Greaves",0.00396661266197138,0.0368339209946094,40,1.00397449008209,0.934047605573463,1.07913640666821,FALSE,TRUE,9.28598886090966
"62b3f560-262b-4bc3-9aef-535fd7082c28","Vaultborn Tyrant",-0.000653945515645779,0.0374864248887245,70,0.999346268260121,0.92855344589772,1.07553632835846,FALSE,TRUE,57.323468074716
"635245e9-c27f-4a51-a6f1-bae62e696542","Lightstall Inquisitor",-0.00452239877252492,0.0388876380324836,18,0.995487811874799,0.922431491929489,1.07433017222598,FALSE,TRUE,8.59889629122025
"64a5d494-efa1-446b-bebe-2ad36e154376","Ugin, Eye of the Storms",-0.00121679747085305,0.0384816135067769,29,0.998783942527017,0.926222530081009,1.07702990528913,FALSE,TRUE,31.6253233825338
"64bc9b1d-5818-4d9e-b771-e49af4ff9a5c","The Tabernacle at Pendrell Vale",-0.00329169168240242,0.0358334798647136,6,0.996713719995177,0.929112627593201,1.06923338476203,FALSE,TRUE,10.8860377344213
"652236c2-84ef-45e4-b5fc-ed6170bc3d6c","Meticulous Archive",0.000112612594740947,0.0377104972910868,68,1.00011261893578,0.928857481962337,1.07683392767798,FALSE,TRUE,334.869269088734
"658cfcb7-81b7-48c6-9dd2-1663d06108cf","Fountainport",0.00147078044458594,0.0379844313732572,9,1.0014718625726,0.929620626042555,1.0788765475162,FALSE,TRUE,25.826037810797
"661fc907-7003-45c6-820c-9616e9a71c30","Seething Landscape",0.00987935724482076,0.0409294620753943,51,1.00992831919932,0.932074633702329,1.09428491350458,FALSE,TRUE,4.14292762789315
"66d80dd1-b944-4cb2-8578-b4dbcabbbc1e","Ophiomancer",0.00816553380039756,0.0386393723035892,57,1.00819896269784,0.934664501589669,1.08751872640525,FALSE,TRUE,4.73200812685485
"671c008a-8ff8-42d7-9e03-6d8a9ddace67","Faithless Looting",-0.00390997491321737,0.03648489272891,64,0.996097659085871,0.927353577709254,1.06993769182118,FALSE,TRUE,9.33123448070616
"69490262-afc2-4692-8fac-b771a972c8f8","Volcanic Spite",0.00435421359660862,0.0392786048088649,30,1.00436370695834,0.929943123874905,1.08473994802158,FALSE,TRUE,9.02082636448014
"6982a82c-dd32-40d2-8dd2-ec92d0fc6c2d","Phyrexian Revoker",-0.00987654131689692,0.0391241776983918,73,0.990172071543352,0.917080586859792,1.06908896046051,FALSE,TRUE,3.96132375120607
"69c1b656-1d67-499c-bf0f-417682a86c7d","Shadowy Backstreet",-0.00948027987264588,0.0401913488529589,43,0.990564516308709,0.915527091183911,1.07175207639246,FALSE,TRUE,4.23946860144139
"6aa5cc65-f8f1-4f6f-8b4e-2fedccbda684","Rofellos, Llanowar Emissary",0.00069056397420759,0.0364483612374903,55,1.0006908024684,0.931696441354873,1.07479436187247,FALSE,TRUE,52.7805715311376
"6ade6918-6d1d-448d-ab56-93996051e9a9","Sage of the Skies",0.00312728248002811,0.0386678601107402,8,1.00313217752929,0.929915345486096,1.08211373269535,FALSE,TRUE,12.3646841491571
"6bcafc2e-cef6-412d-8c5d-1658c3337292","Overlord of the Mistmoors",-0.0040489152109213,0.0375036080300323,29,0.995959270594667,0.925375214010659,1.07192720711021,FALSE,TRUE,9.26263111879258
"6cc73d16-5ed7-4104-91f6-0997a2080e2e","Embereth Shieldbreaker // Battle Display",-0.00450269178329813,0.0378658265478406,70,0.99550743013569,0.924298958216825,1.07220183972434,FALSE,TRUE,8.40959771847955
"6da09e6a-2965-4855-bd41-41b41ba188fb","Through the Breach",0.014333806475551,0.0400850519022119,45,1.01443702807607,0.937786568056065,1.09735255226037,FALSE,TRUE,2.7965392145195
"6f26faca-f338-4ce5-a218-6a61d40fc50a","Tendrils of Agony",0.00986133261713094,0.0401310276632599,30,1.00991011578143,0.933517582075641,1.0925540788315,FALSE,TRUE,4.06953392825884
"6f2cec5d-50ea-4d0f-8925-eba06222d015","Shelinda, Yevon Acolyte",0.00175822135020198,0.0391038013079512,11,1.00175976792764,0.927849970288765,1.08155700250345,FALSE,TRUE,22.24054514152
"70496f16-c4c0-4c03-beef-454eb4824cd1","Deathrite Shaman",-0.00678567194232798,0.038543097835596,48,0.993237298742981,0.92096785676454,1.07117780970121,FALSE,TRUE,5.68007091459434
"70719e7b-6f02-4c1a-9f11-79b2b0d9846a","Dust Animus",-0.0088935035112307,0.0398473918969903,64,0.991145926713594,0.916682236712504,1.07165843156733,FALSE,TRUE,4.48050555629411
"716a44b4-f6b0-4f14-a270-6442aed3251f","Raffine, Scheming Seer",0.00492883042524873,0.0371794102457468,20,1.00494099709086,0.934313902045328,1.08090696865707,FALSE,TRUE,7.54325205738248
"73a065e3-b530-4e62-ab3c-4f6f908184ec","Elspeth, Storm Slayer",0.00228878892927057,0.0396825384802816,9,1.00229141020612,0.927289943192892,1.08335917837513,FALSE,TRUE,17.3377885451972
"748e6a61-9c1f-4225-9f04-e54002f63ac3","Savai Triome",-0.00133273555782479,0.0363008289299984,69,0.99866815213981,0.930082152922355,1.0723118113434,FALSE,TRUE,27.237833279729
"74b4c336-5d4c-4bc5-b82a-35084a6ad808","Spellseeker",-0.0043121950718034,0.0390481065458015,58,0.99569708909153,0.922335273889426,1.07489404481369,FALSE,TRUE,9.05527368210439
"75fdce80-e338-4a50-bdc6-786511feaeef","Ziatora's Proving Ground",0.00702290663901842,0.0383411243402679,68,1.00704762507907,0.934143047155257,1.08564199269669,FALSE,TRUE,5.45943813737309
"76ae81ea-13e3-4ab8-b956-4c7b139a5e9c","Corpse Dance",-0.0027052942266714,0.0376807756039722,19,0.99729836178415,0.926297691952002,1.07374122926012,FALSE,TRUE,13.9285314079625
"76c3cad2-1e25-4abe-878d-9194de6fcc27","Guide of Souls",0.000203937509047564,0.0347210367717044,68,1.00020395830572,0.93440128231975,1.07064060927528,FALSE,TRUE,170.253314036539
"7740ff55-67bb-409e-90f7-2c2c8b8c770a","Valgavoth, Terror Eater",-0.00187565739604648,0.0358687120374602,55,0.998126100550014,0.93036496625056,1.07082247154486,FALSE,TRUE,19.1232749184709
"7a4e1580-dd26-4f4b-ac98-3e6fa7b879d5","Patchwork Automaton",-0.00202644984430851,0.0395091765932029,19,0.997975602018944,0.923610866711877,1.07832783060549,FALSE,TRUE,19.4967453569938
"7aa37f85-5336-4372-97a2-9c8b00798c7a","Tough Cookie",-0.00106181425307282,0.0372209166963592,39,0.99893874927221,0.928657939407178,1.074538409088,FALSE,TRUE,35.0540752195068
"7b54447f-1daf-4352-b5c3-3c0ec8b8f4d0","Unwanted Remake",-0.00825196871531786,0.0401495669598115,62,0.991781985318457,0.91672740429245,1.07298145751562,FALSE,TRUE,4.86545312335991
"7c353e83-4b63-4bc6-b029-273d2eca1f75","Upheaval",-0.00347067908896217,0.0378336900806857,55,0.996535336756006,0.925311620064429,1.07324133391328,FALSE,TRUE,10.9009473681991
"7c59e0cd-10a8-4a32-9c0a-a2c6ef1ed9a6","Unable to Scream",-0.000132006572697008,0.0371060336723207,41,0.999868002139787,0.929731138916967,1.07529583538268,FALSE,TRUE,281.092319224811
"7ea4b5bc-18a4-45db-a56a-ab3f8bd2fb0d","Ledger Shredder",-0.00200796128184994,0.0375950121624141,30,0.997994053323762,0.927099684089819,1.07430964281625,FALSE,TRUE,18.7229766341798
"7f7e780e-fbc5-4dc0-b5c7-efcb8645c7c6","Ertai Resurrected",0.00441877964724892,0.0381701294159245,48,1.00442855684983,0.932025900908854,1.08245567513911,FALSE,TRUE,8.63816086409487
"7fbdba12-1369-41ae-b0e9-c405c0f0a2e5","Syr Ginger, the Meal Ender",0.00161031802374453,0.0379545720268368,9,1.00161161528205,0.929804766703324,1.07896395436315,FALSE,TRUE,23.5696126275601
"86ecaedc-08f1-4de7-aae8-056df57940e0","Goblin Cratermaker",-0.00574421251668383,0.0374792670506529,54,0.994272253928029,0.923851831298869,1.07006045930683,FALSE,TRUE,6.52470063421155
"87cc2855-6b14-44dd-a398-7dc2bbae081f","Kaldra Compleat",0.00339437210367424,0.0370112013436753,63,1.00340013950839,0.933188947529214,1.078893875277,FALSE,TRUE,10.9036959453009
"87d5e94b-0b35-4efd-9158-1767dcaea38c","Witherbloom Command",-0.00336151968645615,0.0394851350940668,47,0.996644123895404,0.922422069197287,1.076838404961,FALSE,TRUE,11.7462156337075
"89175ce1-0746-4ba1-970e-617d134b0527","Gau, Feral Youth",-0.00258742218243729,0.0377437233966023,40,0.997415922309179,0.926292592114308,1.0740003002778,FALSE,TRUE,14.5873849473798
"89345f55-2b32-4356-945a-d56dded39909","Preacher of the Schism",-0.00525056182658274,0.037863350966594,25,0.994763198279868,0.923612442620457,1.07139507328902,FALSE,TRUE,7.21129513700762
"8ca3c48b-f104-4292-9a4e-2ce87a65893c","Mutavault",0.00362525114775048,0.0376411432922138,62,1.00363183031867,0.932252675764774,1.08047622389766,FALSE,TRUE,10.3830443073084
"8ff57c8b-173e-4a72-a0a0-1ad2d5cc6e5e","Spectacular Spider-Man",0.00210000660924959,0.0400614729525218,9,1.00210221316745,0.926426580451603,1.08395944894585,FALSE,TRUE,19.0768318423709
"900c9dfd-ece1-4b09-a801-0fa05e1994b9","Fallen Shinobi",-0.00215761405839969,0.0391611405001869,35,0.997844711917659,0.924119904080241,1.07745116700309,FALSE,TRUE,18.150206404028
"90107d10-e2aa-4cb7-a000-039f0c581b47","Simic Signet",-0.00449852654826782,0.0378091086077264,58,0.995511576666747,0.924405565979372,1.07208711819854,FALSE,TRUE,8.40477614215369
"907b3d1d-8c85-4707-80b5-c4d832df9846","Tishana's Tidebinder",-0.00417551322375672,0.0368746996441666,62,0.995833192110956,0.926399303011256,1.07047117078611,FALSE,TRUE,8.83117779016166
"924a24e7-91b8-4ceb-a136-7a765d98c994","Mystic Forge",-0.00362049099926312,0.0390340150680358,35,0.99638605507589,0.922998969883353,1.07560810265602,FALSE,TRUE,10.7814147517506
"926916ed-2f22-4ba9-9427-194886ad6c1e","Urza's Cave",0.00325841616064668,0.0394915496629777,50,1.0032637305692,0.928537026542579,1.08400428233163,FALSE,TRUE,12.1198606058779
"939c6e19-4b27-4023-bb9c-ae440f91e21c","Shadowspear",-0.00319031655015437,0.0384249012525719,10,0.9968147671021,0.924499172711325,1.07478698655697,FALSE,TRUE,12.0442284169929
"94b67489-5eb0-4406-9bf3-27e50dc632eb","Nadu, Winged Wisdom",0.00119454838319073,0.0383410529455531,55,1.00119526214029,0.928714492300197,1.07933273491779,FALSE,TRUE,32.0966931813521
"9503a1e6-f0bf-44d0-a28b-56fbfcff1ff2","Guardian of Ghirapur",-0.0115444792534334,0.0393492142866031,63,0.988521902553823,0.915148493171066,1.06777813559266,FALSE,TRUE,3.40848759158197
"952ba126-0915-47f0-9b6a-a0a6dcd22c6f","Moat",-0.00277769146071876,0.0394351718086381,18,0.997226162754774,0.923051150637841,1.07736176808341,FALSE,TRUE,14.197103013894
"95be2701-af7c-483e-8165-e8bd4b2774ed","Opposition",-0.00415783107768701,0.0396265021677503,18,0.995850800734599,0.921432480985644,1.0762794212148,FALSE,TRUE,9.53057048912011
"96b6b2e1-c3e6-464c-8a13-b15deb34e862","Aetherflux Reservoir",0.00687522977317637,0.0382702839036274,48,1.00689891842258,0.934134799072855,1.08533097463751,FALSE,TRUE,5.56640071186253
"96c5607b-55fe-43c2-93fe-0084d84499d9","Deep Forest Hermit",0.000286995230147438,0.0368648484590249,54,1.00028703641722,0.930560573008828,1.07523807073529,FALSE,TRUE,128.451084152466
"972f3582-ad7c-4fe9-af29-90fa695a623f","Depthshaker Titan",-0.00232745351409517,0.037188550556381,9,0.997675252905739,0.927542176142396,1.07311121355168,FALSE,TRUE,15.9782141001594
"97d08a15-e61c-4421-a541-c68a4f87cb74","Forensic Gadgeteer",-0.0134796367666846,0.0410065691154132,60,0.986610806699228,0.910417027713819,1.06918132489244,FALSE,TRUE,3.04211232284555
"985453e7-997e-4d77-a338-cc0290791ebe","Finale of Devastation",0.00020885081232807,0.0378579187805092,60,1.00020887262318,0.928678501032101,1.07724878713387,FALSE,TRUE,181.267759308691
"98fb1eaa-2871-491a-a4f5-3e358778ba40","Mindslaver",-0.00127790200935919,0.0382570081464658,20,0.998722914159715,0.926573747962145,1.07649009208539,FALSE,TRUE,29.9373565940708
"991037a2-fea2-49f5-8ace-ebbf9f678cff","Talisman of Dominance",-0.00766328966230868,0.0391312604674414,26,0.992365998479658,0.919099805554838,1.07147261808421,FALSE,TRUE,5.10632668107348
"9a71531f-d4b6-4cc7-8193-b2f5bce33b21","Night Scythe",0.00145543722028672,0.038236939644835,73,1.00145649688307,0.92914639934528,1.07939407165115,FALSE,TRUE,26.2717890623289
"9a9a1df5-a4e8-49a4-aebe-ca93894ccfcf","Dimir Signet",-0.00389748532009684,0.0378727530136073,54,0.996110100018032,0.924845963551676,1.07286550459437,FALSE,TRUE,9.71722787981311
"9b32531e-c759-4603-abd0-1724e8df70db","Tribal Flames",-0.00329285200768166,0.0376474667478967,17,0.996712563483723,0.92581403852233,1.07304047343233,FALSE,TRUE,11.4330879918294
"9b76bcd4-580a-4435-afe9-290940b1837f","Spell Queller",5.73939630073498e-05,0.0381781292795397,9,1.00005739561007,0.927955277761194,1.07776184745379,FALSE,TRUE,665.194164665901
"9cbb7b4e-bd32-44a0-9396-16738c5e4381","The Last Ride",-0.00756485871463938,0.0386238294685034,27,0.992463682812825,0.920104926891905,1.07051286534205,FALSE,TRUE,5.10569079020066
"9efbfd67-e0f5-43e0-9fff-1eb4a2bed0d8","Marauding Mako",0.00306972134364318,0.040415358756789,18,1.003074437763,0.926682400808777,1.08576393251391,FALSE,TRUE,13.1658070008477
"a0b6a71e-56cb-4d25-8f2b-7a4f1b60900d","Uro, Titan of Nature's Wrath",0.00172581153301361,0.0398770158299771,9,1.00172730160281,0.926414852784242,1.08316223963881,FALSE,TRUE,23.1062402047714
"a1176dcf-40ee-4342-aa74-791b8352e99a","Scrawling Crawler",0.00151126605384612,0.0386316161013567,32,1.00151240859188,0.928479755842313,1.08028968671865,FALSE,TRUE,25.5624190082484
"a15570c0-4210-4959-8584-987ec85f8283","Wight of the Reliquary",0.00147340425834764,0.0362571464549686,22,1.00147449025171,0.932775617479375,1.07523303121406,FALSE,TRUE,24.6077383376301
"a178cfe8-f9fa-4255-88d0-54a0bed079f5","Malevolent Rumble",-0.00261662123643902,0.0388529978236135,31,0.997386799132988,0.924253867250018,1.07630648064754,FALSE,TRUE,14.8485372214164
"a211d505-4d40-4914-a9da-220770d6ddbc","Consider",-0.000164092248301529,0.0412713482286901,10,0.999835921214095,0.922142110189162,1.08407571707681,FALSE,TRUE,251.51308886238
"a24e8dba-5c86-4e32-8a52-61402f7fe9f0","Containment Priest",0.00542832241416309,0.0390902194725347,61,1.00544308245161,0.931286320889019,1.0855048220667,FALSE,TRUE,7.20116022779782
"a3012af9-621d-4fae-b00d-079a89ae35fe","Harvester of Misery",0.000157403591566373,0.0372161332483428,40,1.00015741598016,0.929799583589598,1.07583921782185,FALSE,TRUE,236.437637019545
"a3b1b58d-b7f1-404f-aec6-b19cef4bebbd","Unruly Krasis",-0.00369179148993596,0.0378067861124187,28,0.996315014793897,0.925155828633713,1.07294747325941,FALSE,TRUE,10.2407696142868
"a50d79fe-6d37-42f3-b7b0-0c3018282fa2","End-Raze Forerunners",-0.00220096214267447,0.038366048925053,69,0.997801458198484,0.925521035866373,1.07572676514158,FALSE,TRUE,17.4314897022413
"a55c4d47-5252-40af-961d-c08bc688028a","Goblin Engineer",-0.00471780027436069,0.0382459622200055,30,0.995293311064793,0.923411895946733,1.07277021164503,FALSE,TRUE,8.10673618971465
"a6d9b8d6-1e97-4e9c-b0c4-3b71734134a4","Scarlet Spider, Ben Reilly",0.00156961708511111,0.0409266260702253,11,1.00157084957877,0.924366565582991,1.08522333463377,FALSE,TRUE,26.0742740751501
"a76fa8d4-923d-4afc-ba47-ba10fc0fe46e","Comet, Stellar Pup",3.73239274210136e-05,0.0384253744862825,19,1.00003732462397,0.927487084128258,1.07826261708111,FALSE,TRUE,1029.51048138221
"a93e3406-4e29-4bc0-ae52-cbd2ac1f99a4","Alesha, Who Laughs at Fate",-0.00110588710888675,0.0361539581138782,10,0.99889472415891,0.930561003614158,1.07224638264148,FALSE,TRUE,32.6922683367498
"aac0c8df-f01d-4178-8d66-ee603f814d24","Mishra's Workshop",-0.00916620592003018,0.0394282760671257,61,0.990875675682636,0.917185417541009,1.07048649693084,FALSE,TRUE,4.30148268663332
"ab9f6a1b-8467-4584-affd-8c71d3e34d2f","Akal Pakal, First Among Equals",-0.0110027783488053,0.0407903680296663,54,0.989057530824742,0.913061628393193,1.0713787206266,FALSE,TRUE,3.70727890143268
"abcd0e32-2e6b-419b-9e8a-af38f2b48a66","Monastery Mentor",0.00237679235422885,0.0379813108736146,19,1.00237961916431,0.930468945957025,1.07984786088971,FALSE,TRUE,15.9800711265489
"af09af65-0a3b-42df-b0fd-372e2158beac","Academy Ruins",-0.00678219341111355,0.038607504571497,45,0.993240753755937,0.920854806913337,1.07131676732889,FALSE,TRUE,5.69248062260114
"b0c5728e-43e7-417a-ba18-5038345cec67","Arcane Denial",0.00705496953342689,0.0402238646235037,28,1.00707991445838,0.9307320935667,1.08969053620886,FALSE,TRUE,5.70149373897655
"b0f61742-522c-4b36-97db-41d0c412a072","Nexus of Becoming",-0.00124601287776375,0.0384559119204283,20,0.998754763073967,0.926242128881391,1.07694418733427,FALSE,TRUE,30.8631737333616
"b277752b-430a-4f09-8a98-b72f813dd52e","Bountiful Landscape",0.00264362267955855,0.0366627375375806,46,1.0026471201313,0.933125716448595,1.07734813196841,FALSE,TRUE,13.8683700291536
"b3c1e5e3-4e6b-456a-958c-7a75c38f8183","Cosmogrand Zenith",-0.00167737977252446,0.0390746698858476,16,0.998324026242676,0.924720515297903,1.07778603900911,FALSE,TRUE,23.2950644367436
"b3da28c7-6e92-439d-a163-91682d4f11dc","Shattered Landscape",-0.00640735428141077,0.0377663521010536,47,0.993613129041715,0.922720041259941,1.06995297171175,FALSE,TRUE,5.89421943010434
"b51666ae-2aef-4cb1-9cd4-44aec81530f8","Griselbrand",-0.00178031322824274,0.0381207414014846,18,0.998221270589316,0.926355724500303,1.07566205800094,FALSE,TRUE,21.4123788986907
"b598c93e-dae1-4d71-a9e4-917abf76d2d0","Raucous Theater",0.00372406714415288,0.0371607130733744,66,1.0037310100982,0.933223151444247,1.0795659527666,FALSE,TRUE,9.9785292893336
"b5aaaee0-9a61-45df-821e-cce516f8de6a","Old One Eye",0.00561582117502811,0.0381838744232638,70,1.00563161945836,0.933117103924165,1.08378139228347,FALSE,TRUE,6.79933944354499
"b6876d9e-0908-43ac-8542-09c7aa02b5ba","Tarmogoyf",-0.000525775095123341,0.038600024904295,15,0.999474363100381,0.926647704534445,1.07802458000669,FALSE,TRUE,73.4154684432892
"b768efa2-e56b-4a7e-ace8-d673f10e0714","Birthing Pod",0.00238688011472435,0.0386412826353435,51,1.00238973098084,0.929275495210206,1.08125650353941,FALSE,TRUE,16.1890337084676
"b7f16fdf-a3f5-462d-a64a-789d893b6ef5","Batterskull",0.00381170787592609,0.0370781872075743,55,1.00381898167332,0.933455918323146,1.07948594913598,FALSE,TRUE,9.72744722693784
"b8aa7126-5df3-42dd-b4a3-0d0ea59eeebd","Helping Hand",0.00143608359278601,0.0367337731547925,29,1.00143711525462,0.931869857622775,1.07619780552604,FALSE,TRUE,25.579132955296
"b90331d4-74f0-43bf-8ed2-f8616d782859","Basalt Monolith",-0.00745682203867636,0.0384727694710267,55,0.992570911082318,0.920476829564223,1.07031158404411,FALSE,TRUE,5.15940561159696
"bb142d99-b210-47c8-897c-be62f90d2192","Mishra's Research Desk",-0.0100055452466859,0.0401148979574461,30,0.99004434369383,0.91518344703101,1.07102877096392,FALSE,TRUE,4.00926655853493
"bce84a87-093a-42de-9696-8c3250e0f33b","Goblin Rabblemaster",0.00748364236340439,0.039225564762699,55,1.00751171479925,0.93295485654674,1.08802676606986,FALSE,TRUE,5.24150712419331
"bdb41396-5008-4a5f-92ca-54ecac42e926","Cave of the Frost Dragon",-0.00419289527709507,0.0376780429408376,37,0.995815882635732,0.924925708859929,1.07213937574716,FALSE,TRUE,8.98616360553173
"bf220c06-3cce-4bdd-aa58-83940c223e9c","Commercial District",-1.18793572145132e-05,0.0370020609015972,57,0.999988120713345,0.930032340485059,1.07520588052483,FALSE,TRUE,3114.82012312849
"bfa4e927-1d6f-4a64-9801-7d168a5ef3f6","Astrologian's Planisphere",-0.0049092943526562,0.0382306396447488,17,0.995102736537086,0.923262812207429,1.07253259112219,FALSE,TRUE,7.78740016354161
"c3b92caa-3401-4b11-9515-152f3e057c05","Koma, World-Eater",-0.00474722053407202,0.0418273110812573,25,0.995264029707827,0.916925777789076,1.08029516982139,FALSE,TRUE,8.81090540897605
"c565f8fe-acf7-40dd-8100-8f692d1e232c","Talon Gates of Madara",-0.000909254157084099,0.0375596520095185,18,0.999091159089219,0.928183181242004,1.07541610787923,FALSE,TRUE,41.3081993817539
"c8f0b123-fdb0-4f3e-ba78-fa155c227e20","Greasewrench Goblin",0.00267593653086418,0.0381802507355005,20,1.00267952004473,0.930384483724809,1.08059220408763,FALSE,TRUE,14.2679956326058
"ca4c8b04-66af-4cb3-8003-9088d8344b20","Alpha Deathclaw",-0.000533319415038778,0.0384659012541164,28,0.999466822774482,0.926884343148068,1.07773309281948,FALSE,TRUE,72.1254470950013
"cbac1d27-15e2-4e2f-82ab-625a16e096cb","Enlightened Tutor",0.00370109975514632,0.0386692629434667,28,1.00370795728237,0.930446541785096,1.08273782347468,FALSE,TRUE,10.4480466622651
"cd062615-648f-4cc7-9373-520f3f6a90e3","Spitting Dilophosaurus",-0.000767472427289767,0.0382096741167509,32,0.999232822004346,0.927132829816271,1.07693978733191,FALSE,TRUE,49.7863802764662
"cda40e31-ba99-4565-ad92-7c687ff44bd9","Daretti, Scrap Savant",-0.00158130497940467,0.0358306560271342,17,0.998419944624559,0.930708280472767,1.07105782417424,FALSE,TRUE,22.6589155753015
"cdfadb17-76ad-4d4d-9fa7-33c4b88b4c0a","Sowing Mycospawn",0.00178776870058691,0.0402110898089261,11,1.0017893677118,0.925865811036,1.0839388659761,FALSE,TRUE,22.4923334857161
"ce35e6fb-ff54-44c4-a216-7ddd37f46882","Screaming Nemesis",0.00150243535986066,0.0387348257149726,37,1.00150356458132,0.928283754460275,1.0804986999393,FALSE,TRUE,25.7813592183859
"ce54c7c1-3401-4414-8da0-5846cb0ae1b4","Channel",0.00165145571010865,0.0379552851754121,39,1.00165282011407,0.929841717800077,1.07900984956473,FALSE,TRUE,22.982926483033
"ce648aa3-098b-4af0-a433-fd290bc85904","Balance",0.00298720736288254,0.0378096412163091,57,1.0029916735128,0.931350412664551,1.08014371761311,FALSE,TRUE,12.6571866707721
"d0e3e7b3-7ba9-47a2-b46c-a40bffb445e2","Twisted Landscape",-0.000385885534369498,0.0392568779423483,38,0.999614188909877,0.925584946905687,1.07956436630745,FALSE,TRUE,101.731924225899
"d13a898e-6a97-4fd9-980e-3bfd8d755386","Tarfire",-0.000560891232638723,0.0379717495243587,39,0.999439266037443,0.927756919872814,1.07666008746601,FALSE,TRUE,67.6989535844943
"d2124603-d20e-40eb-97f0-a66323397ac2","Bolas's Citadel",0.00143720278003857,0.0381457946546165,30,1.0014382360509,0.929295455432865,1.07918158295265,FALSE,TRUE,26.5416927829716
"d58d3545-043a-457a-8324-facc3c2363ec","Overlord of the Boilerbilges",0.0070998674834186,0.0377929048564929,48,1.00712513129708,0.935219305335503,1.08455955122342,FALSE,TRUE,5.32304369690793
"d91a527d-51f1-4fb1-9016-fc923fd43a6a","Azorius Signet",-0.000486028021162929,0.0386834656559848,25,0.999514090071323,0.926532995614943,1.07824375492213,FALSE,TRUE,79.591019389018
"d9482aab-6ddf-48e1-84fa-b13d5ff81e69","Icetill Explorer",0.00126962314607633,0.0405061599265324,9,1.00127042945874,0.924851171297049,1.08400411225353,FALSE,TRUE,31.9040811848093
"da13a060-36ee-41e9-bab1-af8ddcc893b8","Norman Osborn // Green Goblin",-0.000944390340556213,0.0375667732255789,19,0.999056055455655,0.928137614351751,1.07539333231283,FALSE,TRUE,39.778862205911
"db2a5e85-6cbc-43c1-9362-4056ad017ef0","Pyrokinesis",0.000800295611987196,0.0396758404286786,9,1.00080061593397,0.925922860660542,1.08173360374673,FALSE,TRUE,49.5764812831604
"dd16222e-349c-4a2b-a7c8-8eb35a8ab332","Static Prison",-0.00387303915039486,0.038299748716537,33,0.996134451392227,0.924094863361303,1.07379002372241,FALSE,TRUE,9.88881011250099
"e16ab44e-4257-4c0c-b705-8ac1e9c1d835","Touch the Spirit Realm",-0.00345719638723367,0.0381116266114572,34,0.99654877283529,0.924820157639838,1.07384062559142,FALSE,TRUE,11.0238535340923
"e2312c49-1627-47ad-8113-78a999a97d8d","Contaminated Landscape",-0.00439591582528764,0.0393567384665866,51,0.995613732070394,0.921700336201861,1.0754544232585,FALSE,TRUE,8.95302367715636
"e419cd0b-2449-4cc5-9ead-b9e45e271700","Phlage, Titan of Fire's Fury",-0.00791411434010193,0.0385502511710131,64,0.992117119811597,0.919916285928414,1.06998473065391,FALSE,TRUE,4.87107584176204
"e4775a26-0b66-40e9-8f64-41d9308ca032","Surrak, Elusive Hunter",-0.000356500331529552,0.0376960056540113,35,0.999643563207163,0.928448216005596,1.0762983182419,FALSE,TRUE,105.739047961829
"e6d7fba8-a157-4d81-9d6b-bd210a96b248","Gleemox",-0.00445023861393152,0.0396842714810137,41,0.99555964902504,0.921058791157672,1.07608659108623,FALSE,TRUE,8.91733565853787
"e7c53ba4-9956-4cd6-85ca-2d6b61a5127c","Dance of the Dead",-0.00394683012660596,0.039476615869739,9,0.996060948370584,0.921897717328914,1.07619033458886,FALSE,TRUE,10.0021066535454
"e9a268ba-c442-4fe4-90b4-2810c8474f4e","Caustic Bronco",-0.00314831366634029,0.037405478184183,9,0.996856637076271,0.926387142820842,1.07268668675294,FALSE,TRUE,11.8811154632075
"ea7e7daf-7c06-4c74-8bcf-e42c1f611861","Virtue of Loyalty // Ardenvale Fealty",-0.00696204211437574,0.0392345781635227,36,0.993062136756846,0.919558316192415,1.07244139941389,FALSE,TRUE,5.63549853892844
"ec3de5f4-bb55-4ab9-995f-f3e0dc22c1bb","Voice of Victory",-0.000993530901030057,0.0374565572764584,40,0.999006962487383,0.928292517387581,1.07510821471114,FALSE,TRUE,37.7004451875878
"ec59ed99-ce40-489a-b776-8874bec60393","Trash for Treasure",-0.00651573246966746,0.0400173348627453,38,0.993505448886156,0.918558478647432,1.0745674879839,FALSE,TRUE,6.14164793429396
"eca8d6f8-c6f1-437c-99e2-4281eae14a6f","Fateful Absence",0.00262990353991279,0.0384307028695733,62,1.0026333647698,0.929885076539196,1.0810730159161,FALSE,TRUE,14.6129705087388
"efda91fa-03b2-4fb4-ae07-b45f6c6d3eab","Yawgmoth's Will",0.0101907921742038,0.0394227649898354,40,1.01024289513652,0.93512242053951,1.09139796539687,FALSE,TRUE,3.86846913526773
"f0192cf7-3391-4720-b9c8-72dec5dde01e","Bloodtithe Harvester",0.00175159550909548,0.0391857519956903,29,1.00175313044858,0.927694801109972,1.08172357241071,FALSE,TRUE,22.3714617856755
"f1a21287-e244-4960-84fb-c4f6e5c346d9","Third Path Iconoclast",-0.00390279916448778,0.0373193077163501,66,0.996104806858028,0.925844817300429,1.07169664689466,FALSE,TRUE,9.56219014699109
"f1e5cafb-b0e6-4ee5-8c58-6f8e5ef2b9da","Virtue of Persistence // Locthwain Scorn",0.0065765525735685,0.0369573838299085,68,1.00659822558062,0.936262006938021,1.08221841774375,FALSE,TRUE,5.61956791441798
"f20015ad-8fda-498f-ac28-1ffb824ab480","Caldaia Guardian",0.0015010847921058,0.0352928981199361,74,1.00150221198382,0.934566030891368,1.0732325458607,FALSE,TRUE,23.5115952846511
"f252ae53-443c-4a27-b8f0-639a9a2b8598","Pestermite",-0.00257554970119633,0.0395314172951676,38,0.997427764181302,0.923063612471795,1.07778286492699,FALSE,TRUE,15.3487301280987
"f33d3948-fe7b-4c3b-ab67-1022623fbb2b","Toby, Beastie Befriender",-0.00134026508646728,0.0380683251065264,64,0.998660632667663,0.926858672123513,1.07602495314115,FALSE,TRUE,28.4035788821958
"f44e5128-e146-4e46-b313-a40d82719d1d","Spirit of the Labyrinth",0.00488302848866317,0.0373081094122633,40,1.00489496990111,0.934035469130985,1.08113014323972,FALSE,TRUE,7.64036284016791
"f46a9329-7b91-441d-8653-50c1152c9120","Kellan, Planar Trailblazer",0.000144762909399085,0.0377024507429768,58,1.00014477338805,0.928901995318196,1.07685156537186,FALSE,TRUE,260.442753599528
"f5881bbc-8600-464d-9dcd-5a7780918d1d","Galvanic Blast",0.00601018687596736,0.0396352009274291,63,1.00602828428722,0.930833547206369,1.08729741404722,FALSE,TRUE,6.59467030649519
"f5fb426a-5618-4dd4-9c51-0cc847be8c1d","Multiversal Passage",-0.000391515612967559,0.0382867995620281,17,0.999608561019269,0.927341264304269,1.07750761637106,FALSE,TRUE,97.7912458505212
"f61693a2-7042-44e0-85ba-9bf12ab94e7e","Suplex",-0.000253767489602462,0.0375891839202514,35,0.999746264706643,0.928738033111868,1.0761835503236,FALSE,TRUE,148.124505542993
"f62fd592-4910-417d-a500-e7029f3d119f","Kitesail Freebooter",-0.00185108420220254,0.0379742223094868,36,0.998150627997521,0.926556215543698,1.07527709539698,FALSE,TRUE,20.5145839742474
"f632be90-9e7f-41f8-a52e-a2952354d730","Descendant of Storms",-0.00586097307686819,0.0390539257069384,36,0.994156168919891,0.92089738353559,1.07324280193623,FALSE,TRUE,6.66338595907812
"f6ca59cd-8779-4a84-a54b-e863b79c61f0","Underground Mortuary",-0.00374900713207544,0.04032157181088,54,0.996258011621304,0.920554302290252,1.07818737390104,FALSE,TRUE,10.7552667654057
"f823be95-bef4-4e86-a924-239be62394bf","Izzet Signet",0.00260061207101489,0.0369418593300768,56,1.0026039965959,0.932575251355148,1.07789132569126,FALSE,TRUE,14.2050633932727
"f83ed433-fae3-4fa5-acad-bb8a5b535ce3","Coveted Jewel",0.00266467673164626,0.0372664762163858,60,1.00266823013821,0.932041798941564,1.07864645219793,FALSE,TRUE,13.9853648188545
"f88d81d9-8ded-4c20-8237-2218046595fb","Shadow, Mysterious Assassin",-0.00627334608001308,0.0379842006267073,18,0.993746290272172,0.922449747036574,1.0705533744274,FALSE,TRUE,6.05485495973596
"f9246b68-580f-4f53-883d-7900880e4b0d","Six",0.00114463001503049,0.0358505973486812,60,1.00114528535398,0.93321231649825,1.07402341853724,FALSE,TRUE,31.3206860539353
"f9287151-95df-4f5a-b32a-4b0aea825452","Karn Liberated",-0.00252413842562932,0.0376726551068405,19,0.997479044533127,0.926480257256644,1.07391866851957,FALSE,TRUE,14.9249560659289
"fa6ac7d2-0127-49a8-b7d2-a38308d3c27b","Liliana, the Last Hope",-0.00312521080222461,0.0362013048264394,46,0.996879667585734,0.928597618268737,1.07018266264629,FALSE,TRUE,11.5836361504544
"fa7b7897-36e0-415a-8bb7-602886164852","Show and Tell",0.00231846920048445,0.0385283481108083,64,1.00232115892848,0.929417630173814,1.08094324125082,FALSE,TRUE,16.61801161851
"fc7d1912-7e27-49ef-bd98-375d975a42b0","Starting Town",-0.00136297886394913,0.0373664269601109,36,0.998637949569883,0.928113566763346,1.07452125476303,FALSE,TRUE,27.4152651581437
"fd52688a-39fd-430f-b950-cb56e0004396","Talisman of Curiosity",0.00147006580150349,0.0395749815941533,9,1.00147114687792,0.926726404159479,1.08224439654185,FALSE,TRUE,26.9205511438185
"fd6ddbca-b943-49d6-b341-509bb72dd5a6","Primeval Titan",-0.0037594977250559,0.0372214928459342,39,0.996247560338821,0.926155044484499,1.07164476120031,FALSE,TRUE,9.90065577054732
"febaaeae-5c0d-45fa-8169-b27b4996f18e","Chrome Host Seedshark",-0.00872890473977054,0.0375155021578115,74,0.991309081542643,0.92103311400617,1.06694719245712,FALSE,TRUE,4.29784758526277
"ff590af2-2d6c-4f16-a9b8-1a6dab6e9ad5","Echo of Eons",-0.00437582738879748,0.0370601282648615,63,0.995633732594508,0.925877188642166,1.07064580663644,FALSE,TRUE,8.46928477109012
