scryfallId,card_name,coefficient,std_error,p_value,odds_ratio,games_with_card,total_games,win_rate_with,win_rate_without,decks_with_card,significant
6da09e6a-2965-4855-bd41-41b41ba188fb,Through the Breach,1.192400439601073,0.36229623505323855,0.0009975012299905887,3.294981125129616,45,1676,0.6888888888888889,0.49478847332924586,5,True
661fc907-7003-45c6-820c-9616e9a71c30,Seething Landscape,0.7943729230496896,0.3390259777874421,0.019124081968573126,2.2130528071934994,51,1676,0.6666666666666666,0.4947692307692308,5,True
2b5801fb-2026-4f25-98bc-ebb2f99684b9,Undercity Sewers,0.6536683095490855,0.25290808052694913,0.009748969813131562,1.9225805297351806,90,1676,0.6333333333333333,0.49243379571248425,10,True
63af3c26-5b1f-46f6-9aa2-036c615bf5ea,Flash,0.651777847233284,0.25794399825922204,0.011510074001846863,1.9189493970358147,84,1676,0.6071428571428571,0.4943467336683417,9,True
3a2d7cf9-dddb-4de3-b4f2-c52e3ec8fb4b,Brain Freeze,0.6445131109208133,0.2481380992986223,0.00939333355711822,1.9050592508832098,90,1676,0.5777777777777777,0.49558638083228246,9,True
2ef878cb-27b6-47d8-ad11-bd20529b0e7e,Cast into the Fire,0.6056249774429275,0.3057960930518997,0.04764890958639854,1.8323970579237856,58,1676,0.6206896551724138,0.4956736711990111,6,True
bd8fa327-dd41-4737-8f19-2cf5eb1f7cdd,Black Lotus,0.5955630756140098,0.19526391167361007,0.002288095850378396,1.8140521059411516,139,1676,0.6115107913669064,0.48991541964866625,14,True
66d80dd1-b944-4cb2-8578-b4dbcabbbc1e,Ophiomancer,0.5658387429835268,0.3269496885899483,0.0835124262353609,1.760924126254295,57,1676,0.5087719298245614,0.4996911673872761,6,False
0e51d796-7279-4c06-87f0-37adbdaa41df,Underworld Breach,0.5645195701394979,0.2563459639201787,0.027652702189423502,1.7586026944880673,81,1676,0.5432098765432098,0.49780564263322885,8,True
bce84a87-093a-42de-9696-8c3250e0f33b,Goblin Rabblemaster,0.5580072475621638,0.31489232213457463,0.07638504109745897,1.7471873171102514,55,1676,0.6,0.49660703269586676,6,False
96b6b2e1-c3e6-464c-8a13-b15deb34e862,Aetherflux Reservoir,0.532081060185158,0.33952620223887375,0.11708474673923061,1.7024715704343973,48,1676,0.5208333333333334,0.49938574938574937,5,False
2487d124-210b-4808-888c-cd0a78aebd90,Molten Collapse,0.5189813212788582,0.3328834893510178,0.11898503188828205,1.6803150763528747,47,1676,0.6170212765957447,0.49662369551872315,5,False
2e139ad1-1079-49e9-babd-6399c44ad333,Seasoned Pyromancer,0.5169105001885466,0.31500240159425835,0.1008029776833232,1.6768390448162915,56,1676,0.6428571428571429,0.49506172839506174,6,False
24e58478-c6a8-4f86-854a-a489c99bd777,Usher of the Fallen,0.5103658961332569,0.24396355665689104,0.036440666062381596,1.6659006300430372,94,1676,0.5425531914893617,0.4974715549936789,10,True
9721f8da-39ed-4ada-a571-61e08a86032b,Broadside Bombardiers,0.4869876848688052,0.22044574289016544,0.027167372497338676,1.6274065675297902,126,1676,0.5873015873015873,0.49290322580645163,13,True
eeeffc0b-dc92-458e-ad58-86ff6077a508,Sentinel of the Nameless City,0.47635647161504024,0.26583813143392215,0.07314830864272633,1.6101969031557124,81,1676,0.6172839506172839,0.49404388714733544,8,False
311a6257-dd77-4bb6-81cb-c8e7862350f3,Necromancy,0.47195513706430836,0.23054920492782666,0.04064917833395525,1.6031254611987868,104,1676,0.5384615384615384,0.49745547073791346,11,True
8a720448-017f-4f4a-9501-678245eaed17,Mishra's Bauble,0.46977957359937106,0.22408217299451721,0.036041301388830244,1.5996415511235638,99,1676,0.5757575757575758,0.49524413443246673,11,True
4a1f905f-1d55-4d02-9d24-e58070793d3f,"Atraxa, Grand Unifier",0.4611598190719519,0.21062275906818625,0.028560074537658114,1.5859122900582268,131,1676,0.5877862595419847,0.4925566343042071,14,True
09521f23-52d6-482d-9f3b-c4d12fcc08cc,Tidehollow Sculler,0.45972328971975407,0.23614990747787,0.051565497572018275,1.5836357160777175,96,1676,0.5625,0.4962025316455696,10,False
a6539e26-b63b-4725-9407-caaf451de084,Troll of Khazad-dûm,0.4516940031325944,0.19752871460487303,0.02221183422319771,1.5709711627673333,145,1676,0.5793103448275863,0.4924885695623775,15,True
b6cb2549-e485-44d6-9d65-7605c568909e,Unearth,0.445419121343056,0.2380810167695596,0.06136281708710267,1.5611443676584809,90,1676,0.5444444444444444,0.4974779319041614,10,False
4acf970d-d2d7-413d-aba7-587ee53d8d5c,Stomping Ground,0.4440136145004048,0.21023676573258146,0.03468907460725989,1.558951709826121,126,1676,0.626984126984127,0.4896774193548387,12,True
f1e5cafb-b0e6-4ee5-8c58-6f8e5ef2b9da,Virtue of Persistence // Locthwain Scorn,0.4410809160824856,0.2793626803629372,0.11436295413017311,1.5543864721178309,68,1676,0.5882352941176471,0.4962686567164179,7,False
605c2218-9d12-4ac3-a721-fca590b89847,Karakas,0.4243284991747707,0.1962832454202424,0.03063226793507255,1.528563643213511,139,1676,0.5683453237410072,0.49381912817176316,15,True
2424f2c4-366b-42cf-bf4b-a8a5bfdd2c4b,Life // Death,0.4205566104441919,0.25482550523801967,0.09886708951295596,1.5228089311233002,88,1676,0.5454545454545454,0.49748110831234255,9,False
1dd64b1d-bcef-476c-bf0b-3ac7df7cbed3,"Nissa, Ascended Animist",0.41703821786780626,0.35413648936755115,0.23894812698516488,1.5174605059319102,64,1676,0.5625,0.4975186104218362,7,False
bb41ff5c-9617-4033-a4fa-99323640b9c3,Duress,0.4101069549742767,0.20990827111634833,0.05073153954714348,1.5069789553891277,126,1676,0.6111111111111112,0.49096774193548387,13,False
0d16e8e0-31b2-4389-afd6-783c501f6fa0,"Ajani, Nacatl Pariah // Ajani, Nacatl Avenger",0.4052034320065122,0.20056935225293035,0.043355809205870614,1.499607537198829,142,1676,0.5845070422535211,0.4921773142112125,14,True
26d40e03-6de4-4373-9fbf-04c1dd79e995,Jetmir's Garden,0.40169679149417403,0.22743813817009903,0.0773655811117213,1.4943581618714634,106,1676,0.6132075471698113,0.4923566878980892,11,False
24c0d87b-0049-4beb-b9cb-6f813b7aa7dc,Fable of the Mirror-Breaker // Reflection of Kiki-Jiki,0.40092925829689097,0.21037632815278368,0.0566798285907742,1.493211632429586,121,1676,0.5785123966942148,0.49389067524115754,13,False
4ced112a-e775-4f97-97b3-74877e9dce12,Dragon's Rage Channeler,0.3996779344463004,0.23725336236643726,0.09206502255180686,1.4913443096563652,95,1676,0.6105263157894737,0.49335863377609107,10,False
758f95f8-bcb0-43ae-b474-56ebd855951e,Lion's Eye Diamond,0.3988578409132216,0.23484988933588802,0.08944129624571351,1.4901217691997022,98,1676,0.5306122448979592,0.49809885931558934,10,False
b7f16fdf-a3f5-462d-a64a-789d893b6ef5,Batterskull,0.39631499514195606,0.3061922094969427,0.19555006834690558,1.4863374328911583,55,1676,0.5636363636363636,0.49784083898827886,6,False
819a513c-3be6-4bdc-8ba6-1f7326a8f3ea,Fiery Confluence,0.39036547108145303,0.22255635470022742,0.07942925608947991,1.4775206863021921,112,1676,0.6160714285714286,0.49168797953964194,11,False
55d35442-5ca0-4fd7-8ff1-b7347b3e6690,Piggy Bank,0.38637862661321276,0.26395488709065423,0.14324708772175201,1.471641768080673,76,1676,0.5789473684210527,0.49625,8,False
24a5cc2c-0fbf-4a5f-b175-6e0ffd0d0787,Misty Rainforest,0.3863716425732604,0.21118557240529665,0.06731932646512324,1.47163149011166,121,1676,0.6033057851239669,0.4919614147909968,14,False
0e9aeaa8-9a75-4719-992f-cbb316f72175,Savannah,0.3842526033211747,0.271976340462035,0.1577097482924773,1.4685163469405036,75,1676,0.56,0.4971892567145534,8,False
3277ad99-5682-4baa-b106-de15721876a6,Glorybringer,0.38279170351093594,0.2841206488103755,0.17788821739698712,1.466372557999632,68,1676,0.5735294117647058,0.4968905472636816,7,False
75fdce80-e338-4a50-bdc6-786511feaeef,Ziatora's Proving Ground,0.3816476063975425,0.27715958097941906,0.16851351573722717,1.464695844733165,68,1676,0.5735294117647058,0.4968905472636816,7,False
773199f9-c83b-4a77-8342-9f1552ecf595,Intrepid Adversary,0.3812045619636483,0.24732590440077537,0.12324266219415005,1.4640470631219613,96,1676,0.53125,0.4981012658227848,10,False
f5881bbc-8600-464d-9dcd-5a7780918d1d,Galvanic Blast,0.38014275258817454,0.28326223374137266,0.17959046138975232,1.4624933492441612,63,1676,0.5714285714285714,0.4972101673899566,7,False
06c0c35d-a26e-473a-9206-8fbda7191700,Entomb,0.3760945697572344,0.23449086051287366,0.1087410999363669,1.4565848761359799,104,1676,0.5192307692307693,0.49872773536895676,11,False
a9738cda-adb1-47fb-9f4c-ecd930228c4d,"Ragavan, Nimble Pilferer",0.3754663800161461,0.21803428675508243,0.08506009878262093,1.4556701518000696,122,1676,0.5737704918032787,0.4942084942084942,13,False
6989018c-37b1-4282-a4af-9cc97f160b4d,Oliphaunt,0.37355455283717315,0.19187251366881705,0.05154800208999375,1.4528898206434362,143,1676,0.5944055944055944,0.4911937377690802,15,False
0cb33b46-4d1b-4f97-bfdc-d815aee111da,Mana Crypt,0.36519316907768873,0.19127948212907792,0.056234690623705695,1.44079229778918,144,1676,0.5902777777777778,0.4915143603133159,15,False
56995b84-2307-4955-9c7c-dc4f04acdc07,Inquisition of Kozilek,0.365172642049509,0.18388792942828083,0.04705070837574594,1.4407627229086255,149,1676,0.5503355704697986,0.4950884086444008,16,True
21c950d7-b4f6-4902-8c9a-98f2933f9fa5,Adanto Vanguard,0.36121451494565104,0.2145664809548429,0.09228569167110615,1.4350712720982615,125,1676,0.52,0.498388136686009,13,False
5ad36fb2-c44e-4085-ba0d-54277841ad3a,Lurrus of the Dream-Den,0.3448279737201707,0.2609639018779841,0.18638044698616185,1.411747041185962,84,1676,0.5238095238095238,0.49874371859296485,9,False
224d904a-5972-4152-878a-9a922e7a55b6,"Titania, Protector of Argoth",0.34440714806347755,0.2948692088659282,0.24280688512238002,1.4111530667988668,62,1676,0.5806451612903226,0.4969021065675341,6,False
02d6d693-f1f3-4317-bcc0-c21fa8490d38,"Jace, Vryn's Prodigy // Jace, Telepath Unbound",0.3419738897627812,0.20461148413453137,0.09465595630168558,1.4077235410386495,143,1676,0.5594405594405595,0.49445531637312456,15,False
d58d3545-043a-457a-8324-facc3c2363ec,Overlord of the Boilerbilges,0.3405069232323215,0.32328404356940893,0.2922150835662528,1.4056599716834595,48,1676,0.5416666666666666,0.4987714987714988,5,False
b277752b-430a-4f09-8a98-b72f813dd52e,Bountiful Landscape,0.33885909233672173,0.332902195178075,0.3087284114534532,1.4033455891326432,46,1676,0.5434782608695652,0.49877300613496933,5,False
0ecbe097-ba51-42e5-957c-382eb66c08f0,Robber of the Rich,0.3260449320182275,0.24514825155117814,0.18352128530081335,1.3854776197799104,100,1676,0.54,0.49746192893401014,11,False
cf3eb762-6c3f-4b11-a4f9-968f79370217,Mystic Confluence,0.32309655797552067,0.22927857124786294,0.15877965381992543,1.3813987295308516,97,1676,0.5567010309278351,0.49651678277390754,10,False
5427d8a6-ac9e-4e50-bd39-81713b2ade25,Fatal Push,0.3221471593622893,0.20329350735422458,0.11304799936739186,1.3800878538629502,130,1676,0.5923076923076923,0.4922380336351876,13,False
a3bb2881-e8fb-4fba-a9f9-d93e6ca24378,"Laelia, the Blade Reforged",0.3164405637381278,0.21316093387608878,0.13767239651738303,1.3722346793125935,135,1676,0.5851851851851851,0.4925373134328358,14,False
ce648aa3-098b-4af0-a433-fd290bc85904,Balance,0.3154582645516961,0.3078559509637793,0.3055074129673593,1.370887396129433,57,1676,0.5789473684210527,0.4972205064854849,6,False
18a3cca1-e50e-49b6-9e1a-f86640e3b177,Snuff Out,0.31027951717296115,0.20148422045204756,0.12356783295849345,1.363806268132687,121,1676,0.5371900826446281,0.49710610932475885,13,False
5f6927e1-c580-483a-8e2a-6e2deb74800e,Mox Jet,0.3051076037747157,0.20039247425393483,0.1278712745277745,1.3567709888315933,130,1676,0.5769230769230769,0.4935316946959897,14,False
87cc2855-6b14-44dd-a398-7dc2bbae081f,Kaldra Compleat,0.3025269889531645,0.28635790534631234,0.2907560073129426,1.3532741993822976,63,1676,0.5873015873015873,0.49659020458772474,7,False
107492bd-b32f-4692-917c-7771986b5bf7,Thespian's Stage,0.3015044294355467,0.27329856779114964,0.2699380187083601,1.351891103239352,71,1676,0.5070422535211268,0.4996884735202492,7,False
0c9a7cb0-5bff-48ff-b620-2838816ac9b5,Counterspell,0.2989901410192209,0.21592209429838086,0.16614022815060137,1.3484963286079894,119,1676,0.5462184873949579,0.4964675658317277,13,False
95c14c4d-6c16-4826-8d93-d89ad04aee09,"Etali, Primal Conqueror // Etali, Primal Sickness",0.29561056917506245,0.23272717139608026,0.20401260797985654,1.3439466806452711,103,1676,0.5631067961165048,0.49586776859504134,11,False
19557351-b65f-4b04-b971-66abdc07000a,Stoneforge Mystic,0.29550328152658695,0.281463068917137,0.2937719242539397,1.3438024995007944,65,1676,0.5846153846153846,0.4965859714463066,7,False
a24e8dba-5c86-4e32-8a52-61402f7fe9f0,Containment Priest,0.2954026256770803,0.298311785712025,0.3220529547844755,1.3436672447258444,61,1676,0.5573770491803278,0.4978328173374613,7,False
926916ed-2f22-4ba9-9427-194886ad6c1e,Urza's Cave,0.28527533095219426,0.32855948401016155,0.38525155906546205,1.3301282031742179,50,1676,0.54,0.498769987699877,5,False
7f7e780e-fbc5-4dc0-b5c7-efcb8645c7c6,Ertai Resurrected,0.2851826698345771,0.3341259741797111,0.39337188344209406,1.3300049577184567,48,1676,0.5,0.5,5,False
d67be074-cdd4-41d9-ac89-0a0456c4e4b2,"Sheoldred, the Apocalypse",0.28366924432632623,0.20877994031763222,0.17424176410035908,1.3279936166806692,118,1676,0.5338983050847458,0.49743260590500643,13,False
1c0f2873-5849-4cab-855a-2fbbc41dbb6c,Chaos Defiler,0.28140407446095134,0.2224568731612683,0.20587756429004744,1.3249888899517435,105,1676,0.5333333333333333,0.49777211966900065,11,False
0359f212-9564-41a9-870b-d2c57455a695,Brainstorm,0.27771571501806164,0.23007814149408165,0.2274130657207344,1.3201108561688102,95,1676,0.5368421052631579,0.49778621125869704,11,False
7c024bae-5631-4e20-ac69-df392ac9e109,Orcish Bowmasters,0.27733407866775206,0.20504649032614106,0.17620185435276403,1.319607150002063,126,1676,0.5793650793650794,0.4935483870967742,13,False
06cb1bd6-73e0-4104-b344-4bc52d7dcedf,Baleful Strix,0.27510291081208077,0.2409132728119795,0.2534886094854484,1.3166661670801887,95,1676,0.6105263157894737,0.49335863377609107,10,False
47a6234f-309f-4e03-9263-66da48b57153,Solitude,0.27368972835963884,0.21289988419065045,0.1986062541504635,1.3148067916849318,120,1676,0.5916666666666667,0.4929305912596401,13,False
6fd672bb-18cf-44e3-8dda-5310b1e0fffe,Godless Shrine,0.2732203617480543,0.22385854074909856,0.22227367556170752,1.3141898100828393,107,1676,0.4953271028037383,0.5003186743148502,11,False
94c6fdd8-21e7-48ae-aa05-a3666b928c1a,Timetwister,0.273179690329429,0.21685109508783143,0.20775702717083555,1.3141363612058485,111,1676,0.5135135135135135,0.49904153354632586,12,False
005dae9a-dddc-4a11-95bb-cce319edcce4,Skullclamp,0.2729870957128706,0.21764721630450823,0.20974601827688844,1.3138832899881159,108,1676,0.5648148148148148,0.4955357142857143,12,False
07313dd3-d0dc-40ca-98a3-fa4d39e5bcae,Oust,0.27260230629123994,0.21262425176415045,0.1998129251864288,1.313377818853081,119,1676,0.5042016806722689,0.49967886962106617,13,False
4cbdacc1-7a1b-4633-85f5-eb50c2bf406d,Snapcaster Mage,0.272420284178258,0.23108755854161395,0.23845322998305285,1.313138776803479,96,1676,0.5208333333333334,0.49873417721518987,11,False
2398892d-28e9-4009-81ec-0d544af79d2b,Ancestral Recall,0.2718091211556989,0.1857959257877164,0.1434825757875057,1.3123364801316106,149,1676,0.5302013422818792,0.49705304518664045,16,False
68924203-c3d9-41ce-8ca8-c6dd491eb3ca,Psychic Frog,0.26981517287136825,0.20305794379108585,0.18392732614165275,1.3097223561387221,131,1676,0.5419847328244275,0.4964401294498382,14,False
49bb0ad3-1082-41f1-82a4-52a4006cc9b6,"Leovold, Emissary of Trest",0.26784036723819904,0.3009561552031939,0.37348481793225385,1.307138461236771,60,1676,0.6166666666666667,0.49566831683168316,6,False
68841ca8-a043-4f30-9a17-e983ed960bc2,Demonic Tutor,0.26505912350815164,0.19819638912004617,0.18110647056840212,1.3035080414684648,146,1676,0.5616438356164384,0.49411764705882355,15,False
1ee98955-4c47-4d45-9377-608dfa755337,Bone Shards,0.2647513871078308,0.2229605665966346,0.23505571576894846,1.3031069663118717,108,1676,0.48148148148148145,0.5012755102040817,11,False
6efb6a69-562c-4d95-858d-b067444cfd7e,Palantír of Orthanc,0.264283170262272,0.25150376991749757,0.2933449601273219,1.302496972494514,82,1676,0.5487804878048781,0.4974905897114178,9,False
b34bf7fd-9fe3-43e2-8cfe-7ce7cff08afe,Stonecoil Serpent,0.26244457001569094,0.23917720674797316,0.27251863715165525,1.3001044014046097,92,1676,0.44565217391304346,0.5031565656565656,10,False
17f28b16-da65-41a8-ba4f-f1c5e104aad6,Council's Judgment,0.26182981812207073,0.22892970682326608,0.25274279562373425,1.2993054053792652,105,1676,0.5428571428571428,0.49713558243157224,11,False
261ac92e-c61a-4c11-aa6a-9ae1cb703e5c,Dreams of Steel and Oil,0.2590875422779203,0.25210235280948556,0.3040873202267539,1.2957472325274608,84,1676,0.5714285714285714,0.4962311557788945,9,False
b598c93e-dae1-4d71-a9e4-917abf76d2d0,Raucous Theater,0.2557102863639841,0.2720765845115548,0.3472961886314968,1.2913785437658052,66,1676,0.5303030303030303,0.49875776397515525,7,False
3003d481-1b52-4aa9-bbdc-e948fbc8d49d,Sylvan Library,0.25265349696176825,0.28940399295769187,0.38265589993790994,1.287437098671828,86,1676,0.5697674418604651,0.4962264150943396,9,False
e7b3ddca-69ef-4743-897b-57c58077db24,Time Warp,0.25109710676707886,0.23358734052525396,0.2823925237529684,1.2854349026984346,98,1676,0.5306122448979592,0.49809885931558934,10,False
15db4353-9c46-4fe4-b22e-0cf024aa9dfc,Grim Lavamancer,0.2502279286614905,0.28244544581726144,0.3756532744945392,1.2843181162383281,66,1676,0.5454545454545454,0.49813664596273294,7,False
33ab05b5-d6f5-439c-9aed-1a58ceb282ad,Flametongue Yearling,0.24832978953284243,0.26350876835742876,0.3459895842666365,1.2818826139605959,74,1676,0.5405405405405406,0.49812734082397003,8,False
8870ef0b-cb1f-463b-8509-fece4743d3d4,Ramunap Excavator,0.24520008930557546,0.23666464025890444,0.3001715456980013,1.2778769771431913,96,1676,0.5208333333333334,0.49873417721518987,10,False
bbec97ff-bb84-4496-9e09-d4fc1570c516,Mawloc,0.2427086228205123,0.2344648365785972,0.3005941905740461,1.2746971523409383,108,1676,0.6018518518518519,0.492984693877551,11,False
bd3d4b4b-cf31-4f89-8140-9650edb03c7b,Ancient Tomb,0.2419817671119543,0.2304767521585557,0.2937556625488982,1.2737709680810116,93,1676,0.5806451612903226,0.4952621604548326,10,False
3d3025a2-4a17-4137-ba0b-bd676c6f5f88,"Tinybones, the Pickpocket",0.24119898342742066,0.2813621929181261,0.3913042928369861,1.2727742710993268,68,1676,0.5,0.5,7,False
26c68473-70ca-40ba-b5c6-71ec30f88a2c,Damnation,0.2380619480204761,0.27726436683358685,0.39055573901338914,1.2687877892823884,66,1676,0.5303030303030303,0.49875776397515525,7,False
18092f68-b96e-4084-9eba-b240d2195d81,"Adeline, Resplendent Cathar",0.2377950192642478,0.2383597653280079,0.3184584692125497,1.2684491585330306,92,1676,0.5,0.5,10,False
6f11029a-b24d-4248-834f-b852b56857f6,Biogenic Ooze,0.2368604703051785,0.26620553419546583,0.3735918755007026,1.2672642844399538,87,1676,0.4827586206896552,0.500943989930774,9,False
d51269cf-a333-4a64-94cd-245798d840d2,Elder Gargaroth,0.2358882209961667,0.22115057337424823,0.2861340763552581,1.2660327863736518,110,1676,0.5454545454545454,0.49680715197956576,11,False
612b2e6e-fe8d-49ad-b845-6fa7fa59ffd1,Concealing Curtains // Revealing Eye,0.23243938780130682,0.20595336969477504,0.2590657607751684,1.2616739712079172,119,1676,0.5546218487394958,0.49582530507385997,12,False
61a28870-cf78-4323-9d82-cee764067764,Lightning Greaves,0.2323342096899296,0.35903155332811443,0.517558408273503,1.2615412777008004,40,1676,0.525,0.4993887530562347,5,False
c1e0f201-42cb-46a1-901a-65bb4fc18f6c,Urza's Saga,0.23024058862804117,0.2210739498784074,0.2976601930231342,1.2589028512077425,100,1676,0.52,0.4987309644670051,11,False
8ca3c48b-f104-4292-9a4e-2ce87a65893c,Mutavault,0.22613656456955705,0.29206416023088866,0.4387710449837787,1.253746870989374,62,1676,0.46774193548387094,0.5012391573729864,7,False
f823be95-bef4-4e86-a924-239be62394bf,Izzet Signet,0.22434472492798269,0.3072349474238274,0.4652644289284811,1.2515023691396634,56,1676,0.5178571428571429,0.4993827160493827,6,False
2dc16614-5cf8-444d-a5ae-cac25018af68,Burst Lightning,0.22390221141471997,0.21442124020603817,0.29638520356015363,1.250948684944843,113,1676,0.5752212389380531,0.4945617402431222,12,False
18f23daa-bc59-456a-8a28-3823e51bc74b,Night's Whisper,0.22045899634283309,0.2588860725889069,0.3944541184048028,1.246648806529949,85,1676,0.5176470588235295,0.49905719673161536,9,False
9d3a7998-ccac-45ad-a4e9-3a2cb057f63b,Elite Spellbinder,0.21969546847974836,0.2011329456934063,0.27470573468718773,1.2456973187206333,131,1676,0.5725190839694656,0.49385113268608416,14,False
b045c28a-39f9-4cd9-8f3a-a626b697f409,Cathartic Pyre,0.21390032372561696,0.2197524229628164,0.33036965195255474,1.2384991996547323,106,1676,0.5188679245283019,0.49872611464968153,11,False
37dbe1a3-3c44-452b-9fb9-37f5d793d0b5,Memory Jar,0.21174903553534427,0.27856933663128497,0.44717661223136296,1.2358376948112848,65,1676,0.5076923076923077,0.49968963376784603,7,False
1daf4348-05c5-4c55-bcf2-c7bec7988bfc,Plateau,0.21034481330974159,0.23696181719371898,0.3747162054203709,1.234103521920011,98,1676,0.6122448979591837,0.49302915082382764,10,False
fa7b7897-36e0-415a-8bb7-602886164852,Show and Tell,0.20894327620262587,0.29198213353030456,0.47423655134406284,1.2323750915525968,64,1676,0.484375,0.500620347394541,7,False
df3784d4-80cd-4f78-afb3-d61f3bab5b2c,Zealous Conscripts,0.2079277134833918,0.22928136484403744,0.36447711087435186,1.2311241726543154,113,1676,0.584070796460177,0.49392194497760716,12,False
e9be371c-c688-44ad-ab71-bd4c9f242d58,Force of Negation,0.20773896281952553,0.24053334411141683,0.38777484212997293,1.2308918190785607,90,1676,0.4888888888888889,0.5006305170239597,10,False
ed0216a0-c5c9-4a99-b869-53e4d0256326,Mox Pearl,0.20614673007635947,0.19620201063500864,0.2934027710702821,1.2289335122747616,139,1676,0.539568345323741,0.49642160052049444,15,False
006d2bf1-20f7-4b09-8d98-8233d91682bd,Flame Slash,0.20545714631553919,0.22152550700227405,0.35368517466886706,1.2280863518091896,114,1676,0.5701754385964912,0.49487836107554417,12,False
073bfdca-d7b8-4f4b-93f3-6e7c44bc0b0a,Sol Ring,0.20250339773972367,0.19313580352055684,0.2944070916875874,1.224464245525654,136,1676,0.5588235294117647,0.4948051948051948,14,False
4f84b838-b8f1-4b9a-a19f-479594f9d427,Qasali Pridemage,0.19898748814088124,0.3480677938638649,0.5675308207859808,1.2201666992505231,45,1676,0.4,0.5027590435315757,5,False
01978fe5-00a9-4add-ae2a-b4c2572ffb9a,Vendilion Clique,0.1964174671829265,0.3294370035680726,0.551027177762295,1.217034871416648,46,1676,0.5,0.5,5,False
5de097e5-e960-4404-a370-defe93ce892f,Oracle of Mul Daya,0.19450756354365945,0.2855670206758787,0.495790789593904,1.2147126703826145,68,1676,0.5588235294117647,0.4975124378109453,7,False
568dd5a6-86f4-4039-87d7-812120c8ab94,Triplicate Titan,0.1931506383404916,0.25681262732374877,0.45198656567125406,1.2130655139323505,79,1676,0.4936708860759494,0.5003130870381967,9,False
78cef262-c753-4658-b3ec-fec8db47f944,Palace Jailer,0.19184748205310156,0.19683681685265472,0.3297326964199562,1.211485729557392,138,1676,0.5,0.5,15,False
7c884e1e-fecb-4330-b3de-5fc2a60f7173,Kolaghan's Command,0.1910249202555816,0.21169772846636367,0.3668722897781863,1.2104896174160789,117,1676,0.5555555555555556,0.49583066067992304,12,False
045ce37b-86d2-4e56-84af-b6625b53d13c,Path to Exile,0.18977460115235756,0.19909803124451556,0.3405031023562185,1.2089770649068652,143,1676,0.46853146853146854,0.50293542074364,15,False
416d2d51-8f29-4e95-b037-e8c32b081e6c,Mana Drain,0.18897886746739553,0.2215867541136783,0.39374598581320086,1.2080154237878298,112,1676,0.5803571428571429,0.4942455242966752,12,False
72c6d541-e2cb-4d6e-acac-90a8f53b7006,Elegant Parlor,0.18420766651408782,0.21492236395051875,0.3913955134719894,1.2022654674526518,120,1676,0.5916666666666667,0.4929305912596401,12,False
5a077de0-1893-40d0-a499-ee2e6e2258f1,Legion Extruder,0.1814855524468483,0.3198573062853341,0.5704455995060629,1.1989972140086007,49,1676,0.5102040816326531,0.49969268592501537,6,False
09fd2d9c-1793-4beb-a3fb-7a869f660cd4,Bonecrusher Giant // Stomp,0.18089858244959173,0.21754827924996592,0.405672570120175,1.1982936451242967,122,1676,0.5737704918032787,0.4942084942084942,13,False
a9225cc3-90f0-448f-a8d9-7c6c2796d077,Sheoldred's Edict,0.17989760498939422,0.22274253956431225,0.419293146999999,1.197094780313257,99,1676,0.5252525252525253,0.4984147114774889,10,False
ea1feac0-d3a7-45eb-9719-1cdaf51ea0b6,Mox Sapphire,0.1768420503461571,0.20092303128908534,0.37877901448240536,1.1934425743977892,131,1676,0.5801526717557252,0.49320388349514566,14,False
f20015ad-8fda-498f-ac28-1ffb824ab480,Caldaia Guardian,0.17596513238369885,0.27971957671759334,0.5292986935227247,1.1923964819028228,74,1676,0.4594594594594595,0.50187265917603,8,False
b5aaaee0-9a61-45df-821e-cce516f8de6a,Old One Eye,0.17471835780073797,0.27977897824628123,0.5323077512165195,1.1909107586498255,70,1676,0.4714285714285714,0.5012453300124533,7,False
377cee38-e769-47b0-abd5-0f528600f36a,Badlands,0.17133656529350455,0.20110048898226437,0.3942169936342941,1.1868901478370162,127,1676,0.5433070866141733,0.4964493221433183,13,False
504a69eb-3c2d-4bb1-b117-252b15acf0c2,Mana Confluence,0.17129554480271322,0.20497174618924668,0.40332189295083454,1.1868414620192014,124,1676,0.4838709677419355,0.5012886597938144,13,False
0e0d989d-7186-40dc-bdfe-cfbb77656bc8,"Emrakul, the Aeons Torn",0.17025283936527782,0.29812268474560427,0.567943285715711,1.1856045809367604,61,1676,0.5409836065573771,0.4984520123839009,7,False
4e117771-5a8b-4812-b487-32ba34b7f724,Giver of Runes,0.16940325034631848,0.20518868599958265,0.4090324975914772,1.1845977320684018,141,1676,0.5460992907801419,0.49576547231270357,14,False
05cf51d8-9f91-42ff-99e9-4397f2251c20,Dark Confidant,0.16896622997760016,0.23479549375290518,0.47175192091267193,1.1840801518355402,100,1676,0.52,0.4987309644670051,11,False
3a9d1082-a862-45d4-9e5e-392e879fead6,Zuran Orb,0.1674595766598403,0.3036058353892153,0.581243658643164,1.182297496805061,60,1676,0.5166666666666667,0.4993811881188119,6,False
c86b8a75-9e31-4a44-95b8-c83b9a49646f,Ocelot Pride,0.16716579674944518,0.17953672963087236,0.3518042937773216,1.181950212567453,158,1676,0.5443037974683544,0.49538866930171277,16,False
106f9629-b3aa-4703-82fb-c1e771bbce72,The Wandering Emperor,0.16484145411423104,0.25048052876134375,0.5104733163100057,1.1792061456070146,79,1676,0.4810126582278481,0.5009392611145899,9,False
8c2996d9-3287-4480-8c04-7a378e37e3cf,Flooded Strand,0.1615112406282564,0.20615271717463973,0.4333603576495021,1.1752856690334266,122,1676,0.5655737704918032,0.4948519948519948,13,False
05bd329b-5707-42fc-af1c-084cc604e805,Imperial Recruiter,0.1600802836479117,0.3376772148835583,0.6354549610156732,1.1736050885074099,46,1676,0.5434782608695652,0.49877300613496933,5,False
89f5cc05-5d9d-4709-b3c5-a6249c294acc,Hexdrinker,0.15942174843608586,0.1975923915170687,0.4197694507595646,1.1728324826538508,147,1676,0.5102040816326531,0.49901896664486595,16,False
eca8d6f8-c6f1-437c-99e2-4281eae14a6f,Fateful Absence,0.1593548287118569,0.2835224950013281,0.5740795252626145,1.1727539996536043,62,1676,0.5645161290322581,0.49752168525402723,7,False
1e3e8085-cfcd-4e88-b441-4d1f8ac63904,Forth Eorlingas!,0.1586259788960632,0.1906497604081918,0.40539302153798773,1.1718995495377156,148,1676,0.5675675675675675,0.49345549738219896,16,False
2bf2da97-3331-4614-b4ff-f03d061500a7,Fire Covenant,0.15840185906354964,0.21659723184796106,0.4645837975325946,1.1716369330368328,109,1676,0.5321100917431193,0.4977664326738992,12,False
652236c2-84ef-45e4-b5fc-ed6170bc3d6c,Meticulous Archive,0.15557663218603912,0.2705916270880348,0.5653251724836761,1.1683314644309688,68,1676,0.5,0.5,8,False
866b7fd4-86e3-4b42-b1ea-33bad0db1f9f,Prismari Command,0.15444378144374396,0.2476010014604341,0.5327847329850999,1.1670086686707883,85,1676,0.5764705882352941,0.49591451917033313,9,False
0ad38866-fc5f-4f62-89c1-afc0f50765aa,Novice Inspector,0.1541336968088623,0.2125635152995249,0.4683794529450367,1.1666468533134504,114,1676,0.5526315789473685,0.49615877080665816,12,False
0adcd4e5-d542-4293-8774-ace2305ef820,Walk-In Closet // Forgotten Cellar,0.152286073197102,0.23045469043221292,0.5087360915052366,1.1644933191136297,103,1676,0.5145631067961165,0.4990464081373172,10,False
7c59e0cd-10a8-4a32-9c0a-a2c6ef1ed9a6,Unable to Scream,0.15154007982722123,0.3559468231999632,0.670298787143859,1.1636249387615647,41,1676,0.43902439024390244,0.5015290519877675,5,False
641b21e1-9188-4bc3-96e8-cda2acbc5ed5,Time Spiral,0.1510354247152106,0.21378550235460184,0.47988897934484276,1.1630378576369607,119,1676,0.5378151260504201,0.49710982658959535,13,False
310a1c46-8331-4a09-9fcb-d942f8102364,Thoughtseize,0.1434849548396177,0.2051090652467751,0.48420561098489867,1.1542894442066507,138,1676,0.6231884057971014,0.4889466840052016,15,False
9d48aaff-46ab-411b-9456-171d4709f951,Fear of Missing Out,0.14273426936301314,0.2146245946881765,0.5060239290323747,1.1534232610413244,113,1676,0.5221238938053098,0.4984005118362124,12,False
43aa7e35-55ee-4e02-a8aa-ea2b267055d1,Woodfall Primus,0.1354509665883577,0.2254351648595413,0.5479450755842978,1.1450530486004173,106,1676,0.5377358490566038,0.49745222929936306,11,False
80fca8c0-ae3e-439e-b202-228b9f360e9a,Portable Hole,0.13066358684601354,0.2580060313851331,0.612550486997196,1.1395843456552517,78,1676,0.5512820512820513,0.4974968710888611,9,False
3028075c-5fc5-4942-a984-1ffcf7a8933d,Knight of Autumn,0.13043739565122558,0.23474279228095796,0.5784426778227144,1.1393266108603157,96,1676,0.5104166666666666,0.49936708860759493,10,False
4b4956a2-9a39-4152-9c98-70e4b2acfa26,Miscalculation,0.12945870248383323,0.1876891102009722,0.49035095185754585,1.1382121051593557,155,1676,0.5419354838709678,0.49572649572649574,16,False
d7a8cc1d-aabb-4eb6-b0f1-6c93ec246f61,Court of Garenbrig,0.12746187175927526,0.26508940202677633,0.6306401833473839,1.1359415559623616,85,1676,0.49411764705882355,0.5003142677561282,9,False
4c732dc7-dd6b-4cc1-bbe0-ff3b1d2c7419,Animate Dead,0.12545594259679435,0.20941869906238442,0.5491278537700067,1.133665221514493,131,1676,0.5038167938931297,0.49967637540453075,14,False
3ca1e1de-b916-445f-b3b2-0f4d0cc7ceeb,Stern Scolding,0.1253447533071722,0.23907335357713871,0.6000739866271178,1.133539177091368,93,1676,0.4946236559139785,0.5003158559696779,10,False
825969b9-3c70-4fca-8cab-696e9ca7cdb2,Prismatic Ending,0.1251895149020229,0.24689367046319893,0.6121138273150208,1.1333632219351943,97,1676,0.6391752577319587,0.4914502849905003,10,False
7d48d622-f397-4f31-b1a5-0c23f60aa71c,Mana Tithe,0.12467950431484494,0.213401008225927,0.5590522358801997,1.1327853420678407,114,1676,0.543859649122807,0.4967989756722151,12,False
57fb0fa7-0c5c-4a75-9461-c51403c30282,Foreboding Landscape,0.12342961741632022,0.3691396165562821,0.738099549043622,1.1313703729698252,39,1676,0.46153846153846156,0.5009163103237629,5,False
45fd6e91-df76-497f-b642-33dc3d5f6a5a,Mox Ruby,0.12324088509921288,0.1880182463333649,0.5121632607266229,1.1311568669662033,144,1676,0.5416666666666666,0.4960835509138381,15,False
52eef0d6-24b7-40b7-8403-e8e863d0cd55,"Bristly Bill, Spine Sower",0.12174201490368988,0.21208536183196697,0.5659517930156994,1.1294626796524634,146,1676,0.4931506849315068,0.5006535947712418,15,False
fa87bf1e-2062-4983-b1c4-98bffea69a4c,Pyrogoyf,0.11656214804534146,0.20294026388878555,0.5657196207590058,1.123627339540156,133,1676,0.5714285714285714,0.4938431626701231,14,False
162e81d3-6cd4-4cb8-8ed8-cfbd8d34ca71,Mind Stone,0.11620788812926638,0.29760043760557975,0.6961794821357492,1.1232293539124907,60,1676,0.5,0.5,6,False
16c8d2fa-54a7-46e8-980c-905258497c90,Arid Mesa,0.11358912457153021,0.1897573643903776,0.5494383686839636,1.12029172996359,149,1676,0.5570469798657718,0.49443352979698757,15,False
ee8e9928-d9b2-4570-adb8-44b34115decd,Tireless Tracker,0.11302284054845003,0.22553182503322816,0.6162731536004499,1.1196575062480496,103,1676,0.5339805825242718,0.49777495232040686,11,False
fe30c0ff-f74b-456a-a61e-3720d84d713f,Parallax Wave,0.10912953847347984,0.20695433384438927,0.5979768256811656,1.1153068161267299,129,1676,0.5736434108527132,0.49385908209437623,14,False
89af0f45-c11c-4f13-9950-b1489440ee5b,Chain Lightning,0.10514495458093065,0.20334993697878656,0.6051114049281443,1.11087162461636,130,1676,0.5153846153846153,0.4987063389391979,13,False
2b9b0195-beda-403e-bc27-7ae3be9f318c,Temple Garden,0.09849572154425097,0.2438981643672586,0.6863307212613016,1.1035096830669437,88,1676,0.5227272727272727,0.4987405541561713,9,False
2a717b98-cdac-416d-bf6c-f6b6638e65d1,"Tamiyo, Inquisitive Student // Tamiyo, Seasoned Scholar",0.09666583180155289,0.20344835816730725,0.6346893653585978,1.1014922284396493,130,1676,0.5230769230769231,0.49805950840879687,14,False
4820d223-4ea1-4850-931c-3d2ab5eb003b,Birthing Ritual,0.09533866416745718,0.32056940928939787,0.7661579959905193,1.1000313332456972,50,1676,0.46,0.501230012300123,5,False
3d8ca18d-9099-4f1e-95c1-f04da58a26bd,"Gut, True Soul Zealot",0.09441865937288756,0.20802417780042565,0.6499129656243983,1.099019764540314,140,1676,0.6214285714285714,0.4889322916666667,15,False
071daca8-ccc6-4707-843e-adac40dd1588,Fury,0.09306384389447649,0.20931468331034148,0.6566000913387275,1.0975318037359985,121,1676,0.5289256198347108,0.4977491961414791,13,False
17db2b6a-eaa8-4a08-9e86-370bbd058574,Bayou,0.08975677138434836,0.2358934445569951,0.703576449391517,1.0939081815720417,104,1676,0.5096153846153846,0.4993638676844784,11,False
6920c895-bc98-4871-a53f-219fa27a74e5,Occult Epiphany,0.08796241464570057,0.21315572158618096,0.6798503221652328,1.0919470800390338,113,1676,0.48672566371681414,0.5009596928982726,12,False
e4e6794a-feeb-4fc8-a2ee-38c75c18aaae,Heartless Act,0.08705027365858588,0.230681687251374,0.7059053408636081,1.090951524464118,104,1676,0.4230769230769231,0.5050890585241731,11,False
1066a94a-8e4f-4d77-820b-7a77a18116f0,Wooded Foothills,0.08683000339492823,0.21075033987517944,0.6803364205634821,1.0907112467481759,118,1676,0.5423728813559322,0.496790757381258,13,False
25b0b816-0583-44aa-9dc5-f3ff48993a51,Gaea's Cradle,0.0859483880870805,0.2673666488346285,0.7478598219379631,1.0897500827672955,103,1676,0.5631067961165048,0.49586776859504134,11,False
94b67489-5eb0-4406-9bf3-27e50dc632eb,"Nadu, Winged Wisdom",0.08545781612836438,0.31560331898778604,0.7865632909287521,1.0892156130433297,55,1676,0.4727272727272727,0.5009253547193091,7,False
a8069994-b103-40dc-9e14-062004914ec8,Cathar Commando,0.08482135907502869,0.22005975755121646,0.6999063145676127,1.0885225946454224,110,1676,0.5272727272727272,0.49808429118773945,12,False
2b73d294-6ab1-4051-9b0f-d8e335d37674,Unholy Heat,0.08316108990522883,0.2112561164812462,0.6938390427130517,1.0867168535638183,122,1676,0.5573770491803278,0.4954954954954955,13,False
97b9bab9-12ee-4da5-9d53-d0b82d9279cd,Pyrite Spellbomb,0.08152903583025027,0.23374607235582184,0.7272445840339368,1.0849447193973603,95,1676,0.4842105263157895,0.5009487666034156,10,False
17260fff-b239-4af4-9306-3236ae3fa5a5,Thundering Falls,0.07871403510250102,0.22284577097642755,0.7239219951265516,1.0818948938671917,106,1676,0.5377358490566038,0.49745222929936306,11,False
60d0e6a6-629a-45a7-bfcb-25ba7156788b,Elvish Mystic,0.07768507491208125,0.24800001517632184,0.7540935823114479,1.0807822396278124,107,1676,0.5327102803738317,0.49776927979604846,12,False
aced2c55-7543-4076-bcdd-36c4d649b8ae,Mox Emerald,0.07733443953484812,0.18845507230207076,0.6815418217179159,1.080403345570226,142,1676,0.5,0.5,15,False
586a4c31-65c7-4c7f-b5f6-74b105b2a629,Trinket Mage,0.07629093017756199,0.32090685408854114,0.8120862992041679,1.0792765225968894,48,1676,0.4791666666666667,0.5006142506142506,5,False
f05e9a3e-8a35-4687-85cb-e31b3927a5e2,Daze,0.07541434402325783,0.2046842727598912,0.7125434622448285,1.0783308582791935,131,1676,0.5267175572519084,0.49773462783171524,14,False
f83ed433-fae3-4fa5-acad-bb8a5b535ce3,Coveted Jewel,0.07456013958716384,0.28570237746059834,0.7941145892462926,1.0774101365747415,60,1676,0.48333333333333334,0.5006188118811881,6,False
54f449ff-4025-465e-9ec5-a5cf42c4c9d3,Xander's Lounge,0.07425570544420797,0.19637840740279777,0.7053372828700473,1.0770821860654003,132,1676,0.5303030303030303,0.49740932642487046,14,False
2b20d3e1-62ef-44db-8109-a33d4fa3e7f1,Exploration,0.07254034990941322,0.2974460447190848,0.8073258201484728,1.075236190897763,63,1676,0.49206349206349204,0.5003099814011159,6,False
bf220c06-3cce-4bdd-aa58-83940c223e9c,Commercial District,0.07106176705543163,0.304763961289136,0.8156295170621306,1.073647539867435,57,1676,0.5789473684210527,0.4972205064854849,6,False
c2089ec9-0665-448f-bfe9-d181de127814,Brazen Borrower // Petty Theft,0.06989617189672948,0.216075452833355,0.7463314559137608,1.0723968305447813,125,1676,0.512,0.4990328820116054,14,False
29632951-3c3d-478c-8c5a-9a34f30a5c28,Dauthi Voidwalker,0.06920437006009941,0.21142336125761949,0.743421304716479,1.07165520100773,113,1676,0.5309734513274337,0.49776071657069737,12,False
e5145f31-a4ac-44ef-8f85-e4d95f2c9ff5,Library of Alexandria,0.06655087931314237,0.19273357919760814,0.7298689464528316,1.0688153432823155,151,1676,0.5165562913907285,0.49836065573770494,16,False
fa7a55aa-ae61-4933-b7a4-dcc55dac6fcd,"Inti, Seneschal of the Sun",0.06631286499967035,0.2047940630117793,0.7460874324431425,1.0685609802043834,137,1676,0.5620437956204379,0.4944769330734243,14,False
345a4aee-5846-4ae9-9af1-4c8fe8d692ec,Winds of Abandon,0.06594671877114647,0.22744214513469216,0.7718549306859592,1.0681698022500703,102,1676,0.45098039215686275,0.5031766200762389,11,False
5cb76266-ae50-4bbc-8f96-d98f309b02d3,"Teferi, Time Raveler",0.0651020817714999,0.2660316264667155,0.8066766694947356,1.0672679674283287,77,1676,0.5324675324675324,0.4984365228267667,8,False
b256ddc8-8b12-434c-a610-1a872e948f2f,White Plume Adventurer,0.05935196491050851,0.21627882597241307,0.7837592832254605,1.0611486621145911,112,1676,0.5535714285714286,0.4961636828644501,12,False
01d1e394-1b0c-4b40-ba85-f55973703d41,Smirking Spelljacker,0.05881455034394695,0.2600195674717859,0.821051481277164,1.0605785385763522,75,1676,0.4666666666666667,0.5015615240474703,8,False
1ac01fff-4de6-4783-9489-4127e25bc641,Prismatic Vista,0.05688844306839204,0.20073754328042406,0.7768724303965752,1.0585377165888772,125,1676,0.512,0.4990328820116054,13,False
f3537373-ef54-4578-9d05-6216420ee349,Esper Sentinel,0.05649185143002049,0.21024907600981566,0.7881681481896691,1.0581179926165876,116,1676,0.5344827586206896,0.49743589743589745,12,False
7054012b-4f9d-44a0-aaf9-7fd3bddc7b2d,Slickshot Show-Off,0.05412496440041063,0.23699614047564135,0.8193515387793591,1.0556165083971516,95,1676,0.5263157894736842,0.49841872232764073,10,False
07c17b01-ee5d-491a-8403-b3f819b778c4,Wishclaw Talisman,0.05283976868368023,0.2700041441646432,0.8448451071244681,1.0542607060043816,76,1676,0.5,0.5,8,False
1a6f256b-943e-4cfb-9fc9-d1ded68b5f97,Chart a Course,0.05157299303434347,0.2809482393661677,0.8543526853603789,1.0529260397537963,65,1676,0.47692307692307695,0.5009310986964618,7,False
3c3ac3dd-35db-447f-8674-37b4680a1ef7,Leyline Binding,0.05050070308925941,0.2862131427109658,0.8599448342782902,1.051797602862341,68,1676,0.5588235294117647,0.4975124378109453,7,False
207d5f12-fbc6-4c75-9d84-fd2f0023fbd0,Sneak Attack,0.05044129074447877,0.23386034329161617,0.8292295522687703,1.0517351149568153,101,1676,0.5742574257425742,0.49523809523809526,11,False
5b8ba842-c662-4686-bca3-93ddb7fa11a6,Mother of Runes,0.05026721242660408,0.20210030467406973,0.8035742206197578,1.0515520466117307,131,1676,0.549618320610687,0.49579288025889967,14,False
0d08f5e4-d2d3-4659-86d4-a983d80e3b2c,Tundra,0.049752328224899806,0.24778017074330438,0.8408610539377697,1.0510107584379835,84,1676,0.5119047619047619,0.4993718592964824,9,False
4acaef84-55d1-43dc-b10a-696182e6709b,Repeal,0.04947080236327446,0.22226351128322855,0.8238645398079367,1.050714913374609,105,1676,0.49523809523809526,0.5003182686187142,11,False
32a180dd-9641-4546-8940-9b21084f0c71,Lightning Bolt,0.04919633257092093,0.20357900002914303,0.8090457906324036,1.050426563443995,126,1676,0.5238095238095238,0.49806451612903224,14,False
5c70da33-ce5d-4b8b-9c1d-9a356a7e196f,Grave Titan,0.04742056816353171,0.28962234085176014,0.8699417906477659,1.04856290853581,64,1676,0.46875,0.5012406947890818,7,False
ebc01ab4-d89a-4d25-bf54-6aed33772f4b,Force of Will,0.04739898574499676,0.22262084808565935,0.8313944259979741,1.0485402782564666,116,1676,0.49137931034482757,0.5006410256410256,12,False
15faa763-b897-4e86-b094-73f3236291a9,Verdant Catacombs,0.046877302887853384,0.204105181825992,0.8183464348933533,1.0479934154251607,126,1676,0.5079365079365079,0.4993548387096774,14,False
59faa45d-868b-4bc7-934c-0e077642e129,Loran of the Third Path,0.04618602866036854,0.2815133224669175,0.8696812455722048,1.0472692149259126,69,1676,0.5652173913043478,0.4971997510889857,7,False
28667c8b-d02c-4e57-a050-1549207b65d1,Thragtusk,0.04594149702951788,0.3599620905007737,0.8984428101426252,1.0470131557854025,50,1676,0.56,0.4981549815498155,5,False
98e7bf8f-dba7-4005-8cee-634c9153931d,Phantasmal Image,0.04539792255183449,0.23591060658796273,0.8473999349001746,1.046444180810266,92,1676,0.45652173913043476,0.5025252525252525,10,False
39c431d7-d94b-46c4-bb89-f3db56214ab4,Elvish Reclaimer,0.04497021489578263,0.31290381755295477,0.8857223894883193,1.0459967043238838,61,1676,0.47540983606557374,0.5009287925696595,6,False
928036c9-11b8-493e-b9f2-8fbd3487cd19,"Minsc & Boo, Timeless Heroes",0.04411644450861879,0.2064500730180949,0.8307883250158438,1.045104044430176,122,1676,0.5409836065573771,0.4967824967824968,13,False
10158a5e-5a03-41ab-85d2-0907ccf32c9b,Dack Fayden,0.044011376249713276,0.2380802730624034,0.8533393167789785,1.0449942429362795,89,1676,0.5056179775280899,0.49968494013862635,10,False
4e4fb50c-a81f-44d3-93c5-fa9a0b37f617,"Omnath, Locus of Creation",0.04324841094037349,0.2784063385864525,0.8765511017490762,1.0441972526570886,73,1676,0.5342465753424658,0.4984404242046163,7,False
fadb218d-29e2-42d1-a7a1-1066741d63ad,Mox Diamond,0.042883667424606475,0.22172966817063192,0.8466416552957553,1.0438164579304254,102,1676,0.5098039215686274,0.4993646759847522,11,False
e41cf82d-3213-47ce-a015-6e51a8b07e4f,Questing Beast,0.041059863313458594,0.23928216553792006,0.8637551496006313,1.0419144761314876,126,1676,0.5079365079365079,0.4993548387096774,13,False
1716b4dd-9045-462b-b053-72de450a8cde,Blood Crypt,0.04023579197440946,0.20793067084661854,0.8465628597600148,1.0410562179555192,118,1676,0.5338983050847458,0.49743260590500643,12,False
53d4fd57-74b6-42c7-88b1-110e5a8dfc3c,Spell Pierce,0.03932463934038022,0.23424780195325823,0.8666806455190065,1.0401080888511167,95,1676,0.5263157894736842,0.49841872232764073,10,False
b768efa2-e56b-4a7e-ace8-d673f10e0714,Birthing Pod,0.039233483435143185,0.326430089892692,0.9043330009384243,1.0400132811779383,51,1676,0.5882352941176471,0.49723076923076925,5,False
492b368b-de32-45c1-8459-238aae54f9fc,Unmarked Grave,0.039074041263310495,0.29438132365214603,0.8944047449548289,1.039847472420458,64,1676,0.421875,0.5031017369727047,7,False
5f1cdcba-a04a-4a2f-8bc1-0dd7fa03754d,Exhume,0.034204140356210874,0.28495875500383866,0.9044578792809743,1.0347958287570023,67,1676,0.5522388059701493,0.4978247358607831,7,False
1453f92e-df2d-4789-aa1b-a5b5c51567d4,Preordain,0.03161033201142577,0.18434770332613556,0.8638532310155812,1.0321152446647957,152,1676,0.5,0.5,16,False
70e33f45-7d47-423b-a123-8541f1d1afb4,Lingering Souls,0.03124234791552853,0.22884277514520834,0.8914076854595175,1.0317355125416021,108,1676,0.5740740740740741,0.49489795918367346,12,False
551c0a45-9515-4e51-84e5-79703832a661,Expedition Map,0.029864056872285938,0.24770894949797131,0.904038702706084,1.0303144602624477,86,1676,0.5116279069767442,0.49937106918238994,9,False
76c3cad2-1e25-4abe-878d-9194de6fcc27,Guide of Souls,0.022798134764827754,0.2805838697403901,0.9352411658570261,1.0230599984540025,68,1676,0.5588235294117647,0.4975124378109453,7,False
be77b98a-dd79-477c-8ab2-7ebf5637a89e,Headliner Scarlett,0.019721833143793006,0.2259819833503771,0.9304555437734435,1.0199175932936004,105,1676,0.5428571428571428,0.49713558243157224,11,False
1fc6d14a-1328-4032-ad9e-cd85cd365bd3,Endurance,0.015920828960514416,0.2626801310630181,0.9516704574894669,1.0160482406263105,77,1676,0.44155844155844154,0.5028142589118199,8,False
cea3b218-0e6e-443a-84f7-380f1021e8e1,Barrowgoyf,0.015771088362524922,0.19043279734277432,0.9339969872778211,1.0158961083456466,140,1676,0.4714285714285714,0.5026041666666666,15,False
73cc6df4-3564-4ace-bf8a-eac3e62d725a,Ursine Monstrosity,0.013208827843662202,0.28198633366317744,0.9626390867548899,1.013296449779488,78,1676,0.5128205128205128,0.49937421777221525,8,False
7740ff55-67bb-409e-90f7-2c2c8b8c770a,"Valgavoth, Terror Eater",0.010976995618698998,0.318949736324535,0.9725453711389419,1.0110374638858675,55,1676,0.43636363636363634,0.5021591610117212,6,False
0eee981e-5d26-4810-90e1-432f3c3107f2,Reclamation Sage,0.00966785472866391,0.33029574262763484,0.9766490157187269,1.0097147394058013,53,1676,0.4716981132075472,0.5009242144177449,5,False
df9d9075-2d1e-4848-b661-816d539e05eb,Emperor of Bones,0.009219814509936301,0.20284933510100614,0.9637474010478994,1.0092624479230587,131,1676,0.5267175572519084,0.49773462783171524,14,False
cb94a02f-4660-45b6-8a39-941b710cf8f3,Collective Brutality,0.00912875689716762,0.2004016241690766,0.9636670808350462,1.009170551077911,126,1676,0.48412698412698413,0.5012903225806452,14,False
35f1a6ba-e46f-44fb-93f4-fb883d677b36,Baleful Mastery,0.003105604302971729,0.22502956104853697,0.9889888463672173,1.0031104316880375,99,1676,0.46464646464646464,0.5022194039315155,11,False
493a5ca7-5f90-4af4-b6db-43ae09a2f2c9,Dark Ritual,0.0017212778472408402,0.217403181349472,0.9936828584468665,1.0017227600962866,113,1676,0.48672566371681414,0.5009596928982726,12,False
a1febcf1-afa4-4406-9ac1-5bf98b2765d2,Time Walk,0.0015419580745612387,0.20764356813321744,0.9940749754751601,1.0015431475031842,117,1676,0.47863247863247865,0.5016035920461834,13,False
5d10b752-d9cb-419d-a5c4-d4ee1acb655e,"Teferi, Hero of Dominaria",0.0004390346463422484,0.23752738611970392,0.9985252278811477,1.0004391310361582,89,1676,0.47191011235955055,0.5015752993068683,10,False
cc520518-2063-4b57-a0d4-10cf62a7175e,Zagoth Triome,0.0001944572304421327,0.20600142685005438,0.9992468285232938,1.000194476138475,121,1676,0.4462809917355372,0.5041800643086817,13,False
01006833-6007-4c16-9ebb-20d31c60a57a,Taiga,-0.006831344344517404,0.23060638307112952,0.9763674057104152,0.9931919362455184,95,1676,0.5473684210526316,0.4971537001897533,10,False
4df8aabc-7fcb-4b7b-980b-18f499e6c170,Hullbreacher,-0.007617466368245951,0.20801136755125219,0.9707876512032869,0.9924114730005121,118,1676,0.4745762711864407,0.5019255455712451,13,False
96c5607b-55fe-43c2-93fe-0084d84499d9,Deep Forest Hermit,-0.007906896388810314,0.372519896902986,0.9830658256594773,0.9921242808904872,54,1676,0.5185185185185185,0.499383477188656,6,False
69c68c95-b788-43b1-9f22-1b22c5a00b25,Deep-Cavern Bat,-0.011063500590978936,0.19046093219500135,0.9536785079338015,0.9889974748572168,140,1676,0.4785714285714286,0.501953125,15,False
f46a9329-7b91-441d-8653-50c1152c9120,"Kellan, Planar Trailblazer",-0.01147439547736366,0.3011374996580839,0.9696051534366715,0.988591184329217,58,1676,0.5517241379310345,0.49814585908529047,6,False
dcb94950-3f3e-4876-84f8-d5e4d9cfecee,Charming Prince,-0.01192037651167964,0.23629059852957912,0.9597654257165305,0.9881503897106403,95,1676,0.4421052631578947,0.5034788108791903,11,False
672b9b16-daef-44e6-9a3a-cfd9f3c78bc7,Pentad Prism,-0.012397975612785217,0.21644008014820157,0.9543210925924813,0.9876785626538152,107,1676,0.5046728971962616,0.4996813256851498,11,False
729daf0e-b822-41bd-a908-ca8ec34032f0,Tropical Island,-0.012577661167928772,0.26239485044082084,0.9617687622376132,0.9875011070265652,83,1676,0.4819277108433735,0.5009416195856874,9,False
19477aca-b8db-4061-9a78-ebb189a9df22,Breeding Pool,-0.012593927362386334,0.24385479751407205,0.9588114109091225,0.9874850442721715,89,1676,0.5168539325842697,0.499054820415879,10,False
55707746-da6e-46e5-a5ca-7ac843fdc38e,"Phelia, Exuberant Shepherd",-0.017710008932457,0.19742420448470346,0.9285213580782594,0.9824458915858929,140,1676,0.5071428571428571,0.4993489583333333,15,False
441f8b2f-c8cb-4340-a92f-116c2276e906,Frantic Search,-0.021959213189247373,0.25591664534097414,0.9316205450676177,0.9782801351642413,85,1676,0.43529411764705883,0.5034569453174105,9,False
d5c782cc-c951-4c6f-a93f-774ae6c1c214,Shallow Grave,-0.02292740705869084,0.27447054022571127,0.9334275667318268,0.9773334287064248,75,1676,0.4666666666666667,0.5015615240474703,8,False
7eb39e97-53c2-4df0-9fb3-a3d6a24ec41f,Avacyn's Pilgrim,-0.024208386107336638,0.23945784935041584,0.9194737382576953,0.9760822865752232,109,1676,0.5596330275229358,0.4958519463943842,11,False
8db735ea-f9cf-4e3c-9200-4f180df55baa,Fractured Identity,-0.024823297943217873,0.23620257762970862,0.9163018106554006,0.9754822665230365,90,1676,0.5,0.5,10,False
52d3005f-a1c7-4ef5-911f-ccc0752f4181,Faerie Mastermind,-0.02550894443116694,0.21513930894564037,0.9056164887360754,0.9748136597730666,124,1676,0.4596774193548387,0.5032216494845361,14,False
05bdd22c-3e11-4c29-bdfa-d3dfc0e90a9f,Bitter Triumph,-0.026223955191750983,0.21894376227583856,0.904661509241793,0.9741169066394426,109,1676,0.42201834862385323,0.5054243777919591,12,False
9a71531f-d4b6-4cc7-8193-b2f5bce33b21,Night Scythe,-0.03108585304990111,0.27069205016211356,0.9085731790367532,0.9693923442140497,73,1676,0.5342465753424658,0.4984404242046163,8,False
5ab21006-7f61-49e0-8b6a-0397c5d4c3bd,Imperial Seal,-0.031206837393247644,0.22570514083276846,0.8900319798161656,0.969275070012154,110,1676,0.5545454545454546,0.49616858237547895,11,False
3bd1ec98-8188-4649-899e-b0972509fc7e,Firebolt,-0.032383905703926824,0.264575014095515,0.9025824660596566,0.9681348382399027,81,1676,0.5555555555555556,0.4971786833855799,8,False
995486ce-58bb-4753-a812-0ca73ef1a235,Gitaxian Probe,-0.0326597526779233,0.19843238511966832,0.8692676293219462,0.9678678180044087,130,1676,0.49230769230769234,0.500646830530401,14,False
63c59228-c742-4abd-b4d7-9f7880190e95,Windswept Heath,-0.03353774150276697,0.1929991463736704,0.8620450826394649,0.9670184138145329,141,1676,0.49645390070921985,0.5003257328990228,15,False
3f3c77ad-fce8-4506-90e1-7ef71552a71c,Wheel of Fortune,-0.03402324232400522,0.21076665762331995,0.8717578010479187,0.9665490395304933,118,1676,0.5,0.5,12,False
327cf118-cc92-4073-85d0-94d2a0a6989a,Scalding Tarn,-0.034292128239706864,0.19823815118141336,0.8626636080787738,0.9662891830443688,133,1676,0.5714285714285714,0.4938431626701231,14,False
0e606072-a3aa-4300-ba90-ec92a721fa76,"Jace, the Mind Sculptor",-0.036276794380426844,0.25401424090673547,0.8864370657834634,0.9643733234203646,79,1676,0.5063291139240507,0.4996869129618034,9,False
b841bfa8-7c17-4df2-8466-780ab9a4a53a,Fabled Passage,-0.03644934330923603,0.21705759908432684,0.8666424780240282,0.9642069361918182,113,1676,0.5398230088495575,0.4971209213051823,12,False
fa6ac7d2-0127-49a8-b7d2-a38308d3c27b,"Liliana, the Last Hope",-0.041684529706959836,0.3346801368346282,0.9008795335536126,0.9591723232222492,46,1676,0.5,0.5,5,False
b689a206-aec3-4a31-95cf-3d4b840db04c,Securitron Squadron,-0.042484115648841275,0.2551233308173293,0.8677447267897,0.9584056890525561,81,1676,0.4444444444444444,0.5028213166144201,9,False
00cb17a0-5a13-4d02-b7fb-f99531bc8ca5,Dark Depths,-0.045615183502210166,0.2800072658438528,0.8705915472121499,0.9554095488160099,70,1676,0.4857142857142857,0.5006226650062267,7,False
fe964e7e-e2c5-4263-889d-0a531eb51442,Luminarch Aspirant,-0.04563873320492393,0.20835267718301886,0.8266145414059611,0.9553870494700929,135,1676,0.5777777777777777,0.49318624269954575,14,False
1c7d50d6-b63a-4d8c-88fa-1d78ae693a45,Overgrown Tomb,-0.04780302681353185,0.250345712416128,0.8485662904839715,0.9533215473679402,86,1676,0.5465116279069767,0.49748427672955975,9,False
8c39f9b4-02b9-4d44-b8d6-4fd02ebbb0c5,"Narset, Parter of Veils",-0.052428458567934946,0.2557707851070761,0.8375860310408614,0.9489222058810106,80,1676,0.5125,0.4993734335839599,9,False
0d60eabe-b281-4eba-9c26-287364ed2067,Earthshaker Khenra,-0.05545540966961529,0.2849697315721018,0.845705279103673,0.9460542075996087,66,1676,0.5,0.5,7,False
4b0bd07e-cf80-4d64-af29-f4cec6632b3e,Perilous Landscape,-0.05568180951336399,0.33553060159230264,0.8681951114480112,0.9458400453188985,45,1676,0.5333333333333333,0.49908031882280807,5,False
f33d3948-fe7b-4c3b-ab67-1022623fbb2b,"Toby, Beastie Befriender",-0.05780371470219281,0.29202417402050973,0.8430908029627484,0.9438351902273803,64,1676,0.421875,0.5031017369727047,7,False
486d7edc-d983-41f0-8b78-c99aecd72996,"Otawara, Soaring City",-0.062219836291410716,0.2682649993464709,0.816589096963928,0.93967628913256,71,1676,0.49295774647887325,0.5003115264797507,8,False
fd97b3cf-924e-4f77-bb82-0bf19592389f,Dreadhorde Arcanist,-0.06350952733357729,0.2641920331583354,0.8100267430170893,0.9384651781872684,80,1676,0.55,0.4974937343358396,8,False
c8090bcf-e17a-4110-a518-77ccd045b18f,Charming Scoundrel,-0.06476235827075233,0.22560827165681538,0.7740689319532054,0.9372901761717009,103,1676,0.5631067961165048,0.49586776859504134,11,False
19adde22-e5eb-4815-beb6-c520b3274cc9,Lotus Cobra,-0.06776960457336825,0.20278614252161206,0.7382343156192264,0.9344757477157448,132,1676,0.48484848484848486,0.5012953367875648,13,False
e6befbc4-1320-4f26-bd9f-b1814fedda10,Grief,-0.06872076295926424,0.19844120148853667,0.7291150916721264,0.9335873358490661,129,1676,0.49612403100775193,0.5003232062055591,14,False
0fe070f4-8877-4280-b8fd-869f3ac34ab6,Sheltering Landscape,-0.06945995802288249,0.3362895928545474,0.8363628390928449,0.932897487696536,45,1676,0.5333333333333333,0.49908031882280807,5,False
54a3ea87-005e-4985-b2a5-21711d0b71c0,Springheart Nantuko,-0.0698520495459016,0.20902680635425547,0.7382456431750686,0.9325317782002464,118,1676,0.5169491525423728,0.4987163029525032,12,False
1be9d9a4-d7ee-4854-abc2-85cabf993ec9,Archon of Cruelty,-0.07310512256363699,0.24789503858927195,0.7680675733670995,0.9295031131395961,94,1676,0.43617021276595747,0.5037926675094817,10,False
f1a21287-e244-4960-84fb-c4f6e5c346d9,Third Path Iconoclast,-0.0756841037311306,0.2739058265938973,0.7823066539019724,0.9271090305895362,66,1676,0.48484848484848486,0.5006211180124224,7,False
18bd50f2-c3ba-4217-a2d5-bb771e199706,Vampiric Tutor,-0.07604089943501624,0.21235154054558672,0.7202761869308145,0.9267783010753318,123,1676,0.43902439024390244,0.5048293625241468,13,False
2605df98-0b02-4aab-bc36-01e93c693743,Territorial Kavu,-0.07673366286551705,0.3336525218598806,0.8181067149438762,0.926136485299083,48,1676,0.5625,0.49815724815724816,5,False
1571b584-9007-45ee-a3c3-6c72f227fee2,Mystical Tutor,-0.07684699038643347,0.20397481649191213,0.7063613024612865,0.9260315344941934,124,1676,0.4596774193548387,0.5032216494845361,14,False
564caf57-4ba5-4993-a35e-945699c94eb7,Toxic Deluge,-0.07852158394308459,0.23383347400508545,0.7370207117579505,0.9244821057470558,96,1676,0.4791666666666667,0.5012658227848101,10,False
04fc99dc-bfbe-4567-b791-6b1db96471ec,Reanimate,-0.07863462616919581,0.20271729301523447,0.6980878907568823,0.9243776061383676,126,1676,0.47619047619047616,0.5019354838709678,14,False
fc310a26-b6a0-4e42-98ab-bdfd7b06cb63,"Beza, the Bounding Spring",-0.08085763882954267,0.25547267071802615,0.7516214253639326,0.9223249853632667,80,1676,0.525,0.49874686716791977,8,False
2be39749-ad6f-4160-99eb-c677eee7f1b2,Thraben Inspector,-0.0811213894182771,0.21109242311914028,0.7007611240881115,0.9220817536830321,125,1676,0.536,0.49709864603481624,13,False
93f99e67-901f-4c8d-8a09-e443b7eb928f,Archangel Elspeth,-0.08219797538973962,0.21765148675596765,0.7056841594207632,0.9210895875743622,117,1676,0.47863247863247865,0.5016035920461834,12,False
f9246b68-580f-4f53-883d-7900880e4b0d,Six,-0.08598121162448713,0.302102744806781,0.7759435846177065,0.9176114714870934,60,1676,0.5166666666666667,0.4993811881188119,6,False
69af2825-18c2-4463-b6ba-42eaa070ccc1,"Grist, the Hunger Tide",-0.08944236832762598,0.27659376573124217,0.7464143832584544,0.914440964367781,79,1676,0.5063291139240507,0.4996869129618034,8,False
30377bf0-d9b1-4c14-8dde-f74b1e02d604,Gilded Goose,-0.092984203053352,0.19800522046280528,0.6386373907128846,0.9112078944849425,143,1676,0.48951048951048953,0.5009784735812133,15,False
139b90cd-8272-457a-be32-1298145345be,Watery Grave,-0.09863938295159273,0.21808001080871064,0.6510469502695732,0.9060693931861116,113,1676,0.5486725663716814,0.4964811260396673,12,False
6a058e68-70af-4a64-859c-c881e5578368,Chrome Mox,-0.0990384174029967,0.2087998275951773,0.6352700816402251,0.9057079124093059,123,1676,0.5284552845528455,0.4977462974887315,14,False
907b3d1d-8c85-4707-80b5-c4d832df9846,Tishana's Tidebinder,-0.10151792326631505,0.2907574699815842,0.7269768233841443,0.9034649861535505,62,1676,0.4838709677419355,0.5006195786864932,7,False
ff590af2-2d6c-4f16-a9b8-1a6dab6e9ad5,Echo of Eons,-0.10937688541148463,0.29524213163432533,0.7110360272769327,0.8963925165648117,63,1676,0.47619047619047616,0.5009299442033478,7,False
2b5315a4-6a78-456f-8d5a-fea9d62f3f0e,Strip Mine,-0.11071648376999642,0.1955692701765762,0.5713093980722665,0.8951925145608493,138,1676,0.5144927536231884,0.4986996098829649,14,False
62b3f560-262b-4bc3-9aef-535fd7082c28,Vaultborn Tyrant,-0.11146574636619858,0.27317538230246313,0.6832462882674883,0.894522031508592,70,1676,0.5,0.5,7,False
2b74bb81-fb9a-40e5-a941-e517430b52f5,Indatha Triome,-0.11414223429184027,0.23457977679128283,0.6265547713566064,0.8921310552289408,90,1676,0.4888888888888889,0.5006305170239597,9,False
b83cfbaa-7890-4f6f-878b-4edb45677371,Skyclave Apparition,-0.11967599724062246,0.20860906937144671,0.5661806455102356,0.8872078479445032,128,1676,0.578125,0.4935400516795866,13,False
01c6f877-6b00-4d57-8a88-36cd3b16edbc,Llanowar Elves,-0.11973777439719833,0.23896372152519063,0.6163212041724935,0.8871530404593082,118,1676,0.423728813559322,0.5057766367137355,13,False
1785cb18-c291-4fd5-b8c7-ace893c32e49,Mesmeric Fiend,-0.12057432200522898,0.2188471365151593,0.581666408936194,0.8864112050389401,109,1676,0.46788990825688076,0.5022335673261008,12,False
079e6263-e54c-4899-a336-5315909b9322,"Magda, Brazen Outlaw",-0.12110952056267457,0.21449363453003362,0.5723255199533281,0.8859369259687577,125,1676,0.592,0.49258542875564154,13,False
2da5f3f8-5eef-498f-ba2c-2f3fbc3745aa,Ephemerate,-0.12199065002426773,0.2931185906486419,0.6772769082122094,0.8851566446570829,64,1676,0.40625,0.5037220843672456,7,False
059164e1-894d-4586-9800-e60d6fbd6eb6,Shifting Woodland,-0.12460296871399358,0.3521934710276914,0.7234953306736396,0.8828473510296201,48,1676,0.4583333333333333,0.5012285012285013,5,False
07246783-d475-4f61-99ac-e2b574072349,Voice of Resurgence,-0.12590279318024356,0.30205488360609467,0.6768094025705792,0.8817005499243193,59,1676,0.4067796610169492,0.5034013605442177,6,False
0ce44270-a684-4489-9077-521456e6dfaa,Lórien Revealed,-0.12729710878486858,0.21494228215926836,0.5536908482120451,0.8804720377548284,123,1676,0.5040650406504065,0.4996780424983902,14,False
f6ca59cd-8779-4a84-a54b-e863b79c61f0,Underground Mortuary,-0.12946585199194782,0.3189157947332735,0.6847747651843943,0.8785645891346753,54,1676,0.48148148148148145,0.5006165228113441,7,False
b3dd3c7d-4685-4579-b483-14ddaaaddf5b,Scythecat Cub,-0.12961811236405407,0.2575075648003894,0.6147136335422179,0.8784308287468758,78,1676,0.5256410256410257,0.49874843554443055,8,False
7c353e83-4b63-4bc6-b029-273d2eca1f75,Upheaval,-0.12979244826758143,0.3037278422757938,0.6691379552157187,0.8782777000629616,55,1676,0.45454545454545453,0.5015422578655151,6,False
3faa8c5e-9e1b-4cee-b322-a033bf33dcbc,Hymn to Tourach,-0.13058658977144788,0.2936373701087366,0.6565216746241083,0.8775805001637508,56,1676,0.5,0.5,6,False
62d37423-3445-412a-9abd-0480da404637,Phyrexian Fleshgorger,-0.13161763804968996,0.2610749044669948,0.6141647878055706,0.8766761386003704,77,1676,0.5064935064935064,0.4996873045653533,8,False
6aa5cc65-f8f1-4f6f-8b4e-2fedccbda684,"Rofellos, Llanowar Emissary",-0.13243250152909047,0.34194893473307414,0.6985434791842742,0.8759620582102914,55,1676,0.4727272727272727,0.5009253547193091,6,False
748e6a61-9c1f-4225-9f04-e54002f63ac3,Savai Triome,-0.13445721072776345,0.28051824639857703,0.6317130123442947,0.8741902840423469,69,1676,0.5072463768115942,0.49968886123210954,7,False
1ea179e9-9c0d-46c1-9ee8-60be68e1f79c,Thirst for Discovery,-0.13740421989288693,0.31605187358261755,0.6637423672830075,0.8716178296483345,54,1676,0.42592592592592593,0.5024660912453761,6,False
af7091c9-5f98-4078-a42b-c9e057346d9b,Hallowed Fountain,-0.13917845214195584,0.23201721784923388,0.5485978076770882,0.8700727482580375,93,1676,0.4731182795698925,0.5015792798483891,10,False
6cc73d16-5ed7-4104-91f6-0997a2080e2e,Embereth Shieldbreaker // Battle Display,-0.14143557539590398,0.26962392233351584,0.599884842593627,0.8681111014973953,70,1676,0.45714285714285713,0.50186799501868,7,False
1bd3fa8a-6c50-4f7f-9ae3-0810eec5e3db,Reprieve,-0.14221503794232138,0.20940493148981515,0.4970498473808279,0.8674347050547419,122,1676,0.47540983606557374,0.5019305019305019,13,False
d6ec3293-b09e-4931-ac4e-dc5eac0ca004,Mana Vault,-0.14336865367792567,0.19345982527424893,0.45864667047096497,0.8664345957112339,138,1676,0.4782608695652174,0.5019505851755527,15,False
7832abb5-5107-4603-904e-491b221bd3e3,Smuggler's Copter,-0.1462255987150463,0.22326142295686113,0.5124984188852499,0.8639627723061115,104,1676,0.5,0.5,11,False
24da9431-7e52-44f5-bc18-2f2d8a4ca81e,Abrade,-0.15238788635196343,0.2301152349124982,0.5078275220283364,0.8586551555220672,101,1676,0.5148514851485149,0.4990476190476191,11,False
0027e5ca-8046-40a0-bd73-79be55f28bff,Remand,-0.15252095767184426,0.20730310627942453,0.4618896163331109,0.8585409007493847,123,1676,0.5121951219512195,0.4990341274951706,13,False
bb9ad57f-cca2-4717-a951-cbe3c7782efe,Recruiter of the Guard,-0.152826925538866,0.24683955539141011,0.5358276482516549,0.8582782550038597,97,1676,0.5876288659793815,0.49461684610512985,10,False
4a706ecf-3277-40e3-871c-4ba4ead16e20,Wrenn and Six,-0.15332369195607515,0.23898964653560695,0.5211657210618259,0.8578519970742311,95,1676,0.5052631578947369,0.49968374446552816,10,False
985453e7-997e-4d77-a338-cc0290791ebe,Finale of Devastation,-0.15635541124924263,0.3236836814078391,0.6290602150948902,0.8552551690398685,60,1676,0.45,0.5018564356435643,6,False
45026d57-0324-4312-8b86-2e7d4f581ee9,Marsh Flats,-0.15809473589976755,0.1939035230023293,0.4148852810807585,0.8537688955726038,142,1676,0.5,0.5,15,False
329a8738-3e17-403a-857a-0ba529ce8cd1,Walking Ballista,-0.1598967555779736,0.21562588266830435,0.45836176337798307,0.8522317726010181,111,1676,0.4144144144144144,0.5060702875399361,12,False
b50e1800-a45c-43bd-8886-8a06145d9346,Recurring Nightmare,-0.16085154732224463,0.2773159980426499,0.5618945112475544,0.8514184570755945,75,1676,0.38666666666666666,0.5053091817613992,8,False
68c72226-6f52-4322-8b14-18737293dfa0,Bloodstained Mire,-0.16308220656545208,0.21108621270997294,0.4397675620400636,0.849521349311608,116,1676,0.47413793103448276,0.5019230769230769,12,False
5ad67b3c-cd5a-497b-8639-9b844e8d517a,Mind Twist,-0.17016906261204112,0.24545685479661677,0.4881370870783107,0.8435221964750075,88,1676,0.48863636363636365,0.5006297229219143,10,False
8683a978-1bef-4b01-9361-56b1fc157d26,Courser of Kruphix,-0.17330776054856967,0.2331514547382921,0.4572837569401803,0.8408787857015985,107,1676,0.4205607476635514,0.5054174633524537,11,False
1e0c695d-62f9-4805-9e2f-7032e8464136,No More Lies,-0.1741458260089088,0.3008789035519889,0.5627305981491861,0.8401743694496644,56,1676,0.44642857142857145,0.5018518518518519,6,False
4216656e-90e8-45fc-a0f6-0d0d79d0a021,Shelldock Isle,-0.1804775035795031,0.22534294803305213,0.4231886755603651,0.8348714621051578,101,1676,0.4752475247524752,0.5015873015873016,11,False
487116ab-b885-406b-aa54-56cb67eb3ca5,Scavenging Ooze,-0.18293884285793155,0.28759865103762083,0.5247172714134343,0.8328190870148913,72,1676,0.5,0.5,8,False
07a3d9e8-8597-498b-869c-cff79e0df516,"Karn, Scion of Urza",-0.18353364397702254,0.24197033591633052,0.4481538295745213,0.8323238725815841,89,1676,0.4044943820224719,0.5053560176433523,10,False
9a9a1df5-a4e8-49a4-aebe-ca93894ccfcf,Dimir Signet,-0.18406365953605006,0.3007840505613078,0.5405733472215997,0.831882844865066,54,1676,0.46296296296296297,0.501233045622688,6,False
de0e01e4-e143-47fd-8565-7b48219bb546,Goldvein Hydra,-0.18515632218836695,0.24581029038397384,0.45130038055370336,0.8309743739658761,99,1676,0.45454545454545453,0.50285351934052,10,False
a7a8b6b8-b95f-4014-b17a-a6d44d965995,City of Traitors,-0.1864534726264995,0.21490803739098305,0.3856152336887607,0.8298971739888618,108,1676,0.46296296296296297,0.5025510204081632,12,False
a249b1f4-2b22-4b67-a207-e0c4ae95d2e1,Ketria Triome,-0.1887707610653211,0.247200633574196,0.4450854965514104,0.827976289343625,82,1676,0.4634146341463415,0.5018820577164367,9,False
6bbf7394-9b17-45f8-a25b-d865e8452b2c,Steamcore Scholar,-0.1917881271082249,0.23078257760122584,0.4059545239109885,0.825481747169883,103,1676,0.4368932038834951,0.5041322314049587,11,False
5eccf31d-869d-4003-a92b-71b4f4b479ee,Strix Serenade,-0.1930208464758394,0.2609133470485464,0.4594279825562704,0.8244647867747029,81,1676,0.5185185185185185,0.4990595611285266,9,False
5da578b8-19e6-4068-9336-e7cd33c585f1,Retrofitter Foundry,-0.19536737332962417,0.22211811900723502,0.37909488435489214,0.8225324260673433,101,1676,0.45544554455445546,0.5028571428571429,11,False
064dfdeb-485f-473e-9fa0-8fdb7638cdc6,Dismember,-0.19995332506216298,0.2111771605033515,0.3437146626592671,0.8187689681768238,121,1676,0.5371900826446281,0.49710610932475885,13,False
01e7b0bc-1c6c-48f4-8b72-1a809f536c6c,Birds of Paradise,-0.2007420265812475,0.19516570763754232,0.30368073426430053,0.8181234584385606,144,1676,0.5138888888888888,0.49869451697127937,15,False
80c72839-0fa6-4b5f-83b7-6553ebf09bef,"Otharri, Suns' Glory",-0.2008198140750232,0.21771435105649237,0.3563197382759904,0.8180598211402547,119,1676,0.5210084033613446,0.4983943481053308,12,False
c3896705-bbd2-4ffb-a590-ee78e0eabdc5,Long Goodbye,-0.20373275112868916,0.23686821963081167,0.38972834712955673,0.8156803317091434,92,1676,0.42391304347826086,0.5044191919191919,10,False
02c532e8-21f1-4d6f-a931-1ea48a6aeea2,Coalition Relic,-0.2091397025520154,0.23409502248572725,0.37164481047539777,0.8112818895758507,92,1676,0.45652173913043476,0.5025252525252525,10,False
0055ea30-20fb-4324-a632-8fed87628f05,"Boseiju, Who Endures",-0.21186229209104807,0.2220782837963765,0.34008453279816075,0.8090761060741579,119,1676,0.48739495798319327,0.5009633911368016,13,False
187e887c-c39d-4d25-a506-cdc95fc70316,"Gideon, Ally of Zendikar",-0.2125414650325685,0.2764368568177668,0.44197594588110056,0.8085267900366917,72,1676,0.4583333333333333,0.5018703241895262,8,False
4c6cf93a-d073-48ac-88db-c46bf3e10beb,Generous Plunderer,-0.21337236234025286,0.27113905115439396,0.43131224596801176,0.8078552663259156,72,1676,0.5138888888888888,0.4993765586034913,8,False
1f9fb33a-3b39-4aff-93b8-aedafe0ea694,Fanatic of Rhonas,-0.21361256599379838,0.28422378487114847,0.45231287334811887,0.8076612398432761,86,1676,0.3953488372093023,0.5056603773584906,10,False
ff84ea71-e477-44f7-a3f8-77fef708efeb,Thieving Skydiver,-0.22059211024705827,0.22893257071035303,0.33526253265708594,0.8020437590103425,110,1676,0.509090909090909,0.49936143039591313,12,False
c7bbb911-9de2-455d-9677-e1004db65dbd,"Chandra, Torch of Defiance",-0.22468548709333552,0.2165327490612205,0.2994324285375094,0.7987674019144594,125,1676,0.512,0.4990328820116054,13,False
3c02b8ee-84cb-44cb-ba14-9e725a9d03ee,Ponder,-0.22575715300249163,0.204848978475198,0.2704328548720557,0.7979118486360047,123,1676,0.4634146341463415,0.5028976175144881,13,False
c78da035-6b5b-4136-9ab6-f622b64fdc54,Unstoppable Slasher,-0.22705739706503064,0.21094480466018367,0.2817560118733633,0.7968750426888462,115,1676,0.4260869565217391,0.5054452274183215,13,False
0f7585c8-9e21-4eef-afc1-2852de23db2f,Polluted Delta,-0.2286960337327189,0.20349547572344429,0.26108157964292733,0.7955703232967942,124,1676,0.46774193548387094,0.5025773195876289,13,False
d40b65c1-b24d-492d-81b9-d8474ebdc08c,Sylvan Caryatid,-0.2287659660676607,0.213478597160554,0.2838948892927332,0.7955146891518111,119,1676,0.46218487394957986,0.5028901734104047,13,False
2c695df6-6bf2-4e6b-8500-e3116137ca27,Jacked Rabbit,-0.23272003871758104,0.21190576278131842,0.2721065975197212,0.7923753769013608,128,1676,0.4609375,0.5032299741602068,13,False
d2507bc2-da17-4e46-b4c5-ba0080ce2c6f,Rishadan Port,-0.2342280754729387,0.2621862692621113,0.3716616597893685,0.7911813462562893,77,1676,0.5064935064935064,0.4996873045653533,8,False
32aa6e33-221f-414c-9b51-850d97a7e051,Galvanic Discharge,-0.23606393427158293,0.2287569392488871,0.30209920532990164,0.7897301814948204,102,1676,0.5294117647058824,0.49809402795425667,11,False
c17816e8-28b1-4295-a637-efb0e5c18873,Lush Portico,-0.23877042893103853,0.24402613250025848,0.3278456108341584,0.7875956708000527,102,1676,0.37254901960784315,0.5082592121982211,11,False
400382a4-aea2-4827-b06a-1b0b3745908b,Noble Hierarch,-0.24166873094569818,0.20770726019924743,0.24462409444764932,0.7853162854498109,151,1676,0.5165562913907285,0.49836065573770494,16,False
1132218d-56cd-441e-9006-df3c50344491,Joraga Treespeaker,-0.24565427013090183,0.23072590023004103,0.28701091714944127,0.7821926055305781,107,1676,0.4205607476635514,0.5054174633524537,11,False
1af92296-455a-425e-9397-a96d09937767,Incinerate,-0.24598796602284267,0.24131053639942568,0.3080209622511745,0.7819316346162887,90,1676,0.4666666666666667,0.501891551071879,9,False
247939d9-87e9-4f01-b223-fb4cfa7dbbe1,Mana Leak,-0.24618551329065935,0.20463370423237223,0.22895520358311505,0.7817771814146571,122,1676,0.4918032786885246,0.5006435006435006,13,False
6151b583-3aa7-4be8-9d05-d5e53f19c6c9,Fastbond,-0.24791260724376968,0.2116532339788773,0.2414721852383348,0.7804281440644131,131,1676,0.4122137404580153,0.5074433656957928,14,False
0da69523-cece-425a-b08a-fb27fac29374,Figure of Destiny,-0.2532133305442284,0.25354388613650675,0.3179418535213202,0.7763022551751722,86,1676,0.5116279069767442,0.49937106918238994,9,False
d5806e68-1054-458e-866d-1f2470f682b2,The One Ring,-0.2533397105411312,0.1988085179348107,0.2025606516631958,0.7762041522978187,132,1676,0.45454545454545453,0.5038860103626943,14,False
15c34f32-49d9-4a0d-83b2-28172f54fdd1,Crop Rotation,-0.25524575472023864,0.28528755878431306,0.37094939819411243,0.7747260819726886,65,1676,0.4461538461538462,0.5021725636250776,7,False
671c008a-8ff8-42d7-9e03-6d8a9ddace67,Faithless Looting,-0.2555796629923771,0.28283201934925134,0.36618381637841024,0.7744674377094091,64,1676,0.4375,0.5024813895781638,7,False
a2c56479-4bee-4edb-80d7-4af010b7c793,Raffine's Tower,-0.25615180781658986,0.2226734935851725,0.25000093843394,0.7740244569100723,109,1676,0.41284403669724773,0.5060625398851308,12,False
985bdb0c-ce6c-4506-8163-76f3b2fdf5fb,Lose Focus,-0.2602885022521707,0.19995546390797167,0.1930078859584442,0.7708291677701167,138,1676,0.47101449275362317,0.5026007802340702,15,False
4a08ca06-58db-4ce6-b490-be4bea8956a1,Sensei's Divining Top,-0.2627704619771976,0.25781139874241354,0.30809130191965994,0.7689183730594868,78,1676,0.47435897435897434,0.5012515644555695,8,False
245cdc59-d560-4c10-b721-f51cc312e370,Mishra's Factory,-0.2634762276643215,0.2768564381938649,0.3412638900329512,0.7683758883116606,67,1676,0.3880597014925373,0.5046612802983219,8,False
9417f14c-a853-42c6-a992-29139484260a,Ignoble Hierarch,-0.26487067493798944,0.21440635598318725,0.2166937088853783,0.7673051753489367,112,1676,0.5,0.5,11,False
aaae15dd-11b6-4421-99e9-365c7fe4a5d6,Embercleave,-0.2655265325078083,0.27162323251317577,0.32829467525575684,0.7668020974330858,81,1676,0.4691358024691358,0.5015673981191222,9,False
0c3d7e2c-a104-4757-9984-fb31088f92c4,Cryptic Coat,-0.26762078492920155,0.24656537390159214,0.27774681612172814,0.765197900666608,84,1676,0.44047619047619047,0.503140703517588,9,False
33672990-4860-4aa6-ac1b-f9da66f5da59,Wurmcoil Engine,-0.27065317564072233,0.24423614990047304,0.26779193776364507,0.7628810362545858,82,1676,0.45121951219512196,0.5025094102885822,9,False
8e42df9e-95f2-4c79-9274-2d16e3cd91f1,"Thalia, Guardian of Thraben",-0.2708418308845664,0.23014227907412152,0.23925730760831343,0.7627371283215871,105,1676,0.44761904761904764,0.5035009548058561,11,False
33ca68a6-474e-4d86-bffa-ee4bddb4a3cf,Fellwar Stone,-0.2722917328430829,0.3179110125760772,0.39171961965521096,0.7616320355970485,51,1676,0.39215686274509803,0.5033846153846154,6,False
41e108a5-4e2f-42cf-9ea1-87bf3c0a2b7f,"Nissa, Who Shakes the World",-0.2831140834083847,0.3041976075235953,0.3520132430630263,0.7534338286573855,77,1676,0.4675324675324675,0.5015634771732332,9,False
3ee3945e-5089-4751-b7b3-5961c39d2a33,Nethergoyf,-0.2899411031269956,0.23643287801323562,0.22008028871413365,0.7483076392607081,90,1676,0.4888888888888889,0.5006305170239597,11,False
f231caf8-56c0-4719-a90d-5e5efbee3148,Den of the Bugbear,-0.2904539535347398,0.25869688978209804,0.26154036803875125,0.7479239677742436,87,1676,0.45977011494252873,0.5022026431718062,9,False
74d29b3d-f588-431d-bf4e-f7215683ab39,Tangle Wire,-0.2910724997463175,0.23898586412523135,0.22324350418219907,0.7474614852855698,92,1676,0.43478260869565216,0.5037878787878788,10,False
553fb946-2706-475b-89f9-e4355ec9ea2b,March of Otherworldly Light,-0.29130190267257905,0.2684602206124313,0.27788443222008563,0.7472900350999165,82,1676,0.34146341463414637,0.5081555834378921,9,False
b90331d4-74f0-43bf-8ed2-f8616d782859,Basalt Monolith,-0.2941084608958439,0.3087269601894427,0.3407678906413115,0.7451956624708459,55,1676,0.4,0.5033929673041333,6,False
99ff731b-8399-40c8-b539-ba6ba5783771,Wasteland,-0.29834488425015965,0.2511400702351223,0.23484834329045345,0.7420453758483189,88,1676,0.5340909090909091,0.4981108312342569,9,False
9814d8e8-c462-41ca-9909-1c659f488543,Lotus Petal,-0.30040028829539683,0.21801597150340504,0.1682397155247365,0.7405217391619622,109,1676,0.44954128440366975,0.5035098915124442,12,False
02138fbb-3962-4348-8d31-faaefba0b8b2,Raugrin Triome,-0.3007948033689672,0.2466859327383628,0.22271397585555452,0.7402296497941738,89,1676,0.4606741573033708,0.5022054190296156,10,False
74b4c336-5d4c-4bc5-b82a-35084a6ad808,Spellseeker,-0.3018303839272415,0.2962703115305956,0.30831364801901295,0.7394634791443753,58,1676,0.4482758620689655,0.5018541409147095,6,False
86ecaedc-08f1-4de7-aae8-056df57940e0,Goblin Cratermaker,-0.305635068309424,0.3101386584692634,0.32438894724834444,0.7366553993102162,54,1676,0.42592592592592593,0.5024660912453761,6,False
71384418-173a-4f77-adab-56e52fa23692,Delighted Halfling,-0.30808613925874223,0.25114360688716186,0.2199229767811236,0.7348520156747843,94,1676,0.46808510638297873,0.5018963337547409,11,False
175b3d28-5c74-4972-9b5c-5e39762c78f4,Relic of Sauron,-0.31260534815721663,0.23064164459472464,0.17529889879844618,0.7315385586480196,101,1676,0.40594059405940597,0.506031746031746,11,False
3b5233ff-03bc-4053-9b49-c4185c2de38d,Restoration Angel,-0.324056151958663,0.24754638639170912,0.19050981392478605,0.7232096316023273,86,1676,0.43023255813953487,0.5037735849056604,9,False
ab1d1461-1625-4163-aacd-a939f4871fad,Staff of the Storyteller,-0.33085647846123944,0.2434075883446294,0.17406124738193807,0.7183082543488809,89,1676,0.39325842696629215,0.5059861373660995,10,False
fd99bce1-ce39-464b-8e61-2631eb3ed6f6,Tolarian Academy,-0.3316619392532547,0.24212972322807044,0.17075882791749053,0.7177299181582522,90,1676,0.3888888888888889,0.5063051702395964,10,False
90107d10-e2aa-4cb7-a000-039f0c581b47,Simic Signet,-0.3342394823101307,0.3056284319620067,0.27412437778527887,0.7158823205451023,58,1676,0.3793103448275862,0.5043263288009888,6,False
054f2276-2dd5-43da-bb26-c57c560861fe,Steam Vents,-0.3454115545078603,0.21414431586068078,0.10674778170451518,0.707928942158704,122,1676,0.48360655737704916,0.5012870012870013,13,False
e419cd0b-2449-4cc5-9ead-b9e45e271700,"Phlage, Titan of Fire's Fury",-0.34650459250202226,0.2905130900692835,0.23297389915834998,0.7071555716664211,64,1676,0.46875,0.5012406947890818,7,False
e2312c49-1627-47ad-8113-78a999a97d8d,Contaminated Landscape,-0.3486245292325561,0.33099230605321994,0.29221690016971913,0.7056580344987113,51,1676,0.35294117647058826,0.5046153846153846,6,False
2616aa0e-8413-4e63-877c-bffd5263f552,Porcelain Legionnaire,-0.35130374529744524,0.24377364627216644,0.14955464486067088,0.7037699545728165,92,1676,0.43478260869565216,0.5037878787878788,10,False
af09af65-0a3b-42df-b0fd-372e2158beac,Academy Ruins,-0.35303484051219625,0.3409448788871664,0.30045406060289526,0.7025527156543775,45,1676,0.4,0.5027590435315757,5,False
01794178-cf41-454c-ac37-1d8b18e42db2,Green Sun's Zenith,-0.3538479405241647,0.21021695588596942,0.09232647553116384,0.7019817022098493,132,1676,0.4621212121212121,0.5032383419689119,13,False
229a0d4a-3777-451d-a2fb-f1a2fdf8019f,Spara's Headquarters,-0.3553562548451762,0.24127624098141606,0.14079982211994096,0.7009236912624324,85,1676,0.4588235294117647,0.5021998742928976,9,False
e58e681e-a069-4414-aafe-634c7987fd0d,Swords to Plowshares,-0.3585199387202783,0.19364437513271848,0.06410702371284378,0.6987096943225559,142,1676,0.49295774647887325,0.500651890482399,15,False
febaaeae-5c0d-45fa-8169-b27b4996f18e,Chrome Host Seedshark,-0.3650835443637317,0.2727015809256702,0.18064693461697412,0.6941386570830377,74,1676,0.44594594594594594,0.5024968789013733,8,False
187b6719-e5ed-4615-a00b-3313ceca055b,Currency Converter,-0.3690859729876598,0.2936004847446255,0.2087164361720505,0.6913659690972401,62,1676,0.4032258064516129,0.5037174721189591,7,False
ebeafbc2-0399-4335-8f63-76a3e085e8c6,Evolved Sleeper,-0.3804625914633466,0.23220270398691523,0.1013188155385395,0.6835451339211069,97,1676,0.41237113402061853,0.5053831538948702,10,False
3462a3d0-5552-49fa-9eb7-100960c55891,"Oko, Thief of Crowns",-0.3809564498414063,0.23681079582898115,0.10768295113205169,0.6832076427732129,93,1676,0.43010752688172044,0.5041061276058117,10,False
1163fe84-c5d5-42c8-b7cd-d206a9b0bd3f,Tireless Provisioner,-0.38126217955671793,0.25488053073302763,0.13469363022443887,0.6829987978217696,86,1676,0.47674418604651164,0.5012578616352201,10,False
4720b4f2-e6af-4223-9250-a0ed21ed5693,Pest Infestation,-0.39024485461111824,0.21747297734767607,0.07274102744247588,0.6768911142948577,111,1676,0.40540540540540543,0.5067092651757189,12,False
0a26d900-c652-4f9c-8681-a35c5f8b1937,Sacred Foundry,-0.390382537639154,0.22437607205987503,0.08188392877624798,0.6767979242920792,109,1676,0.5321100917431193,0.4977664326738992,11,False
5bb3cb5c-8d66-4f5e-a9a9-917e6045f024,Flickerwisp,-0.39265331744305243,0.2605523345313432,0.13180972330903906,0.6752628088484937,83,1676,0.39759036144578314,0.5053358443188951,9,False
4a0bb5dc-75a6-4bd6-81f8-611197fb0fba,Nettlecyst,-0.39275521376251316,0.29975624156031727,0.1901117293008684,0.6751940055590638,57,1676,0.40350877192982454,0.5033971587399629,6,False
068bb15a-fc2d-42a2-859b-837b946d23c0,Underground Sea,-0.3951622017367208,0.23315748283609739,0.09010775190555907,0.6735707760380881,100,1676,0.46,0.5025380710659898,11,False
85a89077-b384-4fca-9d26-7297962c1541,Kappa Cannoneer,-0.41251669869149826,0.24430011627433004,0.09130276552560196,0.6619821423629652,90,1676,0.3888888888888889,0.5063051702395964,10,False
05e8a4ea-8c0d-4284-ac23-80e19fdde11d,Myr Battlesphere,-0.4193702727013643,0.29554595385531657,0.1559083242544446,0.6574607104394109,61,1676,0.3770491803278688,0.5046439628482973,7,False
3b6e5956-f795-451b-bb24-56462d1ced27,Umezawa's Jitte,-0.42154038460217313,0.21553218239841904,0.05048732886816346,0.6560354941261378,111,1676,0.42342342342342343,0.5054313099041533,12,False
0c3bc412-689f-4385-807b-ed60d6276d76,Grim Monolith,-0.4223742446039055,0.25463562312656723,0.09716823410128392,0.6554886803826082,78,1676,0.3974358974358974,0.5050062578222778,9,False
522aa72b-2b8c-484c-872b-f082101cee35,Get Lost,-0.4273826355441885,0.20203969863117885,0.03440098825789834,0.6522139442390203,139,1676,0.45323741007194246,0.5042290175666884,15,True
b3da28c7-6e92-439d-a163-91682d4f11dc,Shattered Landscape,-0.4424951818656834,0.3305524839186978,0.18068355754458,0.6424314362816114,47,1676,0.40425531914893614,0.5027624309392266,5,False
7b54447f-1daf-4352-b5c3-3c0ec8b8f4d0,Unwanted Remake,-0.44572854012032936,0.28468856059417547,0.11742572727201107,0.6403575798612329,62,1676,0.45161290322580644,0.5018587360594795,7,False
14065271-d942-42a8-aa38-d8a622c0375d,Scrubland,-0.45742535706559206,0.23749043461075248,0.05409450073242634,0.6329110696034262,93,1676,0.43010752688172044,0.5041061276058117,10,False
5a10b543-d5d4-42a8-9ee8-dada59a2ad7e,"Saheeli, Sublime Artificer",-0.4589223889648901,0.2591358083671758,0.0765652757666539,0.6319642903989656,79,1676,0.3670886075949367,0.506574827802129,9,False
1b6ef5f5-4058-4f89-a573-9e2da87a9f2e,Steel Seraph,-0.47490331841598415,0.35442990123822476,0.18027538688981315,0.6219451842039306,42,1676,0.38095238095238093,0.5030599755201959,5,False
0845f0b0-9413-4ddd-861d-9607636bebc6,Natural Order,-0.4776888638098081,0.2973340960201357,0.10814811867444538,0.6202151383401604,105,1676,0.5047619047619047,0.4996817313812858,11,False
162018eb-5483-4fa2-9c5a-abb639eecf91,"Kiki-Jiki, Mirror Breaker",-0.5012858342302353,0.35071544889884376,0.15291127359147838,0.6057512630235445,47,1676,0.5319148936170213,0.4990791896869245,5,False
5f608efc-0dbc-4cc3-aadd-ed473bfc29ab,Portal to Phyrexia,-0.5126263293853166,0.2555421203490081,0.04485255900140717,0.5989205488069993,86,1676,0.3953488372093023,0.5056603773584906,9,True
9503a1e6-f0bf-44d0-a28b-56fbfcff1ff2,Guardian of Ghirapur,-0.5229693490332115,0.3191045544001668,0.1012413369142952,0.5927578273174515,63,1676,0.2698412698412698,0.5089894606323621,7,False
6982a82c-dd32-40d2-8dd2-ec92d0fc6c2d,Phyrexian Revoker,-0.524580127764783,0.26778897290658976,0.0501208648156382,0.5918037941906494,73,1676,0.4383561643835616,0.5028072364316906,8,False
9e7fb3c0-5159-4d1f-8490-ce4c9a60f567,"Urza, Lord High Artificer",-0.5296536609073368,0.22997271627174362,0.021272361705731265,0.5888088618953753,100,1676,0.36,0.5088832487309645,11,True
0324641d-af55-4c53-b4dc-c8262e967da5,Volcanic Island,-0.5322264016436921,0.2538064386944568,0.035995563542016884,0.5872959563418167,82,1676,0.43902439024390244,0.5031367628607277,9,True
aac0c8df-f01d-4178-8d66-ee603f814d24,Mishra's Workshop,-0.5377862655168695,0.2975416525865787,0.0706949685553876,0.5840397312434873,61,1676,0.3770491803278688,0.5046439628482973,7,False
87d5e94b-0b35-4efd-9158-1767dcaea38c,Witherbloom Command,-0.5390406191271192,0.3613719988941942,0.13579086730845563,0.5833075981709491,47,1676,0.3404255319148936,0.5046040515653776,5,False
1a55c370-d396-4c73-8ee2-83dc4c124005,The Goose Mother,-0.5544656255357902,0.3256223288798698,0.0886078462820958,0.5743791127329414,53,1676,0.39622641509433965,0.503388786198398,7,False
d2e27911-87cb-49a0-a34f-6afe4bddd592,Phyrexian Metamorph,-0.5590076501754082,0.20854294679000496,0.007350354279417165,0.5717761844075843,122,1676,0.4098360655737705,0.5070785070785071,13,True
3b214b6f-4734-4200-8467-92d7e3469b5d,Tezzeret the Seeker,-0.573185754897501,0.29375356590925716,0.05102767421877609,0.5637266799870326,64,1676,0.375,0.5049627791563276,7,False
1e2fee55-227b-4373-a3f7-b463f220033f,Tinker,-0.5748185635610817,0.2221245354675745,0.009658512389665341,0.5628069732369659,123,1676,0.3902439024390244,0.5086928525434643,13,True
70719e7b-6f02-4c1a-9f11-79b2b0d9846a,Dust Animus,-0.5825300725968041,0.3053224019457115,0.05640182977387785,0.5584835735703586,64,1676,0.40625,0.5037220843672456,7,False
31b770cc-09e7-4c0b-b2a4-462ab4f7200d,Expressive Iteration,-0.5990573230823193,0.23611128743813484,0.011174882166005802,0.5493292320800915,100,1676,0.38,0.5076142131979695,11,True
97d08a15-e61c-4421-a541-c68a4f87cb74,Forensic Gadgeteer,-0.6673583351997066,0.30943975668098633,0.03103166448233536,0.513062127349474,60,1676,0.31666666666666665,0.5068069306930693,7,True
2ae6828e-ff19-45db-8b59-61616353491f,Deceptive Landscape,-0.6734486473860476,0.30614875724535384,0.027825119821687568,0.5099469147606148,64,1676,0.34375,0.5062034739454094,7,True
6be9b1d5-9ab8-4adb-ba54-2c0117e842fa,Mox Opal,-0.6825890780464454,0.2628489069037017,0.009407269056508434,0.5053070179774298,82,1676,0.34146341463414637,0.5081555834378921,9,True
a50d79fe-6d37-42f3-b7b0-0c3018282fa2,End-Raze Forerunners,-0.7335413843244541,0.5036410620202911,0.1452609341964951,0.4802053834902053,69,1676,0.5217391304347826,0.49906658369632856,7,False
ab9f6a1b-8467-4584-affd-8c71d3e34d2f,"Akal Pakal, First Among Equals",-0.7350636769696361,0.3176173326116613,0.020650946638971445,0.4794749264924609,54,1676,0.3333333333333333,0.5055487053020962,6,True
18adbda4-8d36-47cd-afbc-c785aaa8ed80,Blightsteel Colossus,-0.7862192176129253,0.2848059652651234,0.0057705296576677275,0.4555639314829365,72,1676,0.3472222222222222,0.506857855361596,8,True
70496f16-c4c0-4c03-beef-454eb4824cd1,Deathrite Shaman,-0.8004916100616114,0.3384765402115004,0.018030848727382004,0.4491081237656053,48,1676,0.4166666666666667,0.5024570024570024,5,True
69c1b656-1d67-499c-bf0f-417682a86c7d,Shadowy Backstreet,-0.820876843429731,0.37286134045129576,0.027696360296642405,0.4400456341679315,43,1676,0.3488372093023256,0.5039804041641152,5,True
1fdcc0c3-4029-4fc3-a486-5d7f45c910bd,Everflowing Chalice,-0.8219790388687517,0.26534828504216035,0.0019500480279665555,0.4395608850701871,82,1676,0.3048780487804878,0.5100376411543287,9,True
c4fffacd-81c7-44b8-9b59-2c7210022c14,Augur of Autumn,-0.8324941518918781,0.2854692252314393,0.0035428829261280933,0.43496306832853054,78,1676,0.3076923076923077,0.509386733416771,8,True
29148d7e-b398-4e19-a29e-d9a660ad5016,Mirage Mirror,-0.8424998992232062,0.32448207741113727,0.009419395771192045,0.4306326384901233,55,1676,0.36363636363636365,0.5046267735965454,6,True
bf4b9a8a-b42a-46fb-b0d0-9cf800f63c8a,"Emry, Lurker of the Loch",-0.8480352982811109,0.27613117160433104,0.0021324879889585047,0.4282555002628245,77,1676,0.2987012987012987,0.5096935584740463,9,True
44afd414-cc69-4888-ba12-7ea87e60b1f7,Craterhoof Behemoth,-0.8561811693701351,0.4823148876066395,0.07587315838252709,0.42478115615584167,68,1676,0.5294117647058824,0.4987562189054726,7,False
