draws,player1,player1Wins,player2,player2Wins,round,tournamentDate
0,Dimlas,2,Valentin,0,1,2024-12-07T23:00:00Z
0,Manuel,2,Joel K.,1,1,2024-12-07T23:00:00Z
1,Tommy,1,Yannik,1,1,2024-12-07T23:00:00Z
0,Sili,2,Noe T.,1,1,2024-12-07T23:00:00Z
0,Lukas Stalder,2,Matthias,0,1,2024-12-07T23:00:00Z
0,Luca,2,Andrin,1,1,2024-12-07T23:00:00Z
0,Valentin,2,Joel K.,0,2,2024-12-07T23:00:00Z
0,Sili,0,Tommy,2,2,2024-12-07T23:00:00Z
0,Matthias,2,Noe T.,0,2,2024-12-07T23:00:00Z
0,Yannik,1,Andrin,2,2,2024-12-07T23:00:00Z
0,Lukas Stalder,2,Luca,0,2,2024-12-07T23:00:00Z
0,Manuel,1,Dimlas,2,2,2024-12-07T23:00:00Z
0,Valentin,0,Sili,2,3,2024-12-07T23:00:00Z
0,Lukas Stalder,1,Dimlas,2,3,2024-12-07T23:00:00Z
0,Joel K.,1,Noe T.,2,3,2024-12-07T23:00:00Z
0,Luca,2,Yannik,0,3,2024-12-07T23:00:00Z
0,Manuel,1,Andrin,2,3,2024-12-07T23:00:00Z
1,Tommy,1,Matthias,1,3,2024-12-07T23:00:00Z
0,Yannik,2,Joel K.,0,4,2024-12-07T23:00:00Z
0,Andrin,0,Tommy,2,4,2024-12-07T23:00:00Z
0,Dimlas,1,Luca,2,4,2024-12-07T23:00:00Z
0,Manuel,1,Noe T.,2,4,2024-12-07T23:00:00Z
0,Matthias,1,Valentin,2,4,2024-12-07T23:00:00Z
0,Lukas Stalder,0,Sili,2,4,2024-12-07T23:00:00Z
