archetype,decktype,player,quantity,scryfallId,tournament
Control,Grixis Control,Tommy,1,24c0d87b-0049-4beb-b9cb-6f813b7aa7dc,2025-05-17T22:00:00Z
Control,Grixis Control,Tommy,1,1716b4dd-9045-462b-b053-72de450a8cde,2025-05-17T22:00:00Z
Control,Grixis Control,Tommy,1,68924203-c3d9-41ce-8ca8-c6dd491eb3ca,2025-05-17T22:00:00Z
Control,Grixis Control,Tommy,1,2487d124-210b-4808-888c-cd0a78aebd90,2025-05-17T22:00:00Z
Control,Grixis Control,Tommy,1,e2312c49-1627-47ad-8113-78a999a97d8d,2025-05-17T22:00:00Z
Control,Grixis Control,Tommy,1,2bf2da97-3331-4614-b4ff-f03d061500a7,2025-05-17T22:00:00Z
Control,Grixis Control,Tommy,1,af7091c9-5f98-4078-a42b-c9e057346d9b,2025-05-17T22:00:00Z
Control,Grixis Control,Tommy,1,612b2e6e-fe8d-49ad-b845-6fa7fa59ffd1,2025-05-17T22:00:00Z
Control,Grixis Control,Tommy,1,139b90cd-8272-457a-be32-1298145345be,2025-05-17T22:00:00Z
Control,Grixis Control,Tommy,1,0ecbe097-ba51-42e5-957c-382eb66c08f0,2025-05-17T22:00:00Z
Control,Grixis Control,Tommy,1,32a180dd-9641-4546-8940-9b21084f0c71,2025-05-17T22:00:00Z
Control,Grixis Control,Tommy,1,10158a5e-5a03-41ab-85d2-0907ccf32c9b,2025-05-17T22:00:00Z
Control,Grixis Control,Tommy,1,e4e6794a-feeb-4fc8-a2ee-38c75c18aaae,2025-05-17T22:00:00Z
Control,Grixis Control,Tommy,1,31b770cc-09e7-4c0b-b2a4-462ab4f7200d,2025-05-17T22:00:00Z
Control,Grixis Control,Tommy,1,52d3005f-a1c7-4ef5-911f-ccc0752f4181,2025-05-17T22:00:00Z
Control,Grixis Control,Tommy,1,54f449ff-4025-465e-9ec5-a5cf42c4c9d3,2025-05-17T22:00:00Z
Control,Grixis Control,Tommy,1,5eccf31d-869d-4003-a92b-71b4f4b479ee,2025-05-17T22:00:00Z
Control,Grixis Control,Tommy,1,0cb33b46-4d1b-4f97-bfdc-d815aee111da,2025-05-17T22:00:00Z
Control,Grixis Control,Tommy,1,054f2276-2dd5-43da-bb26-c57c560861fe,2025-05-17T22:00:00Z
Control,Grixis Control,Tommy,1,32aa6e33-221f-414c-9b51-850d97a7e051,2025-05-17T22:00:00Z
Control,Grixis Control,Tommy,1,33ab05b5-d6f5-439c-9aed-1a58ceb282ad,2025-05-17T22:00:00Z
Control,Grixis Control,Tommy,1,900c9dfd-ece1-4b09-a801-0fa05e1994b9,2025-05-17T22:00:00Z
Control,Grixis Control,Tommy,1,486d7edc-d983-41f0-8b78-c99aecd72996,2025-05-17T22:00:00Z
Control,Grixis Control,Tommy,1,1e3e8085-cfcd-4e88-b441-4d1f8ac63904,2025-05-17T22:00:00Z
Control,Grixis Control,Tommy,1,01d1e394-1b0c-4b40-ba85-f55973703d41,2025-05-17T22:00:00Z
Control,Grixis Control,Tommy,1,0ce44270-a684-4489-9077-521456e6dfaa,2025-05-17T22:00:00Z
Control,Grixis Control,Tommy,1,6920c895-bc98-4871-a53f-219fa27a74e5,2025-05-17T22:00:00Z
Control,Grixis Control,Tommy,1,9a71531f-d4b6-4cc7-8193-b2f5bce33b21,2025-05-17T22:00:00Z
Control,Grixis Control,Tommy,1,3c02b8ee-84cb-44cb-ba14-9e725a9d03ee,2025-05-17T22:00:00Z
Control,Grixis Control,Tommy,1,febaaeae-5c0d-45fa-8169-b27b4996f18e,2025-05-17T22:00:00Z
Control,Grixis Control,Tommy,1,45026d57-0324-4312-8b86-2e7d4f581ee9,2025-05-17T22:00:00Z
Control,Grixis Control,Tommy,1,0324641d-af55-4c53-b4dc-c8262e967da5,2025-05-17T22:00:00Z
Control,Grixis Control,Tommy,1,a9738cda-adb1-47fb-9f4c-ecd930228c4d,2025-05-17T22:00:00Z
Control,Grixis Control,Tommy,1,7c884e1e-fecb-4330-b3de-5fc2a60f7173,2025-05-17T22:00:00Z
Aggro,Boros Aggro,Andrin,1,a8069994-b103-40dc-9e14-062004914ec8,2025-05-17T22:00:00Z
Aggro,Boros Aggro,Andrin,1,21c950d7-b4f6-4902-8c9a-98f2933f9fa5,2025-05-17T22:00:00Z
Aggro,Boros Aggro,Andrin,1,e16ab44e-4257-4c0c-b705-8ac1e9c1d835,2025-05-17T22:00:00Z
Aggro,Boros Aggro,Andrin,1,605c2218-9d12-4ac3-a721-fca590b89847,2025-05-17T22:00:00Z
Aggro,Boros Aggro,Andrin,1,504a69eb-3c2d-4bb1-b117-252b15acf0c2,2025-05-17T22:00:00Z
Aggro,Boros Aggro,Andrin,1,d2e27911-87cb-49a0-a34f-6afe4bddd592,2025-05-17T22:00:00Z
Aggro,Boros Aggro,Andrin,1,6efb6a69-562c-4d95-858d-b067444cfd7e,2025-05-17T22:00:00Z
Aggro,Boros Aggro,Andrin,1,19557351-b65f-4b04-b971-66abdc07000a,2025-05-17T22:00:00Z
Aggro,Boros Aggro,Andrin,1,24e58478-c6a8-4f86-854a-a489c99bd777,2025-05-17T22:00:00Z
Aggro,Boros Aggro,Andrin,1,a3bb2881-e8fb-4fba-a9f9-d93e6ca24378,2025-05-17T22:00:00Z
Aggro,Boros Aggro,Andrin,1,9d3a7998-ccac-45ad-a4e9-3a2cb057f63b,2025-05-17T22:00:00Z
Aggro,Boros Aggro,Andrin,1,fa87bf1e-2062-4983-b1c4-98bffea69a4c,2025-05-17T22:00:00Z
Aggro,Boros Aggro,Andrin,1,f5881bbc-8600-464d-9dcd-5a7780918d1d,2025-05-17T22:00:00Z
Aggro,Boros Aggro,Andrin,1,6982a82c-dd32-40d2-8dd2-ec92d0fc6c2d,2025-05-17T22:00:00Z
Aggro,Boros Aggro,Andrin,1,df3784d4-80cd-4f78-afb3-d61f3bab5b2c,2025-05-17T22:00:00Z
Aggro,Boros Aggro,Andrin,1,2dc16614-5cf8-444d-a5ae-cac25018af68,2025-05-17T22:00:00Z
Aggro,Boros Aggro,Andrin,1,87cc2855-6b14-44dd-a398-7dc2bbae081f,2025-05-17T22:00:00Z
Aggro,Boros Aggro,Andrin,1,2b73d294-6ab1-4051-9b0f-d8e335d37674,2025-05-17T22:00:00Z
Aggro,Boros Aggro,Andrin,1,aced2c55-7543-4076-bcdd-36c4d649b8ae,2025-05-17T22:00:00Z
Aggro,Boros Aggro,Andrin,1,f46a9329-7b91-441d-8653-50c1152c9120,2025-05-17T22:00:00Z
Aggro,Boros Aggro,Andrin,1,3d8ca18d-9099-4f1e-95c1-f04da58a26bd,2025-05-17T22:00:00Z
Aggro,Boros Aggro,Andrin,1,9d48aaff-46ab-411b-9456-171d4709f951,2025-05-17T22:00:00Z
Aggro,Boros Aggro,Andrin,1,59faa45d-868b-4bc7-934c-0e077642e129,2025-05-17T22:00:00Z
Aggro,Boros Aggro,Andrin,1,55d35442-5ca0-4fd7-8ff1-b7347b3e6690,2025-05-17T22:00:00Z
Aggro,Boros Aggro,Andrin,1,7054012b-4f9d-44a0-aaf9-7fd3bddc7b2d,2025-05-17T22:00:00Z
Aggro,Boros Aggro,Andrin,1,106f9629-b3aa-4703-82fb-c1e771bbce72,2025-05-17T22:00:00Z
Aggro,Boros Aggro,Andrin,1,a7a8b6b8-b95f-4014-b17a-a6d44d965995,2025-05-17T22:00:00Z
Aggro,Boros Aggro,Andrin,1,c86b8a75-9e31-4a44-95b8-c83b9a49646f,2025-05-17T22:00:00Z
Control,Lurrus Control,Dimlas,1,29632951-3c3d-478c-8c5a-9a34f30a5c28,2025-05-17T22:00:00Z
Control,Lurrus Control,Dimlas,1,310a1c46-8331-4a09-9fcb-d942f8102364,2025-05-17T22:00:00Z
Control,Lurrus Control,Dimlas,1,97b9bab9-12ee-4da5-9d53-d0b82d9279cd,2025-05-17T22:00:00Z
Control,Lurrus Control,Dimlas,1,a1febcf1-afa4-4406-9ac1-5bf98b2765d2,2025-05-17T22:00:00Z
Control,Lurrus Control,Dimlas,1,3d3025a2-4a17-4137-ba0b-bd676c6f5f88,2025-05-17T22:00:00Z
Control,Lurrus Control,Dimlas,1,17260fff-b239-4af4-9306-3236ae3fa5a5,2025-05-17T22:00:00Z
Control,Lurrus Control,Dimlas,1,06cb1bd6-73e0-4104-b344-4bc52d7dcedf,2025-05-17T22:00:00Z
Control,Lurrus Control,Dimlas,1,068bb15a-fc2d-42a2-859b-837b946d23c0,2025-05-17T22:00:00Z
Control,Lurrus Control,Dimlas,1,15db4353-9c46-4fe4-b22e-0cf024aa9dfc,2025-05-17T22:00:00Z
Control,Lurrus Control,Dimlas,1,564caf57-4ba5-4993-a35e-945699c94eb7,2025-05-17T22:00:00Z
Control,Lurrus Control,Dimlas,1,df9d9075-2d1e-4848-b661-816d539e05eb,2025-05-17T22:00:00Z
Control,Lurrus Control,Dimlas,1,1a6f256b-943e-4cfb-9fc9-d1ded68b5f97,2025-05-17T22:00:00Z
Control,Lurrus Control,Dimlas,1,15faa763-b897-4e86-b094-73f3236291a9,2025-05-17T22:00:00Z
Control,Lurrus Control,Dimlas,1,5ad36fb2-c44e-4085-ba0d-54277841ad3a,2025-05-17T22:00:00Z
Control,Lurrus Control,Dimlas,1,493a5ca7-5f90-4af4-b6db-43ae09a2f2c9,2025-05-17T22:00:00Z
Control,Lurrus Control,Dimlas,1,68841ca8-a043-4f30-9a17-e983ed960bc2,2025-05-17T22:00:00Z
Control,Lurrus Control,Dimlas,1,b6cb2549-e485-44d6-9d65-7605c568909e,2025-05-17T22:00:00Z
Control,Lurrus Control,Dimlas,1,4acaef84-55d1-43dc-b10a-696182e6709b,2025-05-17T22:00:00Z
Control,Lurrus Control,Dimlas,1,2b5801fb-2026-4f25-98bc-ebb2f99684b9,2025-05-17T22:00:00Z
Control,Lurrus Control,Dimlas,1,4c732dc7-dd6b-4cc1-bbe0-ff3b1d2c7419,2025-05-17T22:00:00Z
Control,Lurrus Control,Dimlas,1,3ee3945e-5089-4751-b7b3-5961c39d2a33,2025-05-17T22:00:00Z
Control,Lurrus Control,Dimlas,1,bb41ff5c-9617-4033-a4fa-99323640b9c3,2025-05-17T22:00:00Z
Control,Lurrus Control,Dimlas,1,a249b1f4-2b22-4b67-a207-e0c4ae95d2e1,2025-05-17T22:00:00Z
Control,Lurrus Control,Dimlas,1,006d2bf1-20f7-4b09-8d98-8233d91682bd,2025-05-17T22:00:00Z
Control,Lurrus Control,Dimlas,1,7c024bae-5631-4e20-ac69-df392ac9e109,2025-05-17T22:00:00Z
Control,Lurrus Control,Dimlas,1,064dfdeb-485f-473e-9fa0-8fdb7638cdc6,2025-05-17T22:00:00Z
Control,Lurrus Control,Dimlas,1,16c8d2fa-54a7-46e8-980c-905258497c90,2025-05-17T22:00:00Z
Control,Lurrus Control,Dimlas,1,261ac92e-c61a-4c11-aa6a-9ae1cb703e5c,2025-05-17T22:00:00Z
Control,Lurrus Control,Dimlas,1,39b41cb3-ca3d-4389-8f66-e1f77f5fb683,2025-05-17T22:00:00Z
Control,Lurrus Control,Dimlas,1,05cf51d8-9f91-42ff-99e9-4397f2251c20,2025-05-17T22:00:00Z
Aggro-Combo,Greenbased Aggro-Combo,Tobi,1,ed0216a0-c5c9-4a99-b869-53e4d0256326,2025-05-17T22:00:00Z
Aggro-Combo,Greenbased Aggro-Combo,Tobi,1,44afd414-cc69-4888-ba12-7ea87e60b1f7,2025-05-17T22:00:00Z
Aggro-Combo,Greenbased Aggro-Combo,Tobi,1,a50d79fe-6d37-42f3-b7b0-0c3018282fa2,2025-05-17T22:00:00Z
Aggro-Combo,Greenbased Aggro-Combo,Tobi,1,8870ef0b-cb1f-463b-8509-fece4743d3d4,2025-05-17T22:00:00Z
Aggro-Combo,Greenbased Aggro-Combo,Tobi,1,487116ab-b885-406b-aa54-56cb67eb3ca5,2025-05-17T22:00:00Z
Aggro-Combo,Greenbased Aggro-Combo,Tobi,1,9417f14c-a853-42c6-a992-29139484260a,2025-05-17T22:00:00Z
Aggro-Combo,Greenbased Aggro-Combo,Tobi,1,41e108a5-4e2f-42cf-9ea1-87bf3c0a2b7f,2025-05-17T22:00:00Z
Aggro-Combo,Greenbased Aggro-Combo,Tobi,1,99ff731b-8399-40c8-b539-ba6ba5783771,2025-05-17T22:00:00Z
Aggro-Combo,Greenbased Aggro-Combo,Tobi,1,0adcd4e5-d542-4293-8774-ace2305ef820,2025-05-17T22:00:00Z
Aggro-Combo,Greenbased Aggro-Combo,Tobi,1,1132218d-56cd-441e-9006-df3c50344491,2025-05-17T22:00:00Z
Aggro-Combo,Greenbased Aggro-Combo,Tobi,1,25b0b816-0583-44aa-9dc5-f3ff48993a51,2025-05-17T22:00:00Z
Aggro-Combo,Greenbased Aggro-Combo,Tobi,1,400382a4-aea2-4827-b06a-1b0b3745908b,2025-05-17T22:00:00Z
Aggro-Combo,Greenbased Aggro-Combo,Tobi,1,01794178-cf41-454c-ac37-1d8b18e42db2,2025-05-17T22:00:00Z
Aggro-Combo,Greenbased Aggro-Combo,Tobi,1,2b20d3e1-62ef-44db-8109-a33d4fa3e7f1,2025-05-17T22:00:00Z
Aggro-Combo,Greenbased Aggro-Combo,Tobi,1,39c431d7-d94b-46c4-bb89-f3db56214ab4,2025-05-17T22:00:00Z
Aggro-Combo,Greenbased Aggro-Combo,Tobi,1,1f9fb33a-3b39-4aff-93b8-aedafe0ea694,2025-05-17T22:00:00Z
Aggro-Combo,Greenbased Aggro-Combo,Tobi,1,19adde22-e5eb-4815-beb6-c520b3274cc9,2025-05-17T22:00:00Z
Aggro-Combo,Greenbased Aggro-Combo,Tobi,1,0eee981e-5d26-4810-90e1-432f3c3107f2,2025-05-17T22:00:00Z
Aggro-Combo,Greenbased Aggro-Combo,Tobi,1,52eef0d6-24b7-40b7-8403-e8e863d0cd55,2025-05-17T22:00:00Z
Aggro-Combo,Greenbased Aggro-Combo,Tobi,1,f9246b68-580f-4f53-883d-7900880e4b0d,2025-05-17T22:00:00Z
Aggro-Combo,Greenbased Aggro-Combo,Tobi,1,8683a978-1bef-4b01-9361-56b1fc157d26,2025-05-17T22:00:00Z
Aggro-Combo,Greenbased Aggro-Combo,Tobi,1,3003d481-1b52-4aa9-bbdc-e948fbc8d49d,2025-05-17T22:00:00Z
Aggro-Combo,Greenbased Aggro-Combo,Tobi,1,30377bf0-d9b1-4c14-8dde-f74b1e02d604,2025-05-17T22:00:00Z
Aggro-Combo,Greenbased Aggro-Combo,Tobi,1,2b5315a4-6a78-456f-8d5a-fea9d62f3f0e,2025-05-17T22:00:00Z
Aggro-Combo,Greenbased Aggro-Combo,Tobi,1,e41cf82d-3213-47ce-a015-6e51a8b07e4f,2025-05-17T22:00:00Z
Aggro-Combo,Greenbased Aggro-Combo,Tobi,1,6151b583-3aa7-4be8-9d05-d5e53f19c6c9,2025-05-17T22:00:00Z
Aggro-Combo,Greenbased Aggro-Combo,Tobi,1,0845f0b0-9413-4ddd-861d-9607636bebc6,2025-05-17T22:00:00Z
Aggro-Combo,Greenbased Aggro-Combo,Tobi,1,b841bfa8-7c17-4df2-8466-780ab9a4a53a,2025-05-17T22:00:00Z
Combo,Sneak Attack,Matthias,1,0e0d989d-7186-40dc-bdfe-cfbb77656bc8,2025-05-17T22:00:00Z
Combo,Sneak Attack,Matthias,1,68c72226-6f52-4322-8b14-18737293dfa0,2025-05-17T22:00:00Z
Combo,Sneak Attack,Matthias,1,568dd5a6-86f4-4039-87d7-812120c8ab94,2025-05-17T22:00:00Z
Combo,Sneak Attack,Matthias,1,9a9a1df5-a4e8-49a4-aebe-ca93894ccfcf,2025-05-17T22:00:00Z
Combo,Sneak Attack,Matthias,1,ea1feac0-d3a7-45eb-9719-1cdaf51ea0b6,2025-05-17T22:00:00Z
Combo,Sneak Attack,Matthias,1,4a1f905f-1d55-4d02-9d24-e58070793d3f,2025-05-17T22:00:00Z
Combo,Sneak Attack,Matthias,1,3027e6c5-eed3-44e7-bb12-67569721af99,2025-05-17T22:00:00Z
Combo,Sneak Attack,Matthias,1,cc520518-2063-4b57-a0d4-10cf62a7175e,2025-05-17T22:00:00Z
Combo,Sneak Attack,Matthias,1,00f9955f-a522-47bf-b064-92dd21a76b18,2025-05-17T22:00:00Z
Combo,Sneak Attack,Matthias,1,aac0c8df-f01d-4178-8d66-ee603f814d24,2025-05-17T22:00:00Z
Combo,Sneak Attack,Matthias,1,6da09e6a-2965-4855-bd41-41b41ba188fb,2025-05-17T22:00:00Z
Combo,Sneak Attack,Matthias,1,5f608efc-0dbc-4cc3-aadd-ed473bfc29ab,2025-05-17T22:00:00Z
Combo,Sneak Attack,Matthias,1,b598c93e-dae1-4d71-a9e4-917abf76d2d0,2025-05-17T22:00:00Z
Combo,Sneak Attack,Matthias,1,26c68473-70ca-40ba-b5c6-71ec30f88a2c,2025-05-17T22:00:00Z
Combo,Sneak Attack,Matthias,1,1e2fee55-227b-4373-a3f7-b463f220033f,2025-05-17T22:00:00Z
Combo,Sneak Attack,Matthias,1,95c14c4d-6c16-4826-8d93-d89ad04aee09,2025-05-17T22:00:00Z
Combo,Sneak Attack,Matthias,1,07c17b01-ee5d-491a-8403-b3f819b778c4,2025-05-17T22:00:00Z
Combo,Sneak Attack,Matthias,1,0c3bc412-689f-4385-807b-ed60d6276d76,2025-05-17T22:00:00Z
Combo,Sneak Attack,Matthias,1,33ca68a6-474e-4d86-bffa-ee4bddb4a3cf,2025-05-17T22:00:00Z
Combo,Sneak Attack,Matthias,1,641b21e1-9188-4bc3-96e8-cda2acbc5ed5,2025-05-17T22:00:00Z
Combo,Sneak Attack,Matthias,1,ab9f6a1b-8467-4584-affd-8c71d3e34d2f,2025-05-17T22:00:00Z
Combo,Sneak Attack,Matthias,1,5a077de0-1893-40d0-a499-ee2e6e2258f1,2025-05-17T22:00:00Z
Combo,Sneak Attack,Matthias,1,672b9b16-daef-44e6-9a3a-cfd9f3c78bc7,2025-05-17T22:00:00Z
Combo,Sneak Attack,Matthias,1,b50e1800-a45c-43bd-8886-8a06145d9346,2025-05-17T22:00:00Z
Combo,Sneak Attack,Matthias,1,6989018c-37b1-4282-a4af-9cc97f160b4d,2025-05-17T22:00:00Z
Combo,Sneak Attack,Matthias,1,69c68c95-b788-43b1-9f22-1b22c5a00b25,2025-05-17T22:00:00Z
Combo,Sneak Attack,Matthias,1,b277752b-430a-4f09-8a98-b72f813dd52e,2025-05-17T22:00:00Z
Combo,Sneak Attack,Matthias,1,245cdc59-d560-4c10-b721-f51cc312e370,2025-05-17T22:00:00Z
Combo,Sneak Attack,Matthias,1,0c3d7e2c-a104-4757-9984-fb31088f92c4,2025-05-17T22:00:00Z
Combo,Sneak Attack,Matthias,1,74d29b3d-f588-431d-bf4e-f7215683ab39,2025-05-17T22:00:00Z
Combo,Sneak Attack,Matthias,1,207d5f12-fbc6-4c75-9d84-fd2f0023fbd0,2025-05-17T22:00:00Z
Aggro,Boros Aggro,Ivo,1,4e117771-5a8b-4812-b487-32ba34b7f724,2025-05-17T22:00:00Z
Aggro,Boros Aggro,Ivo,1,9814d8e8-c462-41ca-9909-1c659f488543,2025-05-17T22:00:00Z
Aggro,Boros Aggro,Ivo,1,8ca3c48b-f104-4292-9a4e-2ce87a65893c,2025-05-17T22:00:00Z
Aggro,Boros Aggro,Ivo,1,522aa72b-2b8c-484c-872b-f082101cee35,2025-05-17T22:00:00Z
Aggro,Boros Aggro,Ivo,1,045ce37b-86d2-4e56-84af-b6625b53d13c,2025-05-17T22:00:00Z
Aggro,Boros Aggro,Ivo,1,b256ddc8-8b12-434c-a610-1a872e948f2f,2025-05-17T22:00:00Z
Aggro,Boros Aggro,Ivo,1,aaae15dd-11b6-4421-99e9-365c7fe4a5d6,2025-05-17T22:00:00Z
Aggro,Boros Aggro,Ivo,1,3bd1ec98-8188-4649-899e-b0972509fc7e,2025-05-17T22:00:00Z
Aggro,Boros Aggro,Ivo,1,c7bbb911-9de2-455d-9677-e1004db65dbd,2025-05-17T22:00:00Z
Aggro,Boros Aggro,Ivo,1,f231caf8-56c0-4719-a90d-5e5efbee3148,2025-05-17T22:00:00Z
Aggro,Boros Aggro,Ivo,1,fd97b3cf-924e-4f77-bb82-0bf19592389f,2025-05-17T22:00:00Z
Aggro,Boros Aggro,Ivo,1,80c72839-0fa6-4b5f-83b7-6553ebf09bef,2025-05-17T22:00:00Z
Aggro,Boros Aggro,Ivo,1,24da9431-7e52-44f5-bc18-2f2d8a4ca81e,2025-05-17T22:00:00Z
Aggro,Boros Aggro,Ivo,1,b045c28a-39f9-4cd9-8f3a-a626b697f409,2025-05-17T22:00:00Z
Aggro,Boros Aggro,Ivo,1,fa7a55aa-ae61-4933-b7a4-dcc55dac6fcd,2025-05-17T22:00:00Z
Aggro,Boros Aggro,Ivo,1,45fd6e91-df76-497f-b642-33dc3d5f6a5a,2025-05-17T22:00:00Z
Aggro,Boros Aggro,Ivo,1,fc310a26-b6a0-4e42-98ab-bdfd7b06cb63,2025-05-17T22:00:00Z
Aggro,Boros Aggro,Ivo,1,9721f8da-39ed-4ada-a571-61e08a86032b,2025-05-17T22:00:00Z
Aggro,Boros Aggro,Ivo,1,86ecaedc-08f1-4de7-aae8-056df57940e0,2025-05-17T22:00:00Z
Aggro,Boros Aggro,Ivo,1,89af0f45-c11c-4f13-9950-b1489440ee5b,2025-05-17T22:00:00Z
Aggro,Boros Aggro,Ivo,1,70719e7b-6f02-4c1a-9f11-79b2b0d9846a,2025-05-17T22:00:00Z
Aggro,Boros Aggro,Ivo,1,0463e989-ba32-4a46-a82f-e0d6daf3cd51,2025-05-17T22:00:00Z
Aggro,Boros Aggro,Ivo,1,be77b98a-dd79-477c-8ab2-7ebf5637a89e,2025-05-17T22:00:00Z
Aggro,Boros Aggro,Ivo,1,18092f68-b96e-4084-9eba-b240d2195d81,2025-05-17T22:00:00Z
Aggro,Boros Aggro,Ivo,1,c8090bcf-e17a-4110-a518-77ccd045b18f,2025-05-17T22:00:00Z
Aggro,Boros Aggro,Ivo,1,2616aa0e-8413-4e63-877c-bffd5263f552,2025-05-17T22:00:00Z
Aggro,Boros Aggro,Ivo,1,e419cd0b-2449-4cc5-9ead-b9e45e271700,2025-05-17T22:00:00Z
Control-Aggro (Midrange),Golgari Midrange,Myri,1,c17816e8-28b1-4295-a637-efb0e5c18873,2025-05-17T22:00:00Z
Control-Aggro (Midrange),Golgari Midrange,Myri,1,cd062615-648f-4cc7-9373-520f3f6a90e3,2025-05-17T22:00:00Z
Control-Aggro (Midrange),Golgari Midrange,Myri,1,d51269cf-a333-4a64-94cd-245798d840d2,2025-05-17T22:00:00Z
Control-Aggro (Midrange),Golgari Midrange,Myri,1,18bd50f2-c3ba-4217-a2d5-bb771e199706,2025-05-17T22:00:00Z
Control-Aggro (Midrange),Golgari Midrange,Myri,1,1c7d50d6-b63a-4d8c-88fa-1d78ae693a45,2025-05-17T22:00:00Z
Control-Aggro (Midrange),Golgari Midrange,Myri,1,5b8ba842-c662-4686-bca3-93ddb7fa11a6,2025-05-17T22:00:00Z
Control-Aggro (Midrange),Golgari Midrange,Myri,1,cb94a02f-4660-45b6-8a39-941b710cf8f3,2025-05-17T22:00:00Z
Control-Aggro (Midrange),Golgari Midrange,Myri,1,01e7b0bc-1c6c-48f4-8b72-1a809f536c6c,2025-05-17T22:00:00Z
Control-Aggro (Midrange),Golgari Midrange,Myri,1,3028075c-5fc5-4942-a984-1ffcf7a8933d,2025-05-17T22:00:00Z
Control-Aggro (Midrange),Golgari Midrange,Myri,1,a9225cc3-90f0-448f-a8d9-7c6c2796d077,2025-05-17T22:00:00Z
Control-Aggro (Midrange),Golgari Midrange,Myri,1,01c6f877-6b00-4d57-8a88-36cd3b16edbc,2025-05-17T22:00:00Z
Control-Aggro (Midrange),Golgari Midrange,Myri,1,73cc6df4-3564-4ace-bf8a-eac3e62d725a,2025-05-17T22:00:00Z
Control-Aggro (Midrange),Golgari Midrange,Myri,1,2ae6828e-ff19-45db-8b59-61616353491f,2025-05-17T22:00:00Z
Control-Aggro (Midrange),Golgari Midrange,Myri,1,04fc99dc-bfbe-4567-b791-6b1db96471ec,2025-05-17T22:00:00Z
Control-Aggro (Midrange),Golgari Midrange,Myri,1,6fd672bb-18cf-44e3-8dda-5310b1e0fffe,2025-05-17T22:00:00Z
Control-Aggro (Midrange),Golgari Midrange,Myri,1,05bdd22c-3e11-4c29-bdfa-d3dfc0e90a9f,2025-05-17T22:00:00Z
Control-Aggro (Midrange),Golgari Midrange,Myri,1,d5806e68-1054-458e-866d-1f2470f682b2,2025-05-17T22:00:00Z
Control-Aggro (Midrange),Golgari Midrange,Myri,1,89f5cc05-5d9d-4709-b3c5-a6249c294acc,2025-05-17T22:00:00Z
Control-Aggro (Midrange),Golgari Midrange,Myri,1,5c70da33-ce5d-4b8b-9c1d-9a356a7e196f,2025-05-17T22:00:00Z
Control-Aggro (Midrange),Golgari Midrange,Myri,1,cea3b218-0e6e-443a-84f7-380f1021e8e1,2025-05-17T22:00:00Z
Control-Aggro (Midrange),Golgari Midrange,Myri,1,17db2b6a-eaa8-4a08-9e86-370bbd058574,2025-05-17T22:00:00Z
Control-Aggro (Midrange),Golgari Midrange,Myri,1,07313dd3-d0dc-40ca-98a3-fa4d39e5bcae,2025-05-17T22:00:00Z
Control-Aggro (Midrange),Golgari Midrange,Myri,1,02c532e8-21f1-4d6f-a931-1ea48a6aeea2,2025-05-17T22:00:00Z
Control-Aggro (Midrange),Golgari Midrange,Myri,1,14065271-d942-42a8-aa38-d8a622c0375d,2025-05-17T22:00:00Z
Control-Aggro (Midrange),Golgari Midrange,Myri,1,4f84b838-b8f1-4b9a-a19f-479594f9d427,2025-05-17T22:00:00Z
Control-Aggro (Midrange),Golgari Midrange,Myri,1,87d5e94b-0b35-4efd-9158-1767dcaea38c,2025-05-17T22:00:00Z
Control-Aggro (Midrange),Golgari Midrange,Myri,1,d40b65c1-b24d-492d-81b9-d8474ebdc08c,2025-05-17T22:00:00Z
Control-Aggro (Midrange),Golgari Midrange,Myri,1,c78da035-6b5b-4136-9ab6-f622b64fdc54,2025-05-17T22:00:00Z
Control-Aggro (Midrange),Golgari Midrange,Myri,1,b34bf7fd-9fe3-43e2-8cfe-7ce7cff08afe,2025-05-17T22:00:00Z
Combo,Draw 7,Manuel,1,18f23daa-bc59-456a-8a28-3823e51bc74b,2025-05-17T22:00:00Z
Combo,Draw 7,Manuel,1,66d80dd1-b944-4cb2-8578-b4dbcabbbc1e,2025-05-17T22:00:00Z
Combo,Draw 7,Manuel,1,5f6927e1-c580-483a-8e2a-6e2deb74800e,2025-05-17T22:00:00Z
Combo,Draw 7,Manuel,1,7f7e780e-fbc5-4dc0-b5c7-efcb8645c7c6,2025-05-17T22:00:00Z
Combo,Draw 7,Manuel,1,e5145f31-a4ac-44ef-8f85-e4d95f2c9ff5,2025-05-17T22:00:00Z
Combo,Draw 7,Manuel,1,18a3cca1-e50e-49b6-9e1a-f86640e3b177,2025-05-17T22:00:00Z
Combo,Draw 7,Manuel,1,441f8b2f-c8cb-4340-a92f-116c2276e906,2025-05-17T22:00:00Z
Combo,Draw 7,Manuel,1,f05e9a3e-8a35-4687-85cb-e31b3927a5e2,2025-05-17T22:00:00Z
Combo,Draw 7,Manuel,1,02551196-ecea-472f-9547-3c9658d0489e,2025-05-17T22:00:00Z
Combo,Draw 7,Manuel,1,02d6d693-f1f3-4317-bcc0-c21fa8490d38,2025-05-17T22:00:00Z
Combo,Draw 7,Manuel,1,56995b84-2307-4955-9c7c-dc4f04acdc07,2025-05-17T22:00:00Z
Combo,Draw 7,Manuel,1,35f1a6ba-e46f-44fb-93f4-fb883d677b36,2025-05-17T22:00:00Z
Combo,Draw 7,Manuel,1,ff590af2-2d6c-4f16-a9b8-1a6dab6e9ad5,2025-05-17T22:00:00Z
Combo,Draw 7,Manuel,1,5ad67b3c-cd5a-497b-8639-9b844e8d517a,2025-05-17T22:00:00Z
Combo,Draw 7,Manuel,1,94c6fdd8-21e7-48ae-aa05-a3666b928c1a,2025-05-17T22:00:00Z
Combo,Draw 7,Manuel,1,2a717b98-cdac-416d-bf6c-f6b6638e65d1,2025-05-17T22:00:00Z
Combo,Draw 7,Manuel,1,1571b584-9007-45ee-a3c3-6c72f227fee2,2025-05-17T22:00:00Z
Combo,Draw 7,Manuel,1,4b4956a2-9a39-4152-9c98-70e4b2acfa26,2025-05-17T22:00:00Z
Combo,Draw 7,Manuel,1,24a5cc2c-0fbf-4a5f-b175-6e0ffd0d0787,2025-05-17T22:00:00Z
Combo,Draw 7,Manuel,1,f1e5cafb-b0e6-4ee5-8c58-6f8e5ef2b9da,2025-05-17T22:00:00Z
Combo,Draw 7,Manuel,1,d67be074-cdd4-41d9-ac89-0a0456c4e4b2,2025-05-17T22:00:00Z
Combo,Draw 7,Manuel,1,3ca1e1de-b916-445f-b3b2-0f4d0cc7ceeb,2025-05-17T22:00:00Z
Combo,Draw 7,Manuel,1,ebc01ab4-d89a-4d25-bf54-6aed33772f4b,2025-05-17T22:00:00Z
Combo,Draw 7,Manuel,1,7c59e0cd-10a8-4a32-9c0a-a2c6ef1ed9a6,2025-05-17T22:00:00Z
Combo,Draw 7,Manuel,1,c3896705-bbd2-4ffb-a590-ee78e0eabdc5,2025-05-17T22:00:00Z
Combo,Draw 7,Manuel,1,4df8aabc-7fcb-4b7b-980b-18f499e6c170,2025-05-17T22:00:00Z
Combo,Draw 7,Manuel,1,8c39f9b4-02b9-4d44-b8d6-4fd02ebbb0c5,2025-05-17T22:00:00Z
Control,Azorius Blink,Lukas Stalder,1,78cef262-c753-4658-b3ec-fec8db47f944,2025-05-17T22:00:00Z
Control,Azorius Blink,Lukas Stalder,1,5bb3cb5c-8d66-4f5e-a9a9-917e6045f024,2025-05-17T22:00:00Z
Control,Azorius Blink,Lukas Stalder,1,1453f92e-df2d-4789-aa1b-a5b5c51567d4,2025-05-17T22:00:00Z
Control,Azorius Blink,Lukas Stalder,1,47a6234f-309f-4e03-9263-66da48b57153,2025-05-17T22:00:00Z
Control,Azorius Blink,Lukas Stalder,1,3b5233ff-03bc-4053-9b49-c4185c2de38d,2025-05-17T22:00:00Z
Control,Azorius Blink,Lukas Stalder,1,f33d3948-fe7b-4c3b-ab67-1022623fbb2b,2025-05-17T22:00:00Z
Control,Azorius Blink,Lukas Stalder,1,985bdb0c-ce6c-4506-8163-76f3b2fdf5fb,2025-05-17T22:00:00Z
Control,Azorius Blink,Lukas Stalder,1,2398892d-28e9-4009-81ec-0d544af79d2b,2025-05-17T22:00:00Z
Control,Azorius Blink,Lukas Stalder,1,345a4aee-5846-4ae9-9af1-4c8fe8d692ec,2025-05-17T22:00:00Z
Control,Azorius Blink,Lukas Stalder,1,e58e681e-a069-4414-aafe-634c7987fd0d,2025-05-17T22:00:00Z
Control,Azorius Blink,Lukas Stalder,1,76c3cad2-1e25-4abe-878d-9194de6fcc27,2025-05-17T22:00:00Z
Control,Azorius Blink,Lukas Stalder,1,0d16e8e0-31b2-4389-afd6-783c501f6fa0,2025-05-17T22:00:00Z
Control,Azorius Blink,Lukas Stalder,1,f3537373-ef54-4578-9d05-6216420ee349,2025-05-17T22:00:00Z
Control,Azorius Blink,Lukas Stalder,1,2da5f3f8-5eef-498f-ba2c-2f3fbc3745aa,2025-05-17T22:00:00Z
Control,Azorius Blink,Lukas Stalder,1,55707746-da6e-46e5-a5ca-7ac843fdc38e,2025-05-17T22:00:00Z
Control,Azorius Blink,Lukas Stalder,1,073bfdca-d7b8-4f4b-93f3-6e7c44bc0b0a,2025-05-17T22:00:00Z
Control,Azorius Blink,Lukas Stalder,1,1e0c695d-62f9-4805-9e2f-7032e8464136,2025-05-17T22:00:00Z
Control,Azorius Blink,Lukas Stalder,1,17f28b16-da65-41a8-ba4f-f1c5e104aad6,2025-05-17T22:00:00Z
Control,Azorius Blink,Lukas Stalder,1,2c695df6-6bf2-4e6b-8500-e3116137ca27,2025-05-17T22:00:00Z
Control,Azorius Blink,Lukas Stalder,1,b689a206-aec3-4a31-95cf-3d4b840db04c,2025-05-17T22:00:00Z
Control,Azorius Blink,Lukas Stalder,1,fe30c0ff-f74b-456a-a61e-3720d84d713f,2025-05-17T22:00:00Z
Control,Azorius Blink,Lukas Stalder,1,2be39749-ad6f-4160-99eb-c677eee7f1b2,2025-05-17T22:00:00Z
Control,Azorius Blink,Lukas Stalder,1,0ad38866-fc5f-4f62-89c1-afc0f50765aa,2025-05-17T22:00:00Z
Control,Azorius Blink,Lukas Stalder,1,98e7bf8f-dba7-4005-8cee-634c9153931d,2025-05-17T22:00:00Z
