draws,player1,player1Wins,player2,player2Wins,round,tournamentDate
0,Matthias,1,Lukas Stalder,2,1,2025-05-17T22:00:00Z
0,Missing Player,0,Manuel,2,1,2025-05-17T22:00:00Z
0,Dimlas,2,Tommy,0,1,2025-05-17T22:00:00Z
0,Myri,1,Ivo,2,1,2025-05-17T22:00:00Z
0,Andrin,2,Tobi,1,1,2025-05-17T22:00:00Z
0,Tommy,2,Missing Player,0,2,2025-05-17T22:00:00Z
0,Andrin,2,Manuel,0,2,2025-05-17T22:00:00Z
0,Matthias,2,Myri,0,2,2025-05-17T22:00:00Z
0,Lukas Stalder,1,Tobi,2,2,2025-05-17T22:00:00Z
0,Ivo,0,Dimlas,2,2,2025-05-17T22:00:00Z
0,Andrin,0,Dimlas,2,3,2025-05-17T22:00:00Z
0,Matthias,1,Ivo,2,3,2025-05-17T22:00:00Z
0,Manuel,2,Lukas Stalder,1,3,2025-05-17T22:00:00Z
0,Missing Player,0,Myri,2,3,2025-05-17T22:00:00Z
0,Tommy,2,Tobi,1,3,2025-05-17T22:00:00Z
0,Myri,1,Tobi,2,4,2025-05-17T22:00:00Z
0,Dimlas,2,Manuel,1,4,2025-05-17T22:00:00Z
0,Matthias,2,Missing Player,0,4,2025-05-17T22:00:00Z
0,Tommy,0,Lukas Stalder,2,4,2025-05-17T22:00:00Z
0,Ivo,0,Andrin,2,4,2025-05-17T22:00:00Z
