archetype,decktype,player,quantity,scryfallId,tournament
Control-Aggro (Midrange),Selesnya Midrange,Valentin,1,60d0e6a6-629a-45a7-bfcb-25ba7156788b,2025-06-08T22:00:00Z
Control-Aggro (Midrange),Selesnya Midrange,Valentin,1,3003d481-1b52-4aa9-bbdc-e948fbc8d49d,2025-06-08T22:00:00Z
Control-Aggro (Midrange),Selesnya Midrange,Valentin,1,d7a8cc1d-aabb-4eb6-b0f1-6c93ec246f61,2025-06-08T22:00:00Z
Control-Aggro (Midrange),Selesnya Midrange,Valentin,1,345a4aee-5846-4ae9-9af1-4c8fe8d692ec,2025-06-08T22:00:00Z
Control-Aggro (Midrange),Selesnya Midrange,Valentin,1,89f5cc05-5d9d-4709-b3c5-a6249c294acc,2025-06-08T22:00:00Z
Control-Aggro (Midrange),Selesnya Midrange,Valentin,1,d51269cf-a333-4a64-94cd-245798d840d2,2025-06-08T22:00:00Z
Control-Aggro (Midrange),Selesnya Midrange,Valentin,1,0e9aeaa8-9a75-4719-992f-cbb316f72175,2025-06-08T22:00:00Z
Control-Aggro (Midrange),Selesnya Midrange,Valentin,1,1132218d-56cd-441e-9006-df3c50344491,2025-06-08T22:00:00Z
Control-Aggro (Midrange),Selesnya Midrange,Valentin,1,fe30c0ff-f74b-456a-a61e-3720d84d713f,2025-06-08T22:00:00Z
Control-Aggro (Midrange),Selesnya Midrange,Valentin,1,9d3a7998-ccac-45ad-a4e9-3a2cb057f63b,2025-06-08T22:00:00Z
Control-Aggro (Midrange),Selesnya Midrange,Valentin,1,1dd64b1d-bcef-476c-bf0b-3ac7df7cbed3,2025-06-08T22:00:00Z
Control-Aggro (Midrange),Selesnya Midrange,Valentin,1,005dae9a-dddc-4a11-95bb-cce319edcce4,2025-06-08T22:00:00Z
Control-Aggro (Midrange),Selesnya Midrange,Valentin,1,54a3ea87-005e-4985-b2a5-21711d0b71c0,2025-06-08T22:00:00Z
Control-Aggro (Midrange),Selesnya Midrange,Valentin,1,30377bf0-d9b1-4c14-8dde-f74b1e02d604,2025-06-08T22:00:00Z
Control-Aggro (Midrange),Selesnya Midrange,Valentin,1,4e117771-5a8b-4812-b487-32ba34b7f724,2025-06-08T22:00:00Z
Control-Aggro (Midrange),Selesnya Midrange,Valentin,1,7eb39e97-53c2-4df0-9fb3-a3d6a24ec41f,2025-06-08T22:00:00Z
Control-Aggro (Midrange),Selesnya Midrange,Valentin,1,eeeffc0b-dc92-458e-ad58-86ff6077a508,2025-06-08T22:00:00Z
Control-Aggro (Midrange),Selesnya Midrange,Valentin,1,71384418-173a-4f77-adab-56e52fa23692,2025-06-08T22:00:00Z
Control-Aggro (Midrange),Selesnya Midrange,Valentin,1,93f99e67-901f-4c8d-8a09-e443b7eb928f,2025-06-08T22:00:00Z
Control-Aggro (Midrange),Selesnya Midrange,Valentin,1,c86b8a75-9e31-4a44-95b8-c83b9a49646f,2025-06-08T22:00:00Z
Control-Aggro (Midrange),Selesnya Midrange,Valentin,1,7d48d622-f397-4f31-b1a5-0c23f60aa71c,2025-06-08T22:00:00Z
Control-Aggro (Midrange),Selesnya Midrange,Valentin,1,3028075c-5fc5-4942-a984-1ffcf7a8933d,2025-06-08T22:00:00Z
Control-Aggro (Midrange),Selesnya Midrange,Valentin,1,f20015ad-8fda-498f-ac28-1ffb824ab480,2025-06-08T22:00:00Z
Control-Aggro (Midrange),Selesnya Midrange,Valentin,1,01794178-cf41-454c-ac37-1d8b18e42db2,2025-06-08T22:00:00Z
Control-Aggro (Midrange),Selesnya Midrange,Valentin,1,b256ddc8-8b12-434c-a610-1a872e948f2f,2025-06-08T22:00:00Z
Control-Aggro (Midrange),Selesnya Midrange,Valentin,1,63c59228-c742-4abd-b4d7-9f7880190e95,2025-06-08T22:00:00Z
Control-Aggro (Midrange),Selesnya Midrange,Valentin,1,2b9b0195-beda-403e-bc27-7ae3be9f318c,2025-06-08T22:00:00Z
Aggro,Gruul Aggro,Sili,1,2b73d294-6ab1-4051-9b0f-d8e335d37674,2025-06-08T22:00:00Z
Aggro,Gruul Aggro,Sili,1,bbec97ff-bb84-4496-9e09-d4fc1570c516,2025-06-08T22:00:00Z
Aggro,Gruul Aggro,Sili,1,01c6f877-6b00-4d57-8a88-36cd3b16edbc,2025-06-08T22:00:00Z
Aggro,Gruul Aggro,Sili,1,071daca8-ccc6-4707-843e-adac40dd1588,2025-06-08T22:00:00Z
Aggro,Gruul Aggro,Sili,1,3277ad99-5682-4baa-b106-de15721876a6,2025-06-08T22:00:00Z
Aggro,Gruul Aggro,Sili,1,1066a94a-8e4f-4d77-820b-7a77a18116f0,2025-06-08T22:00:00Z
Aggro,Gruul Aggro,Sili,1,01006833-6007-4c16-9ebb-20d31c60a57a,2025-06-08T22:00:00Z
Aggro,Gruul Aggro,Sili,1,1163fe84-c5d5-42c8-b7cd-d206a9b0bd3f,2025-06-08T22:00:00Z
Aggro,Gruul Aggro,Sili,1,73cc6df4-3564-4ace-bf8a-eac3e62d725a,2025-06-08T22:00:00Z
Aggro,Gruul Aggro,Sili,1,079e6263-e54c-4899-a336-5315909b9322,2025-06-08T22:00:00Z
Aggro,Gruul Aggro,Sili,1,6a058e68-70af-4a64-859c-c881e5578368,2025-06-08T22:00:00Z
Aggro,Gruul Aggro,Sili,1,26d40e03-6de4-4373-9fbf-04c1dd79e995,2025-06-08T22:00:00Z
Aggro,Gruul Aggro,Sili,1,df3784d4-80cd-4f78-afb3-d61f3bab5b2c,2025-06-08T22:00:00Z
Aggro,Gruul Aggro,Sili,1,bf220c06-3cce-4bdd-aa58-83940c223e9c,2025-06-08T22:00:00Z
Aggro,Gruul Aggro,Sili,1,9d48aaff-46ab-411b-9456-171d4709f951,2025-06-08T22:00:00Z
Aggro,Gruul Aggro,Sili,1,d6ec3293-b09e-4931-ac4e-dc5eac0ca004,2025-06-08T22:00:00Z
Aggro,Gruul Aggro,Sili,1,7832abb5-5107-4603-904e-491b221bd3e3,2025-06-08T22:00:00Z
Aggro,Gruul Aggro,Sili,1,25b0b816-0583-44aa-9dc5-f3ff48993a51,2025-06-08T22:00:00Z
Aggro,Gruul Aggro,Sili,1,a3bb2881-e8fb-4fba-a9f9-d93e6ca24378,2025-06-08T22:00:00Z
Aggro,Gruul Aggro,Sili,1,2dc16614-5cf8-444d-a5ae-cac25018af68,2025-06-08T22:00:00Z
Aggro,Gruul Aggro,Sili,1,327cf118-cc92-4073-85d0-94d2a0a6989a,2025-06-08T22:00:00Z
Aggro,Gruul Aggro,Sili,1,162018eb-5483-4fa2-9c5a-abb639eecf91,2025-06-08T22:00:00Z
Aggro,Gruul Aggro,Sili,1,928036c9-11b8-493e-b9f2-8fbd3487cd19,2025-06-08T22:00:00Z
Aggro,Gruul Aggro,Sili,1,b3dd3c7d-4685-4579-b483-14ddaaaddf5b,2025-06-08T22:00:00Z
Aggro,Gruul Aggro,Sili,1,ee8e9928-d9b2-4570-adb8-44b34115decd,2025-06-08T22:00:00Z
Aggro,Gruul Aggro,Sili,1,0ecbe097-ba51-42e5-957c-382eb66c08f0,2025-06-08T22:00:00Z
Aggro,Gruul Aggro,Sili,1,2b5315a4-6a78-456f-8d5a-fea9d62f3f0e,2025-06-08T22:00:00Z
Aggro,Gruul Aggro,Sili,1,0055ea30-20fb-4324-a632-8fed87628f05,2025-06-08T22:00:00Z
Aggro,Gruul Aggro,Sili,1,9417f14c-a853-42c6-a992-29139484260a,2025-06-08T22:00:00Z
Aggro,Gruul Aggro,Sili,1,fa87bf1e-2062-4983-b1c4-98bffea69a4c,2025-06-08T22:00:00Z
Aggro,Gruul Aggro,Sili,1,4c6cf93a-d073-48ac-88db-c46bf3e10beb,2025-06-08T22:00:00Z
Combo,Artifacts,Andrin,1,4a0bb5dc-75a6-4bd6-81f8-611197fb0fba,2025-06-08T22:00:00Z
Combo,Artifacts,Andrin,1,3b214b6f-4734-4200-8467-92d7e3469b5d,2025-06-08T22:00:00Z
Combo,Artifacts,Andrin,1,f05e9a3e-8a35-4687-85cb-e31b3927a5e2,2025-06-08T22:00:00Z
Combo,Artifacts,Andrin,1,2616aa0e-8413-4e63-877c-bffd5263f552,2025-06-08T22:00:00Z
Combo,Artifacts,Andrin,1,486d7edc-d983-41f0-8b78-c99aecd72996,2025-06-08T22:00:00Z
Combo,Artifacts,Andrin,1,0c3d7e2c-a104-4757-9984-fb31088f92c4,2025-06-08T22:00:00Z
Combo,Artifacts,Andrin,1,4a08ca06-58db-4ce6-b490-be4bea8956a1,2025-06-08T22:00:00Z
Combo,Artifacts,Andrin,1,207d5f12-fbc6-4c75-9d84-fd2f0023fbd0,2025-06-08T22:00:00Z
Combo,Artifacts,Andrin,1,6171e136-1167-4329-acb2-6853d3a814e5,2025-06-08T22:00:00Z
Combo,Artifacts,Andrin,1,1fdcc0c3-4029-4fc3-a486-5d7f45c910bd,2025-06-08T22:00:00Z
Combo,Artifacts,Andrin,1,175b3d28-5c74-4972-9b5c-5e39762c78f4,2025-06-08T22:00:00Z
Combo,Artifacts,Andrin,1,05e8a4ea-8c0d-4284-ac23-80e19fdde11d,2025-06-08T22:00:00Z
Combo,Artifacts,Andrin,1,af09af65-0a3b-42df-b0fd-372e2158beac,2025-06-08T22:00:00Z
Combo,Artifacts,Andrin,1,97d08a15-e61c-4421-a541-c68a4f87cb74,2025-06-08T22:00:00Z
Combo,Artifacts,Andrin,1,01d1e394-1b0c-4b40-ba85-f55973703d41,2025-06-08T22:00:00Z
Combo,Artifacts,Andrin,1,1e2fee55-227b-4373-a3f7-b463f220033f,2025-06-08T22:00:00Z
Combo,Artifacts,Andrin,1,29148d7e-b398-4e19-a29e-d9a660ad5016,2025-06-08T22:00:00Z
Combo,Artifacts,Andrin,1,f46a9329-7b91-441d-8653-50c1152c9120,2025-06-08T22:00:00Z
Combo,Artifacts,Andrin,1,d2e27911-87cb-49a0-a34f-6afe4bddd592,2025-06-08T22:00:00Z
Combo,Artifacts,Andrin,1,85a89077-b384-4fca-9d26-7297962c1541,2025-06-08T22:00:00Z
Combo,Artifacts,Andrin,1,18adbda4-8d36-47cd-afbc-c785aaa8ed80,2025-06-08T22:00:00Z
Combo,Artifacts,Andrin,1,345a1c80-41d6-43b1-83ab-1aa56dd06b1b,2025-06-08T22:00:00Z
Combo,Artifacts,Andrin,1,a55c4d47-5252-40af-961d-c08bc688028a,2025-06-08T22:00:00Z
Combo,Artifacts,Andrin,1,6be9b1d5-9ab8-4adb-ba54-2c0117e842fa,2025-06-08T22:00:00Z
Combo,Artifacts,Andrin,1,aac0c8df-f01d-4178-8d66-ee603f814d24,2025-06-08T22:00:00Z
Combo,Artifacts,Andrin,1,61a28870-cf78-4323-9d82-cee764067764,2025-06-08T22:00:00Z
Combo,Artifacts,Andrin,1,3d8ca18d-9099-4f1e-95c1-f04da58a26bd,2025-06-08T22:00:00Z
Combo,Artifacts,Andrin,1,3b6e5956-f795-451b-bb24-56462d1ced27,2025-06-08T22:00:00Z
Combo-Control,Reanimator,Lukas Stalder,1,c78da035-6b5b-4136-9ab6-f622b64fdc54,2025-06-08T22:00:00Z
Combo-Control,Reanimator,Lukas Stalder,1,02d6d693-f1f3-4317-bcc0-c21fa8490d38,2025-06-08T22:00:00Z
Combo-Control,Reanimator,Lukas Stalder,1,1453f92e-df2d-4789-aa1b-a5b5c51567d4,2025-06-08T22:00:00Z
Combo-Control,Reanimator,Lukas Stalder,1,69c68c95-b788-43b1-9f22-1b22c5a00b25,2025-06-08T22:00:00Z
Combo-Control,Reanimator,Lukas Stalder,1,e5145f31-a4ac-44ef-8f85-e4d95f2c9ff5,2025-06-08T22:00:00Z
Combo-Control,Reanimator,Lukas Stalder,1,6920c895-bc98-4871-a53f-219fa27a74e5,2025-06-08T22:00:00Z
Combo-Control,Reanimator,Lukas Stalder,1,39b41cb3-ca3d-4389-8f66-e1f77f5fb683,2025-06-08T22:00:00Z
Combo-Control,Reanimator,Lukas Stalder,1,5427d8a6-ac9e-4e50-bd39-81713b2ade25,2025-06-08T22:00:00Z
Combo-Control,Reanimator,Lukas Stalder,1,18a3cca1-e50e-49b6-9e1a-f86640e3b177,2025-06-08T22:00:00Z
Combo-Control,Reanimator,Lukas Stalder,1,68924203-c3d9-41ce-8ca8-c6dd491eb3ca,2025-06-08T22:00:00Z
Combo-Control,Reanimator,Lukas Stalder,1,68c72226-6f52-4322-8b14-18737293dfa0,2025-06-08T22:00:00Z
Combo-Control,Reanimator,Lukas Stalder,1,4b4956a2-9a39-4152-9c98-70e4b2acfa26,2025-06-08T22:00:00Z
Combo-Control,Reanimator,Lukas Stalder,1,56995b84-2307-4955-9c7c-dc4f04acdc07,2025-06-08T22:00:00Z
Combo-Control,Reanimator,Lukas Stalder,1,ed0216a0-c5c9-4a99-b869-53e4d0256326,2025-06-08T22:00:00Z
Combo-Control,Reanimator,Lukas Stalder,1,95c14c4d-6c16-4826-8d93-d89ad04aee09,2025-06-08T22:00:00Z
Combo-Control,Reanimator,Lukas Stalder,1,15faa763-b897-4e86-b094-73f3236291a9,2025-06-08T22:00:00Z
Combo-Control,Reanimator,Lukas Stalder,1,1785cb18-c291-4fd5-b8c7-ace893c32e49,2025-06-08T22:00:00Z
Combo-Control,Reanimator,Lukas Stalder,1,3d3025a2-4a17-4137-ba0b-bd676c6f5f88,2025-06-08T22:00:00Z
Combo-Control,Reanimator,Lukas Stalder,1,df9d9075-2d1e-4848-b661-816d539e05eb,2025-06-08T22:00:00Z
Combo-Control,Reanimator,Lukas Stalder,1,5ab21006-7f61-49e0-8b6a-0397c5d4c3bd,2025-06-08T22:00:00Z
Combo-Control,Reanimator,Lukas Stalder,1,3c02b8ee-84cb-44cb-ba14-9e725a9d03ee,2025-06-08T22:00:00Z
Combo-Control,Reanimator,Lukas Stalder,1,cf3eb762-6c3f-4b11-a4f9-968f79370217,2025-06-08T22:00:00Z
Combo-Control,Reanimator,Lukas Stalder,1,ebc01ab4-d89a-4d25-bf54-6aed33772f4b,2025-06-08T22:00:00Z
Combo-Control,Reanimator,Lukas Stalder,1,4a1f905f-1d55-4d02-9d24-e58070793d3f,2025-06-08T22:00:00Z
Combo-Control,Reanimator,Lukas Stalder,1,29632951-3c3d-478c-8c5a-9a34f30a5c28,2025-06-08T22:00:00Z
Combo-Control,Reanimator,Lukas Stalder,1,4c732dc7-dd6b-4cc1-bbe0-ff3b1d2c7419,2025-06-08T22:00:00Z
Combo-Control,Reanimator,Lukas Stalder,1,b50e1800-a45c-43bd-8886-8a06145d9346,2025-06-08T22:00:00Z
Aggro-Control (Tempo),Azorius Tempo,Tommy,1,52d3005f-a1c7-4ef5-911f-ccc0752f4181,2025-06-08T22:00:00Z
Aggro-Control (Tempo),Azorius Tempo,Tommy,1,4b0bd07e-cf80-4d64-af29-f4cec6632b3e,2025-06-08T22:00:00Z
Aggro-Control (Tempo),Azorius Tempo,Tommy,1,0cb33b46-4d1b-4f97-bfdc-d815aee111da,2025-06-08T22:00:00Z
Aggro-Control (Tempo),Azorius Tempo,Tommy,1,02138fbb-3962-4348-8d31-faaefba0b8b2,2025-06-08T22:00:00Z
Aggro-Control (Tempo),Azorius Tempo,Tommy,1,ff84ea71-e477-44f7-a3f8-77fef708efeb,2025-06-08T22:00:00Z
Aggro-Control (Tempo),Azorius Tempo,Tommy,1,32e29c7d-ed4b-4eff-b3c2-d99e5b63ef8d,2025-06-08T22:00:00Z
Aggro-Control (Tempo),Azorius Tempo,Tommy,1,0027e5ca-8046-40a0-bd73-79be55f28bff,2025-06-08T22:00:00Z
Aggro-Control (Tempo),Azorius Tempo,Tommy,1,652236c2-84ef-45e4-b5fc-ed6170bc3d6c,2025-06-08T22:00:00Z
Aggro-Control (Tempo),Azorius Tempo,Tommy,1,c2089ec9-0665-448f-bfe9-d181de127814,2025-06-08T22:00:00Z
Aggro-Control (Tempo),Azorius Tempo,Tommy,1,9a71531f-d4b6-4cc7-8193-b2f5bce33b21,2025-06-08T22:00:00Z
Aggro-Control (Tempo),Azorius Tempo,Tommy,1,907b3d1d-8c85-4707-80b5-c4d832df9846,2025-06-08T22:00:00Z
Aggro-Control (Tempo),Azorius Tempo,Tommy,1,e2312c49-1627-47ad-8113-78a999a97d8d,2025-06-08T22:00:00Z
Aggro-Control (Tempo),Azorius Tempo,Tommy,1,2a717b98-cdac-416d-bf6c-f6b6638e65d1,2025-06-08T22:00:00Z
Aggro-Control (Tempo),Azorius Tempo,Tommy,1,416d2d51-8f29-4e95-b037-e8c32b081e6c,2025-06-08T22:00:00Z
Aggro-Control (Tempo),Azorius Tempo,Tommy,1,1bd3fa8a-6c50-4f7f-9ae3-0810eec5e3db,2025-06-08T22:00:00Z
Aggro-Control (Tempo),Azorius Tempo,Tommy,1,1e3e8085-cfcd-4e88-b441-4d1f8ac63904,2025-06-08T22:00:00Z
Aggro-Control (Tempo),Azorius Tempo,Tommy,1,329a8738-3e17-403a-857a-0ba529ce8cd1,2025-06-08T22:00:00Z
Aggro-Control (Tempo),Azorius Tempo,Tommy,1,c1e0f201-42cb-46a1-901a-65bb4fc18f6c,2025-06-08T22:00:00Z
Aggro-Control (Tempo),Azorius Tempo,Tommy,1,e7b3ddca-69ef-4743-897b-57c58077db24,2025-06-08T22:00:00Z
Aggro-Control (Tempo),Azorius Tempo,Tommy,1,b3da28c7-6e92-439d-a163-91682d4f11dc,2025-06-08T22:00:00Z
Aggro-Control (Tempo),Azorius Tempo,Tommy,1,bdb41396-5008-4a5f-92ca-54ecac42e926,2025-06-08T22:00:00Z
Aggro-Control (Tempo),Azorius Tempo,Tommy,1,5da578b8-19e6-4068-9336-e7cd33c585f1,2025-06-08T22:00:00Z
Aggro-Control (Tempo),Azorius Tempo,Tommy,1,55707746-da6e-46e5-a5ca-7ac843fdc38e,2025-06-08T22:00:00Z
Aggro-Control (Tempo),Azorius Tempo,Tommy,1,9721f8da-39ed-4ada-a571-61e08a86032b,2025-06-08T22:00:00Z
Aggro-Control (Tempo),Azorius Tempo,Tommy,1,53d4fd57-74b6-42c7-88b1-110e5a8dfc3c,2025-06-08T22:00:00Z
Aggro-Control (Tempo),Azorius Tempo,Tommy,1,1e0c695d-62f9-4805-9e2f-7032e8464136,2025-06-08T22:00:00Z
Aggro-Control (Tempo),Azorius Tempo,Tommy,1,0c9a7cb0-5bff-48ff-b620-2838816ac9b5,2025-06-08T22:00:00Z
Aggro-Control (Tempo),Azorius Tempo,Tommy,1,07313dd3-d0dc-40ca-98a3-fa4d39e5bcae,2025-06-08T22:00:00Z
Aggro-Control (Tempo),Azorius Tempo,Tommy,1,e58e681e-a069-4414-aafe-634c7987fd0d,2025-06-08T22:00:00Z
Aggro-Control (Tempo),Azorius Tempo,Tommy,1,70719e7b-6f02-4c1a-9f11-79b2b0d9846a,2025-06-08T22:00:00Z
Combo,Combo Mix,Noe T.,1,1be9d9a4-d7ee-4854-abc2-85cabf993ec9,2025-06-08T22:00:00Z
Combo,Combo Mix,Noe T.,1,efda91fa-03b2-4fb4-ae07-b45f6c6d3eab,2025-06-08T22:00:00Z
Combo,Combo Mix,Noe T.,1,6f26faca-f338-4ce5-a218-6a61d40fc50a,2025-06-08T22:00:00Z
Combo,Combo Mix,Noe T.,1,0e51d796-7279-4c06-87f0-37adbdaa41df,2025-06-08T22:00:00Z
Combo,Combo Mix,Noe T.,1,4216656e-90e8-45fc-a0f6-0d0d79d0a021,2025-06-08T22:00:00Z
Combo,Combo Mix,Noe T.,1,18f23daa-bc59-456a-8a28-3823e51bc74b,2025-06-08T22:00:00Z
Combo,Combo Mix,Noe T.,1,3a2d7cf9-dddb-4de3-b4f2-c52e3ec8fb4b,2025-06-08T22:00:00Z
Combo,Combo Mix,Noe T.,1,493a5ca7-5f90-4af4-b6db-43ae09a2f2c9,2025-06-08T22:00:00Z
Combo,Combo Mix,Noe T.,1,cc520518-2063-4b57-a0d4-10cf62a7175e,2025-06-08T22:00:00Z
Combo,Combo Mix,Noe T.,1,06c0c35d-a26e-473a-9206-8fbda7191700,2025-06-08T22:00:00Z
Combo,Combo Mix,Noe T.,1,2424f2c4-366b-42cf-bf4b-a8a5bfdd2c4b,2025-06-08T22:00:00Z
Combo,Combo Mix,Noe T.,1,311a6257-dd77-4bb6-81cb-c8e7862350f3,2025-06-08T22:00:00Z
Combo,Combo Mix,Noe T.,1,96b6b2e1-c3e6-464c-8a13-b15deb34e862,2025-06-08T22:00:00Z
Combo,Combo Mix,Noe T.,1,758f95f8-bcb0-43ae-b474-56ebd855951e,2025-06-08T22:00:00Z
Combo,Combo Mix,Noe T.,1,57fb0fa7-0c5c-4a75-9461-c51403c30282,2025-06-08T22:00:00Z
Combo,Combo Mix,Noe T.,1,492b368b-de32-45c1-8459-238aae54f9fc,2025-06-08T22:00:00Z
Combo,Combo Mix,Noe T.,1,18bd50f2-c3ba-4217-a2d5-bb771e199706,2025-06-08T22:00:00Z
Combo,Combo Mix,Noe T.,1,bb41ff5c-9617-4033-a4fa-99323640b9c3,2025-06-08T22:00:00Z
Combo,Combo Mix,Noe T.,1,2398892d-28e9-4009-81ec-0d544af79d2b,2025-06-08T22:00:00Z
Combo,Combo Mix,Noe T.,1,e6befbc4-1320-4f26-bd9f-b1814fedda10,2025-06-08T22:00:00Z
Combo,Combo Mix,Noe T.,1,d67be074-cdd4-41d9-ac89-0a0456c4e4b2,2025-06-08T22:00:00Z
Combo,Combo Mix,Noe T.,1,94c6fdd8-21e7-48ae-aa05-a3666b928c1a,2025-06-08T22:00:00Z
Combo,Combo Mix,Noe T.,1,a6539e26-b63b-4725-9407-caaf451de084,2025-06-08T22:00:00Z
Combo,Combo Mix,Noe T.,1,641b21e1-9188-4bc3-96e8-cda2acbc5ed5,2025-06-08T22:00:00Z
Combo,Combo Mix,Noe T.,1,68841ca8-a043-4f30-9a17-e983ed960bc2,2025-06-08T22:00:00Z
Combo,Combo Mix,Noe T.,1,441f8b2f-c8cb-4340-a92f-116c2276e906,2025-06-08T22:00:00Z
Control,Birthing Pod,Dimlas,1,310a1c46-8331-4a09-9fcb-d942f8102364,2025-06-08T22:00:00Z
Control,Birthing Pod,Dimlas,1,4e4fb50c-a81f-44d3-93c5-fa9a0b37f617,2025-06-08T22:00:00Z
Control,Birthing Pod,Dimlas,1,45026d57-0324-4312-8b86-2e7d4f581ee9,2025-06-08T22:00:00Z
Control,Birthing Pod,Dimlas,1,7f7e780e-fbc5-4dc0-b5c7-efcb8645c7c6,2025-06-08T22:00:00Z
Control,Birthing Pod,Dimlas,1,7c884e1e-fecb-4330-b3de-5fc2a60f7173,2025-06-08T22:00:00Z
Control,Birthing Pod,Dimlas,1,b841bfa8-7c17-4df2-8466-780ab9a4a53a,2025-06-08T22:00:00Z
Control,Birthing Pod,Dimlas,1,50bc0f5b-7421-45b9-af85-86dd9821b7d8,2025-06-08T22:00:00Z
Control,Birthing Pod,Dimlas,1,d40b65c1-b24d-492d-81b9-d8474ebdc08c,2025-06-08T22:00:00Z
Control,Birthing Pod,Dimlas,1,17db2b6a-eaa8-4a08-9e86-370bbd058574,2025-06-08T22:00:00Z
Control,Birthing Pod,Dimlas,1,28667c8b-d02c-4e57-a050-1549207b65d1,2025-06-08T22:00:00Z
Control,Birthing Pod,Dimlas,1,4acf970d-d2d7-413d-aba7-587ee53d8d5c,2025-06-08T22:00:00Z
Control,Birthing Pod,Dimlas,1,6fd672bb-18cf-44e3-8dda-5310b1e0fffe,2025-06-08T22:00:00Z
Control,Birthing Pod,Dimlas,1,3c3ac3dd-35db-447f-8674-37b4680a1ef7,2025-06-08T22:00:00Z
Control,Birthing Pod,Dimlas,1,16c8d2fa-54a7-46e8-980c-905258497c90,2025-06-08T22:00:00Z
Control,Birthing Pod,Dimlas,1,073bfdca-d7b8-4f4b-93f3-6e7c44bc0b0a,2025-06-08T22:00:00Z
Control,Birthing Pod,Dimlas,1,fc310a26-b6a0-4e42-98ab-bdfd7b06cb63,2025-06-08T22:00:00Z
Control,Birthing Pod,Dimlas,1,139b90cd-8272-457a-be32-1298145345be,2025-06-08T22:00:00Z
Control,Birthing Pod,Dimlas,1,19557351-b65f-4b04-b971-66abdc07000a,2025-06-08T22:00:00Z
Control,Birthing Pod,Dimlas,1,377cee38-e769-47b0-abd5-0f528600f36a,2025-06-08T22:00:00Z
Control,Birthing Pod,Dimlas,1,24da9431-7e52-44f5-bc18-2f2d8a4ca81e,2025-06-08T22:00:00Z
Control,Birthing Pod,Dimlas,1,01e7b0bc-1c6c-48f4-8b72-1a809f536c6c,2025-06-08T22:00:00Z
Control,Birthing Pod,Dimlas,1,54f449ff-4025-465e-9ec5-a5cf42c4c9d3,2025-06-08T22:00:00Z
Control,Birthing Pod,Dimlas,1,69af2825-18c2-4463-b6ba-42eaa070ccc1,2025-06-08T22:00:00Z
Control,Birthing Pod,Dimlas,1,b7f16fdf-a3f5-462d-a64a-789d893b6ef5,2025-06-08T22:00:00Z
Control,Birthing Pod,Dimlas,1,ca4c8b04-66af-4cb3-8003-9088d8344b20,2025-06-08T22:00:00Z
Control,Birthing Pod,Dimlas,1,0d16e8e0-31b2-4389-afd6-783c501f6fa0,2025-06-08T22:00:00Z
Control,Birthing Pod,Dimlas,1,825969b9-3c70-4fca-8cab-696e9ca7cdb2,2025-06-08T22:00:00Z
Control,Birthing Pod,Dimlas,1,b768efa2-e56b-4a7e-ace8-d673f10e0714,2025-06-08T22:00:00Z
Control,Birthing Pod,Dimlas,1,f33d3948-fe7b-4c3b-ab67-1022623fbb2b,2025-06-08T22:00:00Z
Control,Birthing Pod,Dimlas,1,47a6234f-309f-4e03-9263-66da48b57153,2025-06-08T22:00:00Z
Control,Birthing Pod,Dimlas,1,400382a4-aea2-4827-b06a-1b0b3745908b,2025-06-08T22:00:00Z
Control,Birthing Pod,Dimlas,1,bb9ad57f-cca2-4717-a951-cbe3c7782efe,2025-06-08T22:00:00Z
Aggro,Boros Aggro,Pali,1,e419cd0b-2449-4cc5-9ead-b9e45e271700,2025-06-08T22:00:00Z
Aggro,Boros Aggro,Pali,1,773199f9-c83b-4a77-8342-9f1552ecf595,2025-06-08T22:00:00Z
Aggro,Boros Aggro,Pali,1,0ad38866-fc5f-4f62-89c1-afc0f50765aa,2025-06-08T22:00:00Z
Aggro,Boros Aggro,Pali,1,f231caf8-56c0-4719-a90d-5e5efbee3148,2025-06-08T22:00:00Z
Aggro,Boros Aggro,Pali,1,553fb946-2706-475b-89f9-e4355ec9ea2b,2025-06-08T22:00:00Z
Aggro,Boros Aggro,Pali,1,2c695df6-6bf2-4e6b-8500-e3116137ca27,2025-06-08T22:00:00Z
Aggro,Boros Aggro,Pali,1,c7bbb911-9de2-455d-9677-e1004db65dbd,2025-06-08T22:00:00Z
Aggro,Boros Aggro,Pali,1,fa7a55aa-ae61-4933-b7a4-dcc55dac6fcd,2025-06-08T22:00:00Z
Aggro,Boros Aggro,Pali,1,006d2bf1-20f7-4b09-8d98-8233d91682bd,2025-06-08T22:00:00Z
Aggro,Boros Aggro,Pali,1,0596155d-8f83-40ca-be31-9a0df1ced65e,2025-06-08T22:00:00Z
Aggro,Boros Aggro,Pali,1,74d29b3d-f588-431d-bf4e-f7215683ab39,2025-06-08T22:00:00Z
Aggro,Boros Aggro,Pali,1,0463e989-ba32-4a46-a82f-e0d6daf3cd51,2025-06-08T22:00:00Z
Aggro,Boros Aggro,Pali,1,18092f68-b96e-4084-9eba-b240d2195d81,2025-06-08T22:00:00Z
Aggro,Boros Aggro,Pali,1,d2507bc2-da17-4e46-b4c5-ba0080ce2c6f,2025-06-08T22:00:00Z
Aggro,Boros Aggro,Pali,1,80fca8c0-ae3e-439e-b202-228b9f360e9a,2025-06-08T22:00:00Z
Aggro,Boros Aggro,Pali,1,21c950d7-b4f6-4902-8c9a-98f2933f9fa5,2025-06-08T22:00:00Z
Aggro,Boros Aggro,Pali,1,6cc73d16-5ed7-4104-91f6-0997a2080e2e,2025-06-08T22:00:00Z
Aggro,Boros Aggro,Pali,1,15db4353-9c46-4fe4-b22e-0cf024aa9dfc,2025-06-08T22:00:00Z
Aggro,Boros Aggro,Pali,1,045ce37b-86d2-4e56-84af-b6625b53d13c,2025-06-08T22:00:00Z
Aggro,Boros Aggro,Pali,1,72c6d541-e2cb-4d6e-acac-90a8f53b7006,2025-06-08T22:00:00Z
Aggro,Boros Aggro,Pali,1,24e58478-c6a8-4f86-854a-a489c99bd777,2025-06-08T22:00:00Z
Aggro,Boros Aggro,Pali,1,b045c28a-39f9-4cd9-8f3a-a626b697f409,2025-06-08T22:00:00Z
Aggro,Boros Aggro,Pali,1,bb142d99-b210-47c8-897c-be62f90d2192,2025-06-08T22:00:00Z
Aggro,Boros Aggro,Pali,1,8e42df9e-95f2-4c79-9274-2d16e3cd91f1,2025-06-08T22:00:00Z
Aggro,Boros Aggro,Pali,1,3f3c77ad-fce8-4506-90e1-7ef71552a71c,2025-06-08T22:00:00Z
Aggro,Boros Aggro,Pali,1,1af92296-455a-425e-9397-a96d09937767,2025-06-08T22:00:00Z
Aggro,Boros Aggro,Pali,1,be77b98a-dd79-477c-8ab2-7ebf5637a89e,2025-06-08T22:00:00Z
Aggro,Boros Aggro,Pali,1,78cef262-c753-4658-b3ec-fec8db47f944,2025-06-08T22:00:00Z
