draws,player1,player1Wins,player2,player2Wins,round,tournamentDate
0,Noe T.,0,Sili,2,1,2025-06-08T22:00:00Z
0,Dimlas,2,Andrin,1,1,2025-06-08T22:00:00Z
0,Pali,0,Valentin,2,1,2025-06-08T22:00:00Z
0,Tommy,2,Lukas Stalder,0,1,2025-06-08T22:00:00Z
0,Andrin,1,Noe T.,2,2,2025-06-08T22:00:00Z
0,Valentin,2,Tommy,1,2,2025-06-08T22:00:00Z
0,Lukas Stalder,2,Pali,1,2,2025-06-08T22:00:00Z
0,Sili,0,Dimlas,2,2,2025-06-08T22:00:00Z
0,Sili,0,Tommy,2,3,2025-06-08T22:00:00Z
0,Lukas Stalder,2,Noe T.,1,3,2025-06-08T22:00:00Z
0,Valentin,1,Dimlas,2,3,2025-06-08T22:00:00Z
0,Andrin,2,Pali,1,3,2025-06-08T22:00:00Z
0,Valentin,2,Andrin,0,4,2025-06-08T22:00:00Z
0,Dimlas,2,Lukas Stalder,1,4,2025-06-08T22:00:00Z
0,Noe T.,2,Tommy,0,4,2025-06-08T22:00:00Z
0,Pali,0,Sili,2,4,2025-06-08T22:00:00Z
