archetype,decktype,player,quantity,scryfallId,tournament
Control,Azorius Blink,Yannik,1,900c9dfd-ece1-4b09-a801-0fa05e1994b9,2024-12-27T23:00:00Z
Control,Azorius Blink,Yannik,1,0027e5ca-8046-40a0-bd73-79be55f28bff,2024-12-27T23:00:00Z
Control,Azorius Blink,Yannik,1,63c59228-c742-4abd-b4d7-9f7880190e95,2024-12-27T23:00:00Z
Control,Azorius Blink,Yannik,1,0596155d-8f83-40ca-be31-9a0df1ced65e,2024-12-27T23:00:00Z
Control,Azorius Blink,Yannik,1,01d1e394-1b0c-4b40-ba85-f55973703d41,2024-12-27T23:00:00Z
Control,Azorius Blink,Yannik,1,4cbdacc1-7a1b-4633-85f5-eb50c2bf406d,2024-12-27T23:00:00Z
Control,Azorius Blink,Yannik,1,045ce37b-86d2-4e56-84af-b6625b53d13c,2024-12-27T23:00:00Z
Control,Azorius Blink,Yannik,1,068bb15a-fc2d-42a2-859b-837b946d23c0,2024-12-27T23:00:00Z
Control,Azorius Blink,Yannik,1,907b3d1d-8c85-4707-80b5-c4d832df9846,2024-12-27T23:00:00Z
Control,Azorius Blink,Yannik,1,e9be371c-c688-44ad-ab71-bd4c9f242d58,2024-12-27T23:00:00Z
Control,Azorius Blink,Yannik,1,4b4956a2-9a39-4152-9c98-70e4b2acfa26,2024-12-27T23:00:00Z
Control,Azorius Blink,Yannik,1,a2c56479-4bee-4edb-80d7-4af010b7c793,2024-12-27T23:00:00Z
Control,Azorius Blink,Yannik,1,995486ce-58bb-4753-a812-0ca73ef1a235,2024-12-27T23:00:00Z
Control,Azorius Blink,Yannik,1,c2089ec9-0665-448f-bfe9-d181de127814,2024-12-27T23:00:00Z
Control,Azorius Blink,Yannik,1,dcb94950-3f3e-4876-84f8-d5e4d9cfecee,2024-12-27T23:00:00Z
Control,Azorius Blink,Yannik,1,9503a1e6-f0bf-44d0-a28b-56fbfcff1ff2,2024-12-27T23:00:00Z
Control,Azorius Blink,Yannik,1,98e7bf8f-dba7-4005-8cee-634c9153931d,2024-12-27T23:00:00Z
Control,Azorius Blink,Yannik,1,02d6d693-f1f3-4317-bcc0-c21fa8490d38,2024-12-27T23:00:00Z
Control,Azorius Blink,Yannik,1,5bb3cb5c-8d66-4f5e-a9a9-917e6045f024,2024-12-27T23:00:00Z
Control,Azorius Blink,Yannik,1,50bc0f5b-7421-45b9-af85-86dd9821b7d8,2024-12-27T23:00:00Z
Control,Azorius Blink,Yannik,1,2da5f3f8-5eef-498f-ba2c-2f3fbc3745aa,2024-12-27T23:00:00Z
Control,Azorius Blink,Yannik,1,6bbf7394-9b17-45f8-a25b-d865e8452b2c,2024-12-27T23:00:00Z
Control,Azorius Blink,Yannik,1,4acaef84-55d1-43dc-b10a-696182e6709b,2024-12-27T23:00:00Z
Control,Azorius Blink,Yannik,1,985bdb0c-ce6c-4506-8163-76f3b2fdf5fb,2024-12-27T23:00:00Z
Control,Azorius Blink,Yannik,1,52d3005f-a1c7-4ef5-911f-ccc0752f4181,2024-12-27T23:00:00Z
Combo,Reanimator,Lukas Stalder,1,4216656e-90e8-45fc-a0f6-0d0d79d0a021,2024-12-27T23:00:00Z
Combo,Reanimator,Lukas Stalder,1,1be9d9a4-d7ee-4854-abc2-85cabf993ec9,2024-12-27T23:00:00Z
Combo,Reanimator,Lukas Stalder,1,2398892d-28e9-4009-81ec-0d544af79d2b,2024-12-27T23:00:00Z
Combo,Reanimator,Lukas Stalder,1,e6befbc4-1320-4f26-bd9f-b1814fedda10,2024-12-27T23:00:00Z
Combo,Reanimator,Lukas Stalder,1,3f3c77ad-fce8-4506-90e1-7ef71552a71c,2024-12-27T23:00:00Z
Combo,Reanimator,Lukas Stalder,1,68c72226-6f52-4322-8b14-18737293dfa0,2024-12-27T23:00:00Z
Combo,Reanimator,Lukas Stalder,1,18bd50f2-c3ba-4217-a2d5-bb771e199706,2024-12-27T23:00:00Z
Combo,Reanimator,Lukas Stalder,1,15faa763-b897-4e86-b094-73f3236291a9,2024-12-27T23:00:00Z
Combo,Reanimator,Lukas Stalder,1,9d48aaff-46ab-411b-9456-171d4709f951,2024-12-27T23:00:00Z
Combo,Reanimator,Lukas Stalder,1,866b7fd4-86e3-4b42-b1ea-33bad0db1f9f,2024-12-27T23:00:00Z
Combo,Reanimator,Lukas Stalder,1,68924203-c3d9-41ce-8ca8-c6dd491eb3ca,2024-12-27T23:00:00Z
Combo,Reanimator,Lukas Stalder,1,b598c93e-dae1-4d71-a9e4-917abf76d2d0,2024-12-27T23:00:00Z
Combo,Reanimator,Lukas Stalder,1,377cee38-e769-47b0-abd5-0f528600f36a,2024-12-27T23:00:00Z
Combo,Reanimator,Lukas Stalder,1,cc520518-2063-4b57-a0d4-10cf62a7175e,2024-12-27T23:00:00Z
Combo,Reanimator,Lukas Stalder,1,95c14c4d-6c16-4826-8d93-d89ad04aee09,2024-12-27T23:00:00Z
Combo,Reanimator,Lukas Stalder,1,a6539e26-b63b-4725-9407-caaf451de084,2024-12-27T23:00:00Z
Combo,Reanimator,Lukas Stalder,1,0c0e7131-db26-448d-afda-f48337a026f0,2024-12-27T23:00:00Z
Combo,Reanimator,Lukas Stalder,1,493a5ca7-5f90-4af4-b6db-43ae09a2f2c9,2024-12-27T23:00:00Z
Combo,Reanimator,Lukas Stalder,1,3ee3945e-5089-4751-b7b3-5961c39d2a33,2024-12-27T23:00:00Z
Combo,Reanimator,Lukas Stalder,1,054f2276-2dd5-43da-bb26-c57c560861fe,2024-12-27T23:00:00Z
Combo,Reanimator,Lukas Stalder,1,2bf2da97-3331-4614-b4ff-f03d061500a7,2024-12-27T23:00:00Z
Combo,Reanimator,Lukas Stalder,1,18a3cca1-e50e-49b6-9e1a-f86640e3b177,2024-12-27T23:00:00Z
Combo,Reanimator,Lukas Stalder,1,04fc99dc-bfbe-4567-b791-6b1db96471ec,2024-12-27T23:00:00Z
Combo,Reanimator,Lukas Stalder,1,b045c28a-39f9-4cd9-8f3a-a626b697f409,2024-12-27T23:00:00Z
Combo,Reanimator,Lukas Stalder,1,4a1f905f-1d55-4d02-9d24-e58070793d3f,2024-12-27T23:00:00Z
Combo,Reanimator,Lukas Stalder,1,1c0f2873-5849-4cab-855a-2fbbc41dbb6c,2024-12-27T23:00:00Z
Combo,Reanimator,Lukas Stalder,1,4c732dc7-dd6b-4cc1-bbe0-ff3b1d2c7419,2024-12-27T23:00:00Z
Combo,Reanimator,Lukas Stalder,1,29632951-3c3d-478c-8c5a-9a34f30a5c28,2024-12-27T23:00:00Z
Combo,Reanimator,Lukas Stalder,1,cea3b218-0e6e-443a-84f7-380f1021e8e1,2024-12-27T23:00:00Z
Combo,Reanimator,Lukas Stalder,1,311a6257-dd77-4bb6-81cb-c8e7862350f3,2024-12-27T23:00:00Z
Combo,Artifacts,Joel K.,1,f5881bbc-8600-464d-9dcd-5a7780918d1d,2024-12-27T23:00:00Z
Combo,Artifacts,Joel K.,1,07a3d9e8-8597-498b-869c-cff79e0df516,2024-12-27T23:00:00Z
Combo,Artifacts,Joel K.,1,b90331d4-74f0-43bf-8ed2-f8616d782859,2024-12-27T23:00:00Z
Combo,Artifacts,Joel K.,1,175b3d28-5c74-4972-9b5c-5e39762c78f4,2024-12-27T23:00:00Z
Combo,Artifacts,Joel K.,1,6171e136-1167-4329-acb2-6853d3a814e5,2024-12-27T23:00:00Z
Combo,Artifacts,Joel K.,1,9e7fb3c0-5159-4d1f-8490-ce4c9a60f567,2024-12-27T23:00:00Z
Combo,Artifacts,Joel K.,1,6be9b1d5-9ab8-4adb-ba54-2c0117e842fa,2024-12-27T23:00:00Z
Combo,Artifacts,Joel K.,1,073bfdca-d7b8-4f4b-93f3-6e7c44bc0b0a,2024-12-27T23:00:00Z
Combo,Artifacts,Joel K.,1,97b9bab9-12ee-4da5-9d53-d0b82d9279cd,2024-12-27T23:00:00Z
Combo,Artifacts,Joel K.,1,10158a5e-5a03-41ab-85d2-0907ccf32c9b,2024-12-27T23:00:00Z
Combo,Artifacts,Joel K.,1,54f449ff-4025-465e-9ec5-a5cf42c4c9d3,2024-12-27T23:00:00Z
Combo,Artifacts,Joel K.,1,7a4e1580-dd26-4f4b-ac98-3e6fa7b879d5,2024-12-27T23:00:00Z
Combo,Artifacts,Joel K.,1,af09af65-0a3b-42df-b0fd-372e2158beac,2024-12-27T23:00:00Z
Combo,Artifacts,Joel K.,1,568dd5a6-86f4-4039-87d7-812120c8ab94,2024-12-27T23:00:00Z
Combo,Artifacts,Joel K.,1,3c02b8ee-84cb-44cb-ba14-9e725a9d03ee,2024-12-27T23:00:00Z
Combo,Artifacts,Joel K.,1,329a8738-3e17-403a-857a-0ba529ce8cd1,2024-12-27T23:00:00Z
Combo,Artifacts,Joel K.,1,d5806e68-1054-458e-866d-1f2470f682b2,2024-12-27T23:00:00Z
Combo,Artifacts,Joel K.,1,0ce44270-a684-4489-9077-521456e6dfaa,2024-12-27T23:00:00Z
Combo,Artifacts,Joel K.,1,cda40e31-ba99-4565-ad92-7c687ff44bd9,2024-12-27T23:00:00Z
Combo,Artifacts,Joel K.,1,1ac01fff-4de6-4783-9489-4127e25bc641,2024-12-27T23:00:00Z
Combo,Artifacts,Joel K.,1,1453f92e-df2d-4789-aa1b-a5b5c51567d4,2024-12-27T23:00:00Z
Combo,Artifacts,Joel K.,1,b34bf7fd-9fe3-43e2-8cfe-7ce7cff08afe,2024-12-27T23:00:00Z
Combo,Artifacts,Joel K.,1,4a0bb5dc-75a6-4bd6-81f8-611197fb0fba,2024-12-27T23:00:00Z
Combo,Artifacts,Joel K.,1,5f608efc-0dbc-4cc3-aadd-ed473bfc29ab,2024-12-27T23:00:00Z
Combo,Artifacts,Joel K.,1,97d08a15-e61c-4421-a541-c68a4f87cb74,2024-12-27T23:00:00Z
Combo,Artifacts,Joel K.,1,f1a21287-e244-4960-84fb-c4f6e5c346d9,2024-12-27T23:00:00Z
Combo,Artifacts,Joel K.,1,1e2fee55-227b-4373-a3f7-b463f220033f,2024-12-27T23:00:00Z
Combo,Artifacts,Andrin,1,8db735ea-f9cf-4e3c-9200-4f180df55baa,2024-12-27T23:00:00Z
Combo,Artifacts,Andrin,1,0c9a7cb0-5bff-48ff-b620-2838816ac9b5,2024-12-27T23:00:00Z
Combo,Artifacts,Andrin,1,1ea179e9-9c0d-46c1-9ee8-60be68e1f79c,2024-12-27T23:00:00Z
Combo,Artifacts,Andrin,1,5a10b543-d5d4-42a8-9ee8-dada59a2ad7e,2024-12-27T23:00:00Z
Combo,Artifacts,Andrin,1,a7a8b6b8-b95f-4014-b17a-a6d44d965995,2024-12-27T23:00:00Z
Combo,Artifacts,Andrin,1,33ca68a6-474e-4d86-bffa-ee4bddb4a3cf,2024-12-27T23:00:00Z
Combo,Artifacts,Andrin,1,85a89077-b384-4fca-9d26-7297962c1541,2024-12-27T23:00:00Z
Combo,Artifacts,Andrin,1,5da578b8-19e6-4068-9336-e7cd33c585f1,2024-12-27T23:00:00Z
Combo,Artifacts,Andrin,1,5d10b752-d9cb-419d-a5c4-d4ee1acb655e,2024-12-27T23:00:00Z
Combo,Artifacts,Andrin,1,f83ed433-fae3-4fa5-acad-bb8a5b535ce3,2024-12-27T23:00:00Z
Combo,Artifacts,Andrin,1,33672990-4860-4aa6-ac1b-f9da66f5da59,2024-12-27T23:00:00Z
Combo,Artifacts,Andrin,1,ebc01ab4-d89a-4d25-bf54-6aed33772f4b,2024-12-27T23:00:00Z
Combo,Artifacts,Andrin,1,9814d8e8-c462-41ca-9909-1c659f488543,2024-12-27T23:00:00Z
Combo,Artifacts,Andrin,1,3b214b6f-4734-4200-8467-92d7e3469b5d,2024-12-27T23:00:00Z
Combo,Artifacts,Andrin,1,af7091c9-5f98-4078-a42b-c9e057346d9b,2024-12-27T23:00:00Z
Combo,Artifacts,Andrin,1,febaaeae-5c0d-45fa-8169-b27b4996f18e,2024-12-27T23:00:00Z
Combo,Artifacts,Andrin,1,f823be95-bef4-4e86-a924-239be62394bf,2024-12-27T23:00:00Z
Combo,Artifacts,Andrin,1,924a24e7-91b8-4ceb-a136-7a765d98c994,2024-12-27T23:00:00Z
Combo,Artifacts,Andrin,1,39b41cb3-ca3d-4389-8f66-e1f77f5fb683,2024-12-27T23:00:00Z
Combo,Artifacts,Andrin,1,6a058e68-70af-4a64-859c-c881e5578368,2024-12-27T23:00:00Z
Combo,Artifacts,Andrin,1,aac0c8df-f01d-4178-8d66-ee603f814d24,2024-12-27T23:00:00Z
Combo,Artifacts,Andrin,1,9a9a1df5-a4e8-49a4-aebe-ca93894ccfcf,2024-12-27T23:00:00Z
Combo,Artifacts,Andrin,1,3ca1e1de-b916-445f-b3b2-0f4d0cc7ceeb,2024-12-27T23:00:00Z
Combo,Artifacts,Andrin,1,98fb1eaa-2871-491a-a4f5-3e358778ba40,2024-12-27T23:00:00Z
Combo,Artifacts,Andrin,1,ab9f6a1b-8467-4584-affd-8c71d3e34d2f,2024-12-27T23:00:00Z
Combo,Artifacts,Andrin,1,0c3bc412-689f-4385-807b-ed60d6276d76,2024-12-27T23:00:00Z
Combo,Artifacts,Andrin,1,fd99bce1-ce39-464b-8e61-2631eb3ed6f6,2024-12-27T23:00:00Z
Combo,Artifacts,Andrin,1,d2e27911-87cb-49a0-a34f-6afe4bddd592,2024-12-27T23:00:00Z
Combo,Artifacts,Andrin,1,bf4b9a8a-b42a-46fb-b0d0-9cf800f63c8a,2024-12-27T23:00:00Z
Combo-Control,Nadu Combo-Control,Tommy,1,c17816e8-28b1-4295-a637-efb0e5c18873,2024-12-27T23:00:00Z
Combo-Control,Nadu Combo-Control,Tommy,1,a249b1f4-2b22-4b67-a207-e0c4ae95d2e1,2024-12-27T23:00:00Z
Combo-Control,Nadu Combo-Control,Tommy,1,4f84b838-b8f1-4b9a-a19f-479594f9d427,2024-12-27T23:00:00Z
Combo-Control,Nadu Combo-Control,Tommy,1,3462a3d0-5552-49fa-9eb7-100960c55891,2024-12-27T23:00:00Z
Combo-Control,Nadu Combo-Control,Tommy,1,24a5cc2c-0fbf-4a5f-b175-6e0ffd0d0787,2024-12-27T23:00:00Z
Combo-Control,Nadu Combo-Control,Tommy,1,71384418-173a-4f77-adab-56e52fa23692,2024-12-27T23:00:00Z
Combo-Control,Nadu Combo-Control,Tommy,1,fadb218d-29e2-42d1-a7a1-1066741d63ad,2024-12-27T23:00:00Z
Combo-Control,Nadu Combo-Control,Tommy,1,2b9b0195-beda-403e-bc27-7ae3be9f318c,2024-12-27T23:00:00Z
Combo-Control,Nadu Combo-Control,Tommy,1,3c3ac3dd-35db-447f-8674-37b4680a1ef7,2024-12-27T23:00:00Z
Combo-Control,Nadu Combo-Control,Tommy,1,4e4fb50c-a81f-44d3-93c5-fa9a0b37f617,2024-12-27T23:00:00Z
Combo-Control,Nadu Combo-Control,Tommy,1,61a28870-cf78-4323-9d82-cee764067764,2024-12-27T23:00:00Z
Combo-Control,Nadu Combo-Control,Tommy,1,94b67489-5eb0-4406-9bf3-27e50dc632eb,2024-12-27T23:00:00Z
Combo-Control,Nadu Combo-Control,Tommy,1,1c7d50d6-b63a-4d8c-88fa-1d78ae693a45,2024-12-27T23:00:00Z
Combo-Control,Nadu Combo-Control,Tommy,1,d6ec3293-b09e-4931-ac4e-dc5eac0ca004,2024-12-27T23:00:00Z
Combo-Control,Nadu Combo-Control,Tommy,1,45026d57-0324-4312-8b86-2e7d4f581ee9,2024-12-27T23:00:00Z
Combo-Control,Nadu Combo-Control,Tommy,1,1e3e8085-cfcd-4e88-b441-4d1f8ac63904,2024-12-27T23:00:00Z
Combo-Control,Nadu Combo-Control,Tommy,1,b689a206-aec3-4a31-95cf-3d4b840db04c,2024-12-27T23:00:00Z
Combo-Control,Nadu Combo-Control,Tommy,1,75fdce80-e338-4a50-bdc6-786511feaeef,2024-12-27T23:00:00Z
Combo-Control,Nadu Combo-Control,Tommy,1,1a55c370-d396-4c73-8ee2-83dc4c124005,2024-12-27T23:00:00Z
Combo-Control,Nadu Combo-Control,Tommy,1,327cf118-cc92-4073-85d0-94d2a0a6989a,2024-12-27T23:00:00Z
Combo-Control,Nadu Combo-Control,Tommy,1,0eee981e-5d26-4810-90e1-432f3c3107f2,2024-12-27T23:00:00Z
Combo-Control,Nadu Combo-Control,Tommy,1,bd3d4b4b-cf31-4f89-8140-9650edb03c7b,2024-12-27T23:00:00Z
Combo-Control,Nadu Combo-Control,Tommy,1,b83cfbaa-7890-4f6f-878b-4edb45677371,2024-12-27T23:00:00Z
Combo-Control,Nadu Combo-Control,Tommy,1,4720b4f2-e6af-4223-9250-a0ed21ed5693,2024-12-27T23:00:00Z
Combo-Control,Nadu Combo-Control,Tommy,1,3003d481-1b52-4aa9-bbdc-e948fbc8d49d,2024-12-27T23:00:00Z
Combo-Control,Nadu Combo-Control,Tommy,1,2605df98-0b02-4aab-bc36-01e93c693743,2024-12-27T23:00:00Z
Combo-Control,Nadu Combo-Control,Tommy,1,52eef0d6-24b7-40b7-8403-e8e863d0cd55,2024-12-27T23:00:00Z
Combo-Control,Nadu Combo-Control,Tommy,1,400382a4-aea2-4827-b06a-1b0b3745908b,2024-12-27T23:00:00Z
Combo-Control,Nadu Combo-Control,Tommy,1,2b74bb81-fb9a-40e5-a941-e517430b52f5,2024-12-27T23:00:00Z
Combo-Control,Nadu Combo-Control,Tommy,1,eeeffc0b-dc92-458e-ad58-86ff6077a508,2024-12-27T23:00:00Z
Combo-Control,Nadu Combo-Control,Tommy,1,69af2825-18c2-4463-b6ba-42eaa070ccc1,2024-12-27T23:00:00Z
Combo-Control,Nadu Combo-Control,Tommy,1,25b0b816-0583-44aa-9dc5-f3ff48993a51,2024-12-27T23:00:00Z
Combo-Control,Nadu Combo-Control,Tommy,1,b768efa2-e56b-4a7e-ace8-d673f10e0714,2024-12-27T23:00:00Z
Aggro,Gruul Aggro,Noe T.,1,6989018c-37b1-4282-a4af-9cc97f160b4d,2024-12-27T23:00:00Z
Aggro,Gruul Aggro,Noe T.,1,fa7a55aa-ae61-4933-b7a4-dcc55dac6fcd,2024-12-27T23:00:00Z
Aggro,Gruul Aggro,Noe T.,1,2b20d3e1-62ef-44db-8109-a33d4fa3e7f1,2024-12-27T23:00:00Z
Aggro,Gruul Aggro,Noe T.,1,1f9fb33a-3b39-4aff-93b8-aedafe0ea694,2024-12-27T23:00:00Z
Aggro,Gruul Aggro,Noe T.,1,89f5cc05-5d9d-4709-b3c5-a6249c294acc,2024-12-27T23:00:00Z
Aggro,Gruul Aggro,Noe T.,1,3277ad99-5682-4baa-b106-de15721876a6,2024-12-27T23:00:00Z
Aggro,Gruul Aggro,Noe T.,1,24c0d87b-0049-4beb-b9cb-6f813b7aa7dc,2024-12-27T23:00:00Z
Aggro,Gruul Aggro,Noe T.,1,1066a94a-8e4f-4d77-820b-7a77a18116f0,2024-12-27T23:00:00Z
Aggro,Gruul Aggro,Noe T.,1,fa87bf1e-2062-4983-b1c4-98bffea69a4c,2024-12-27T23:00:00Z
Aggro,Gruul Aggro,Noe T.,1,41e108a5-4e2f-42cf-9ea1-87bf3c0a2b7f,2024-12-27T23:00:00Z
Aggro,Gruul Aggro,Noe T.,1,1af92296-455a-425e-9397-a96d09937767,2024-12-27T23:00:00Z
Aggro,Gruul Aggro,Noe T.,1,aced2c55-7543-4076-bcdd-36c4d649b8ae,2024-12-27T23:00:00Z
Aggro,Gruul Aggro,Noe T.,1,fd97b3cf-924e-4f77-bb82-0bf19592389f,2024-12-27T23:00:00Z
Aggro,Gruul Aggro,Noe T.,1,819a513c-3be6-4bdc-8ba6-1f7326a8f3ea,2024-12-27T23:00:00Z
Aggro,Gruul Aggro,Noe T.,1,6cc73d16-5ed7-4104-91f6-0997a2080e2e,2024-12-27T23:00:00Z
Aggro,Gruul Aggro,Noe T.,1,3bd1ec98-8188-4649-899e-b0972509fc7e,2024-12-27T23:00:00Z
Aggro,Gruul Aggro,Noe T.,1,7054012b-4f9d-44a0-aaf9-7fd3bddc7b2d,2024-12-27T23:00:00Z
Aggro,Gruul Aggro,Noe T.,1,d7a8cc1d-aabb-4eb6-b0f1-6c93ec246f61,2024-12-27T23:00:00Z
Aggro,Gruul Aggro,Noe T.,1,89af0f45-c11c-4f13-9950-b1489440ee5b,2024-12-27T23:00:00Z
Aggro,Gruul Aggro,Noe T.,1,a9738cda-adb1-47fb-9f4c-ecd930228c4d,2024-12-27T23:00:00Z
Aggro,Gruul Aggro,Noe T.,1,4acf970d-d2d7-413d-aba7-587ee53d8d5c,2024-12-27T23:00:00Z
Aggro,Gruul Aggro,Noe T.,1,1f2f7d4b-aa65-42ed-a441-8e35be96743c,2024-12-27T23:00:00Z
Aggro,Gruul Aggro,Noe T.,1,e41cf82d-3213-47ce-a015-6e51a8b07e4f,2024-12-27T23:00:00Z
Aggro,Gruul Aggro,Noe T.,1,32aa6e33-221f-414c-9b51-850d97a7e051,2024-12-27T23:00:00Z
Combo,Combo Lands,Manuel,1,224d904a-5972-4152-878a-9a922e7a55b6,2024-12-27T23:00:00Z
Combo,Combo Lands,Manuel,1,7eb39e97-53c2-4df0-9fb3-a3d6a24ec41f,2024-12-27T23:00:00Z
Combo,Combo Lands,Manuel,1,3a9d1082-a862-45d4-9e5e-392e879fead6,2024-12-27T23:00:00Z
Combo,Combo Lands,Manuel,1,60d0e6a6-629a-45a7-bfcb-25ba7156788b,2024-12-27T23:00:00Z
Combo,Combo Lands,Manuel,1,9417f14c-a853-42c6-a992-29139484260a,2024-12-27T23:00:00Z
Combo,Combo Lands,Manuel,1,23b95b26-0bbf-4fa1-80c1-f621f1a1b947,2024-12-27T23:00:00Z
Combo,Combo Lands,Manuel,1,de0e01e4-e143-47fd-8565-7b48219bb546,2024-12-27T23:00:00Z
Combo,Combo Lands,Manuel,1,28667c8b-d02c-4e57-a050-1549207b65d1,2024-12-27T23:00:00Z
Combo,Combo Lands,Manuel,1,551c0a45-9515-4e51-84e5-79703832a661,2024-12-27T23:00:00Z
Combo,Combo Lands,Manuel,1,00cb17a0-5a13-4d02-b7fb-f99531bc8ca5,2024-12-27T23:00:00Z
Combo,Combo Lands,Manuel,1,6151b583-3aa7-4be8-9d05-d5e53f19c6c9,2024-12-27T23:00:00Z
Combo,Combo Lands,Manuel,1,01794178-cf41-454c-ac37-1d8b18e42db2,2024-12-27T23:00:00Z
Combo,Combo Lands,Manuel,1,7c024bae-5631-4e20-ac69-df392ac9e109,2024-12-27T23:00:00Z
Combo,Combo Lands,Manuel,1,8870ef0b-cb1f-463b-8509-fece4743d3d4,2024-12-27T23:00:00Z
Combo,Combo Lands,Manuel,1,5ab21006-7f61-49e0-8b6a-0397c5d4c3bd,2024-12-27T23:00:00Z
Combo,Combo Lands,Manuel,1,0adcd4e5-d542-4293-8774-ace2305ef820,2024-12-27T23:00:00Z
Combo,Combo Lands,Manuel,1,2b5315a4-6a78-456f-8d5a-fea9d62f3f0e,2024-12-27T23:00:00Z
Combo,Combo Lands,Manuel,1,1fa48620-4c3d-4f75-be1f-c12c4aa59f51,2024-12-27T23:00:00Z
Combo,Combo Lands,Manuel,1,54a3ea87-005e-4985-b2a5-21711d0b71c0,2024-12-27T23:00:00Z
Combo,Combo Lands,Manuel,1,fd6ddbca-b943-49d6-b341-509bb72dd5a6,2024-12-27T23:00:00Z
Combo,Combo Lands,Manuel,1,17db2b6a-eaa8-4a08-9e86-370bbd058574,2024-12-27T23:00:00Z
Combo,Combo Lands,Manuel,1,4a706ecf-3277-40e3-871c-4ba4ead16e20,2024-12-27T23:00:00Z
Combo,Combo Lands,Manuel,1,1132218d-56cd-441e-9006-df3c50344491,2024-12-27T23:00:00Z
Combo,Combo Lands,Manuel,1,0cb33b46-4d1b-4f97-bfdc-d815aee111da,2024-12-27T23:00:00Z
Combo,Combo Lands,Manuel,1,107492bd-b32f-4692-917c-7771986b5bf7,2024-12-27T23:00:00Z
Combo,Combo Lands,Manuel,1,8683a978-1bef-4b01-9361-56b1fc157d26,2024-12-27T23:00:00Z
Combo,Combo Lands,Manuel,1,5ad67b3c-cd5a-497b-8639-9b844e8d517a,2024-12-27T23:00:00Z
Combo,Combo Lands,Manuel,1,01e7b0bc-1c6c-48f4-8b72-1a809f536c6c,2024-12-27T23:00:00Z
Aggro,White Aggro,Dimlas,1,6bcafc2e-cef6-412d-8c5d-1658c3337292,2024-12-27T23:00:00Z
Aggro,White Aggro,Dimlas,1,0ad38866-fc5f-4f62-89c1-afc0f50765aa,2024-12-27T23:00:00Z
Aggro,White Aggro,Dimlas,1,14065271-d942-42a8-aa38-d8a622c0375d,2024-12-27T23:00:00Z
Aggro,White Aggro,Dimlas,1,17f28b16-da65-41a8-ba4f-f1c5e104aad6,2024-12-27T23:00:00Z
Aggro,White Aggro,Dimlas,1,55707746-da6e-46e5-a5ca-7ac843fdc38e,2024-12-27T23:00:00Z
Aggro,White Aggro,Dimlas,1,0f7585c8-9e21-4eef-afc1-2852de23db2f,2024-12-27T23:00:00Z
Aggro,White Aggro,Dimlas,1,2616aa0e-8413-4e63-877c-bffd5263f552,2024-12-27T23:00:00Z
Aggro,White Aggro,Dimlas,1,59faa45d-868b-4bc7-934c-0e077642e129,2024-12-27T23:00:00Z
Aggro,White Aggro,Dimlas,1,ed0216a0-c5c9-4a99-b869-53e4d0256326,2024-12-27T23:00:00Z
Aggro,White Aggro,Dimlas,1,2be39749-ad6f-4160-99eb-c677eee7f1b2,2024-12-27T23:00:00Z
Aggro,White Aggro,Dimlas,1,99ff731b-8399-40c8-b539-ba6ba5783771,2024-12-27T23:00:00Z
Aggro,White Aggro,Dimlas,1,6982a82c-dd32-40d2-8dd2-ec92d0fc6c2d,2024-12-27T23:00:00Z
Aggro,White Aggro,Dimlas,1,9d3a7998-ccac-45ad-a4e9-3a2cb057f63b,2024-12-27T23:00:00Z
Aggro,White Aggro,Dimlas,1,d2507bc2-da17-4e46-b4c5-ba0080ce2c6f,2024-12-27T23:00:00Z
Aggro,White Aggro,Dimlas,1,522aa72b-2b8c-484c-872b-f082101cee35,2024-12-27T23:00:00Z
Aggro,White Aggro,Dimlas,1,ea7e7daf-7c06-4c74-8bcf-e42c1f611861,2024-12-27T23:00:00Z
Aggro,White Aggro,Dimlas,1,2c695df6-6bf2-4e6b-8500-e3116137ca27,2024-12-27T23:00:00Z
Aggro,White Aggro,Dimlas,1,bb9ad57f-cca2-4717-a951-cbe3c7782efe,2024-12-27T23:00:00Z
Aggro,White Aggro,Dimlas,1,70e33f45-7d47-423b-a123-8541f1d1afb4,2024-12-27T23:00:00Z
Aggro,White Aggro,Dimlas,1,a24e8dba-5c86-4e32-8a52-61402f7fe9f0,2024-12-27T23:00:00Z
Aggro,White Aggro,Dimlas,1,fe964e7e-e2c5-4263-889d-0a531eb51442,2024-12-27T23:00:00Z
Aggro,White Aggro,Dimlas,1,8e42df9e-95f2-4c79-9274-2d16e3cd91f1,2024-12-27T23:00:00Z
Aggro,White Aggro,Dimlas,1,064dfdeb-485f-473e-9fa0-8fdb7638cdc6,2024-12-27T23:00:00Z
Aggro,White Aggro,Dimlas,1,fe30c0ff-f74b-456a-a61e-3720d84d713f,2024-12-27T23:00:00Z
Aggro,White Aggro,Dimlas,1,e58e681e-a069-4414-aafe-634c7987fd0d,2024-12-27T23:00:00Z
Aggro,White Aggro,Dimlas,1,69c1b656-1d67-499c-bf0f-417682a86c7d,2024-12-27T23:00:00Z
Aggro,White Aggro,Dimlas,1,2424f2c4-366b-42cf-bf4b-a8a5bfdd2c4b,2024-12-27T23:00:00Z
Aggro,White Aggro,Dimlas,1,9a71531f-d4b6-4cc7-8193-b2f5bce33b21,2024-12-27T23:00:00Z
Aggro,White Aggro,Dimlas,1,93f99e67-901f-4c8d-8a09-e443b7eb928f,2024-12-27T23:00:00Z
Combo-Control,Lurrus Combo-Control,Ivo,1,09521f23-52d6-482d-9f3b-c4d12fcc08cc,2024-12-27T23:00:00Z
Combo-Control,Lurrus Combo-Control,Ivo,1,1716b4dd-9045-462b-b053-72de450a8cde,2024-12-27T23:00:00Z
Combo-Control,Lurrus Combo-Control,Ivo,1,0d16e8e0-31b2-4389-afd6-783c501f6fa0,2024-12-27T23:00:00Z
Combo-Control,Lurrus Combo-Control,Ivo,1,3a2d7cf9-dddb-4de3-b4f2-c52e3ec8fb4b,2024-12-27T23:00:00Z
Combo-Control,Lurrus Combo-Control,Ivo,1,e4e6794a-feeb-4fc8-a2ee-38c75c18aaae,2024-12-27T23:00:00Z
Combo-Control,Lurrus Combo-Control,Ivo,1,504a69eb-3c2d-4bb1-b117-252b15acf0c2,2024-12-27T23:00:00Z
Combo-Control,Lurrus Combo-Control,Ivo,1,bb41ff5c-9617-4033-a4fa-99323640b9c3,2024-12-27T23:00:00Z
Combo-Control,Lurrus Combo-Control,Ivo,1,cb94a02f-4660-45b6-8a39-941b710cf8f3,2024-12-27T23:00:00Z
Combo-Control,Lurrus Combo-Control,Ivo,1,605c2218-9d12-4ac3-a721-fca590b89847,2024-12-27T23:00:00Z
Combo-Control,Lurrus Combo-Control,Ivo,1,c86b8a75-9e31-4a44-95b8-c83b9a49646f,2024-12-27T23:00:00Z
Combo-Control,Lurrus Combo-Control,Ivo,1,4e117771-5a8b-4812-b487-32ba34b7f724,2024-12-27T23:00:00Z
Combo-Control,Lurrus Combo-Control,Ivo,1,1785cb18-c291-4fd5-b8c7-ace893c32e49,2024-12-27T23:00:00Z
Combo-Control,Lurrus Combo-Control,Ivo,1,56995b84-2307-4955-9c7c-dc4f04acdc07,2024-12-27T23:00:00Z
Combo-Control,Lurrus Combo-Control,Ivo,1,7d48d622-f397-4f31-b1a5-0c23f60aa71c,2024-12-27T23:00:00Z
Combo-Control,Lurrus Combo-Control,Ivo,1,24e58478-c6a8-4f86-854a-a489c99bd777,2024-12-27T23:00:00Z
Combo-Control,Lurrus Combo-Control,Ivo,1,72c6d541-e2cb-4d6e-acac-90a8f53b7006,2024-12-27T23:00:00Z
Combo-Control,Lurrus Combo-Control,Ivo,1,0d08f5e4-d2d3-4659-86d4-a983d80e3b2c,2024-12-27T23:00:00Z
Combo-Control,Lurrus Combo-Control,Ivo,1,21c950d7-b4f6-4902-8c9a-98f2933f9fa5,2024-12-27T23:00:00Z
Combo-Control,Lurrus Combo-Control,Ivo,1,6fd672bb-18cf-44e3-8dda-5310b1e0fffe,2024-12-27T23:00:00Z
Combo-Control,Lurrus Combo-Control,Ivo,1,05cf51d8-9f91-42ff-99e9-4397f2251c20,2024-12-27T23:00:00Z
Combo-Control,Lurrus Combo-Control,Ivo,1,005dae9a-dddc-4a11-95bb-cce319edcce4,2024-12-27T23:00:00Z
Combo-Control,Lurrus Combo-Control,Ivo,1,5f6927e1-c580-483a-8e2a-6e2deb74800e,2024-12-27T23:00:00Z
Combo-Control,Lurrus Combo-Control,Ivo,1,06c0c35d-a26e-473a-9206-8fbda7191700,2024-12-27T23:00:00Z
Combo-Control,Lurrus Combo-Control,Ivo,1,07313dd3-d0dc-40ca-98a3-fa4d39e5bcae,2024-12-27T23:00:00Z
Combo-Control,Lurrus Combo-Control,Ivo,1,0e51d796-7279-4c06-87f0-37adbdaa41df,2024-12-27T23:00:00Z
Combo-Control,Lurrus Combo-Control,Ivo,1,df9d9075-2d1e-4848-b661-816d539e05eb,2024-12-27T23:00:00Z
Combo-Control,Lurrus Combo-Control,Ivo,1,758f95f8-bcb0-43ae-b474-56ebd855951e,2024-12-27T23:00:00Z
Combo-Control,Lurrus Combo-Control,Ivo,1,f3537373-ef54-4578-9d05-6216420ee349,2024-12-27T23:00:00Z
Combo-Control,Lurrus Combo-Control,Ivo,1,5427d8a6-ac9e-4e50-bd39-81713b2ade25,2024-12-27T23:00:00Z
Combo-Control,Lurrus Combo-Control,Ivo,1,26d40e03-6de4-4373-9fbf-04c1dd79e995,2024-12-27T23:00:00Z
Combo-Control,Lurrus Combo-Control,Ivo,1,5ad36fb2-c44e-4085-ba0d-54277841ad3a,2024-12-27T23:00:00Z
Combo-Control,Lurrus Combo-Control,Ivo,1,7832abb5-5107-4603-904e-491b221bd3e3,2024-12-27T23:00:00Z
Combo-Control,Lurrus Combo-Control,Ivo,1,1ee98955-4c47-4d45-9377-608dfa755337,2024-12-27T23:00:00Z
Aggro,Boros Aggro,Tobi,1,b256ddc8-8b12-434c-a610-1a872e948f2f,2024-12-27T23:00:00Z
Aggro,Boros Aggro,Tobi,1,80c72839-0fa6-4b5f-83b7-6553ebf09bef,2024-12-27T23:00:00Z
Aggro,Boros Aggro,Tobi,1,55d35442-5ca0-4fd7-8ff1-b7347b3e6690,2024-12-27T23:00:00Z
Aggro,Boros Aggro,Tobi,1,079e6263-e54c-4899-a336-5315909b9322,2024-12-27T23:00:00Z
Aggro,Boros Aggro,Tobi,1,3d8ca18d-9099-4f1e-95c1-f04da58a26bd,2024-12-27T23:00:00Z
Aggro,Boros Aggro,Tobi,1,0a26d900-c652-4f9c-8681-a35c5f8b1937,2024-12-27T23:00:00Z
Aggro,Boros Aggro,Tobi,1,d58d3545-043a-457a-8324-facc3c2363ec,2024-12-27T23:00:00Z
Aggro,Boros Aggro,Tobi,1,a3bb2881-e8fb-4fba-a9f9-d93e6ca24378,2024-12-27T23:00:00Z
Aggro,Boros Aggro,Tobi,1,a8069994-b103-40dc-9e14-062004914ec8,2024-12-27T23:00:00Z
Aggro,Boros Aggro,Tobi,1,86ecaedc-08f1-4de7-aae8-056df57940e0,2024-12-27T23:00:00Z
Aggro,Boros Aggro,Tobi,1,ab1d1461-1625-4163-aacd-a939f4871fad,2024-12-27T23:00:00Z
Aggro,Boros Aggro,Tobi,1,187e887c-c39d-4d25-a506-cdc95fc70316,2024-12-27T23:00:00Z
Aggro,Boros Aggro,Tobi,1,70719e7b-6f02-4c1a-9f11-79b2b0d9846a,2024-12-27T23:00:00Z
Aggro,Boros Aggro,Tobi,1,be77b98a-dd79-477c-8ab2-7ebf5637a89e,2024-12-27T23:00:00Z
Aggro,Boros Aggro,Tobi,1,aaae15dd-11b6-4421-99e9-365c7fe4a5d6,2024-12-27T23:00:00Z
Aggro,Boros Aggro,Tobi,1,f231caf8-56c0-4719-a90d-5e5efbee3148,2024-12-27T23:00:00Z
Aggro,Boros Aggro,Tobi,1,3b6e5956-f795-451b-bb24-56462d1ced27,2024-12-27T23:00:00Z
Aggro,Boros Aggro,Tobi,1,df3784d4-80cd-4f78-afb3-d61f3bab5b2c,2024-12-27T23:00:00Z
Aggro,Boros Aggro,Tobi,1,09fd2d9c-1793-4beb-a3fb-7a869f660cd4,2024-12-27T23:00:00Z
Aggro,Boros Aggro,Tobi,1,e419cd0b-2449-4cc5-9ead-b9e45e271700,2024-12-27T23:00:00Z
Aggro,Boros Aggro,Tobi,1,4c6cf93a-d073-48ac-88db-c46bf3e10beb,2024-12-27T23:00:00Z
Aggro,Boros Aggro,Tobi,1,0da69523-cece-425a-b08a-fb27fac29374,2024-12-27T23:00:00Z
Aggro,Boros Aggro,Tobi,1,c8090bcf-e17a-4110-a518-77ccd045b18f,2024-12-27T23:00:00Z
Control,Azorius Control,Sili,1,345a4aee-5846-4ae9-9af1-4c8fe8d692ec,2024-12-27T23:00:00Z
Control,Azorius Control,Sili,1,247939d9-87e9-4f01-b223-fb4cfa7dbbe1,2024-12-27T23:00:00Z
Control,Azorius Control,Sili,1,106f9629-b3aa-4703-82fb-c1e771bbce72,2024-12-27T23:00:00Z
Control,Azorius Control,Sili,1,ff84ea71-e477-44f7-a3f8-77fef708efeb,2024-12-27T23:00:00Z
Control,Azorius Control,Sili,1,2d9b12cc-f616-4b52-91eb-a430e70f9251,2024-12-27T23:00:00Z
Control,Azorius Control,Sili,1,7b54447f-1daf-4352-b5c3-3c0ec8b8f4d0,2024-12-27T23:00:00Z
Control,Azorius Control,Sili,1,80fca8c0-ae3e-439e-b202-228b9f360e9a,2024-12-27T23:00:00Z
Control,Azorius Control,Sili,1,e5145f31-a4ac-44ef-8f85-e4d95f2c9ff5,2024-12-27T23:00:00Z
Control,Azorius Control,Sili,1,652236c2-84ef-45e4-b5fc-ed6170bc3d6c,2024-12-27T23:00:00Z
Control,Azorius Control,Sili,1,b7f16fdf-a3f5-462d-a64a-789d893b6ef5,2024-12-27T23:00:00Z
Control,Azorius Control,Sili,1,ea1feac0-d3a7-45eb-9719-1cdaf51ea0b6,2024-12-27T23:00:00Z
Control,Azorius Control,Sili,1,0c3d7e2c-a104-4757-9984-fb31088f92c4,2024-12-27T23:00:00Z
Control,Azorius Control,Sili,1,19557351-b65f-4b04-b971-66abdc07000a,2024-12-27T23:00:00Z
Control,Azorius Control,Sili,1,641b21e1-9188-4bc3-96e8-cda2acbc5ed5,2024-12-27T23:00:00Z
Control,Azorius Control,Sili,1,8c39f9b4-02b9-4d44-b8d6-4fd02ebbb0c5,2024-12-27T23:00:00Z
Control,Azorius Control,Sili,1,416d2d51-8f29-4e95-b037-e8c32b081e6c,2024-12-27T23:00:00Z
Control,Azorius Control,Sili,1,3b5233ff-03bc-4053-9b49-c4185c2de38d,2024-12-27T23:00:00Z
Control,Azorius Control,Sili,1,02138fbb-3962-4348-8d31-faaefba0b8b2,2024-12-27T23:00:00Z
Control,Azorius Control,Sili,1,e7b3ddca-69ef-4743-897b-57c58077db24,2024-12-27T23:00:00Z
Control,Azorius Control,Sili,1,78cef262-c753-4658-b3ec-fec8db47f944,2024-12-27T23:00:00Z
Control,Azorius Control,Sili,1,825969b9-3c70-4fca-8cab-696e9ca7cdb2,2024-12-27T23:00:00Z
Control,Azorius Control,Sili,1,1bd3fa8a-6c50-4f7f-9ae3-0810eec5e3db,2024-12-27T23:00:00Z
Control,Azorius Control,Sili,1,01978fe5-00a9-4add-ae2a-b4c2572ffb9a,2024-12-27T23:00:00Z
Control,Azorius Control,Sili,1,8c2996d9-3287-4480-8c04-7a378e37e3cf,2024-12-27T23:00:00Z
Control,Azorius Control,Sili,1,4df8aabc-7fcb-4b7b-980b-18f499e6c170,2024-12-27T23:00:00Z
Control,Azorius Control,Sili,1,1b6ef5f5-4058-4f89-a573-9e2da87a9f2e,2024-12-27T23:00:00Z
Control,Azorius Control,Sili,1,87cc2855-6b14-44dd-a398-7dc2bbae081f,2024-12-27T23:00:00Z
Aggro,Gruul Aggro,Myri,1,43aa7e35-55ee-4e02-a8aa-ea2b267055d1,2024-12-27T23:00:00Z
Aggro,Gruul Aggro,Myri,1,05bd329b-5707-42fc-af1c-084cc604e805,2024-12-27T23:00:00Z
Aggro,Gruul Aggro,Myri,1,8ca3c48b-f104-4292-9a4e-2ce87a65893c,2024-12-27T23:00:00Z
Aggro,Gruul Aggro,Myri,1,16c8d2fa-54a7-46e8-980c-905258497c90,2024-12-27T23:00:00Z
Aggro,Gruul Aggro,Myri,1,01006833-6007-4c16-9ebb-20d31c60a57a,2024-12-27T23:00:00Z
Aggro,Gruul Aggro,Myri,1,30377bf0-d9b1-4c14-8dde-f74b1e02d604,2024-12-27T23:00:00Z
Aggro,Gruul Aggro,Myri,1,19adde22-e5eb-4815-beb6-c520b3274cc9,2024-12-27T23:00:00Z
Aggro,Gruul Aggro,Myri,1,0020c31b-002a-4121-bc61-2c2c16e9afc8,2024-12-27T23:00:00Z
Aggro,Gruul Aggro,Myri,1,d51269cf-a333-4a64-94cd-245798d840d2,2024-12-27T23:00:00Z
Aggro,Gruul Aggro,Myri,1,74d29b3d-f588-431d-bf4e-f7215683ab39,2024-12-27T23:00:00Z
Aggro,Gruul Aggro,Myri,1,01c6f877-6b00-4d57-8a88-36cd3b16edbc,2024-12-27T23:00:00Z
Aggro,Gruul Aggro,Myri,1,ee8e9928-d9b2-4570-adb8-44b34115decd,2024-12-27T23:00:00Z
Aggro,Gruul Aggro,Myri,1,0055ea30-20fb-4324-a632-8fed87628f05,2024-12-27T23:00:00Z
Aggro,Gruul Aggro,Myri,1,bd8fa327-dd41-4737-8f19-2cf5eb1f7cdd,2024-12-27T23:00:00Z
Aggro,Gruul Aggro,Myri,1,6f11029a-b24d-4248-834f-b852b56857f6,2024-12-27T23:00:00Z
Aggro,Gruul Aggro,Myri,1,bf220c06-3cce-4bdd-aa58-83940c223e9c,2024-12-27T23:00:00Z
Aggro,Gruul Aggro,Myri,1,32a180dd-9641-4546-8940-9b21084f0c71,2024-12-27T23:00:00Z
Aggro,Gruul Aggro,Myri,1,45fd6e91-df76-497f-b642-33dc3d5f6a5a,2024-12-27T23:00:00Z
Aggro,Gruul Aggro,Myri,1,0aa3a844-97e6-4f5d-a36f-56fea4e06932,2024-12-27T23:00:00Z
Aggro,Gruul Aggro,Myri,1,96c5607b-55fe-43c2-93fe-0084d84499d9,2024-12-27T23:00:00Z
Aggro,Gruul Aggro,Myri,1,928036c9-11b8-493e-b9f2-8fbd3487cd19,2024-12-27T23:00:00Z
Aggro,Gruul Aggro,Myri,1,006d2bf1-20f7-4b09-8d98-8233d91682bd,2024-12-27T23:00:00Z
Aggro,Gruul Aggro,Myri,1,c7bbb911-9de2-455d-9677-e1004db65dbd,2024-12-27T23:00:00Z
Aggro,Gruul Aggro,Myri,1,0845f0b0-9413-4ddd-861d-9607636bebc6,2024-12-27T23:00:00Z
Aggro,Gruul Aggro,Myri,1,24da9431-7e52-44f5-bc18-2f2d8a4ca81e,2024-12-27T23:00:00Z
Aggro,Gruul Aggro,Myri,1,1fc6d14a-1328-4032-ad9e-cd85cd365bd3,2024-12-27T23:00:00Z
Aggro,Gruul Aggro,Myri,1,d40b65c1-b24d-492d-81b9-d8474ebdc08c,2024-12-27T23:00:00Z
Aggro,Gruul Aggro,Myri,1,4ced112a-e775-4f97-97b3-74877e9dce12,2024-12-27T23:00:00Z
Aggro,Gruul Aggro,Myri,1,2ef878cb-27b6-47d8-ad11-bd20529b0e7e,2024-12-27T23:00:00Z
Aggro,Gruul Aggro,Myri,1,b5aaaee0-9a61-45df-821e-cce516f8de6a,2024-12-27T23:00:00Z
