draws,player1,player1Wins,player2,player2Wins,round,tournamentDate
1,Tobi,1,Andrin,1,1,2024-12-27T23:00:00Z
0,Yannik,0,Lukas Stalder,2,1,2024-12-27T23:00:00Z
1,Sili,1,Tommy,1,1,2024-12-27T23:00:00Z
0,Noe T.,1,Joel K.,2,1,2024-12-27T23:00:00Z
0,Manuel,1,Ivo,2,1,2024-12-27T23:00:00Z
0,Dimlas,2,Myri,0,1,2024-12-27T23:00:00Z
0,Andrin,0,Tommy,2,2,2024-12-27T23:00:00Z
0,Tobi,2,Sili,0,2,2024-12-27T23:00:00Z
0,Manuel,0,Noe T.,2,2,2024-12-27T23:00:00Z
0,Yannik,0,Myri,2,2,2024-12-27T23:00:00Z
0,Dimlas,1,Ivo,2,2,2024-12-27T23:00:00Z
1,Lukas Stalder,1,Joel K.,1,2,2024-12-27T23:00:00Z
0,Yannik,1,Manuel,2,3,2024-12-27T23:00:00Z
0,Tobi,0,Ivo,2,3,2024-12-27T23:00:00Z
1,Myri,1,Joel K.,1,3,2024-12-27T23:00:00Z
0,Dimlas,1,Noe T.,2,3,2024-12-27T23:00:00Z
0,Andrin,0,Sili,2,3,2024-12-27T23:00:00Z
0,Lukas Stalder,0,Tommy,2,3,2024-12-27T23:00:00Z
0,Manuel,1,Andrin,2,4,2024-12-27T23:00:00Z
0,Ivo,2,Tommy,1,4,2024-12-27T23:00:00Z
0,Noe T.,2,Lukas Stalder,1,4,2024-12-27T23:00:00Z
0,Joel K.,0,Sili,2,4,2024-12-27T23:00:00Z
0,Tobi,0,Myri,2,4,2024-12-27T23:00:00Z
0,Dimlas,2,Yannik,0,4,2024-12-27T23:00:00Z
