archetype,decktype,player,quantity,scryfallId,tournament
Combo,Draw 7,Guy,1,641b21e1-9188-4bc3-96e8-cda2acbc5ed5,2024-10-19T22:00:00Z
Combo,Draw 7,Guy,1,6efb6a69-562c-4d95-858d-b067444cfd7e,2024-10-19T22:00:00Z
Combo,Draw 7,Guy,1,d6ec3293-b09e-4931-ac4e-dc5eac0ca004,2024-10-19T22:00:00Z
Combo,Draw 7,Guy,1,672b9b16-daef-44e6-9a3a-cfd9f3c78bc7,2024-10-19T22:00:00Z
Combo,Draw 7,Guy,1,068bb15a-fc2d-42a2-859b-837b946d23c0,2024-10-19T22:00:00Z
Combo,Draw 7,Guy,1,29632951-3c3d-478c-8c5a-9a34f30a5c28,2024-10-19T22:00:00Z
Combo,Draw 7,Guy,1,cb94a02f-4660-45b6-8a39-941b710cf8f3,2024-10-19T22:00:00Z
Combo,Draw 7,Guy,1,a249b1f4-2b22-4b67-a207-e0c4ae95d2e1,2024-10-19T22:00:00Z
Combo,Draw 7,Guy,1,1785cb18-c291-4fd5-b8c7-ace893c32e49,2024-10-19T22:00:00Z
Combo,Draw 7,Guy,1,4cbdacc1-7a1b-4633-85f5-eb50c2bf406d,2024-10-19T22:00:00Z
Combo,Draw 7,Guy,1,3f3c77ad-fce8-4506-90e1-7ef71552a71c,2024-10-19T22:00:00Z
Combo,Draw 7,Guy,1,064dfdeb-485f-473e-9fa0-8fdb7638cdc6,2024-10-19T22:00:00Z
Combo,Draw 7,Guy,1,45fd6e91-df76-497f-b642-33dc3d5f6a5a,2024-10-19T22:00:00Z
Combo,Draw 7,Guy,1,a1febcf1-afa4-4406-9ac1-5bf98b2765d2,2024-10-19T22:00:00Z
Combo,Draw 7,Guy,1,758f95f8-bcb0-43ae-b474-56ebd855951e,2024-10-19T22:00:00Z
Combo,Draw 7,Guy,1,7c024bae-5631-4e20-ac69-df392ac9e109,2024-10-19T22:00:00Z
Combo,Draw 7,Guy,1,0e606072-a3aa-4300-ba90-ec92a721fa76,2024-10-19T22:00:00Z
Combo,Draw 7,Guy,1,0359f212-9564-41a9-870b-d2c57455a695,2024-10-19T22:00:00Z
Combo,Draw 7,Guy,1,4216656e-90e8-45fc-a0f6-0d0d79d0a021,2024-10-19T22:00:00Z
Combo,Draw 7,Guy,1,35f1a6ba-e46f-44fb-93f4-fb883d677b36,2024-10-19T22:00:00Z
Combo,Draw 7,Guy,1,15faa763-b897-4e86-b094-73f3236291a9,2024-10-19T22:00:00Z
Combo,Draw 7,Guy,1,416d2d51-8f29-4e95-b037-e8c32b081e6c,2024-10-19T22:00:00Z
Combo,Draw 7,Guy,1,54f449ff-4025-465e-9ec5-a5cf42c4c9d3,2024-10-19T22:00:00Z
Combo,Draw 7,Guy,1,995486ce-58bb-4753-a812-0ca73ef1a235,2024-10-19T22:00:00Z
Combo,Draw 7,Guy,1,8c39f9b4-02b9-4d44-b8d6-4fd02ebbb0c5,2024-10-19T22:00:00Z
Combo,Draw 7,Guy,1,d67be074-cdd4-41d9-ac89-0a0456c4e4b2,2024-10-19T22:00:00Z
Combo,Draw 7,Guy,1,18bd50f2-c3ba-4217-a2d5-bb771e199706,2024-10-19T22:00:00Z
Combo,Draw 7,Guy,1,5427d8a6-ac9e-4e50-bd39-81713b2ade25,2024-10-19T22:00:00Z
Combo,Draw 7,Guy,1,94c6fdd8-21e7-48ae-aa05-a3666b928c1a,2024-10-19T22:00:00Z
Aggro,Gruul Aggro,Sili,1,4a706ecf-3277-40e3-871c-4ba4ead16e20,2024-10-19T22:00:00Z
Aggro,Gruul Aggro,Sili,1,bbec97ff-bb84-4496-9e09-d4fc1570c516,2024-10-19T22:00:00Z
Aggro,Gruul Aggro,Sili,1,24a5cc2c-0fbf-4a5f-b175-6e0ffd0d0787,2024-10-19T22:00:00Z
Aggro,Gruul Aggro,Sili,1,327cf118-cc92-4073-85d0-94d2a0a6989a,2024-10-19T22:00:00Z
Aggro,Gruul Aggro,Sili,1,52eef0d6-24b7-40b7-8403-e8e863d0cd55,2024-10-19T22:00:00Z
Aggro,Gruul Aggro,Sili,1,748e6a61-9c1f-4225-9f04-e54002f63ac3,2024-10-19T22:00:00Z
Aggro,Gruul Aggro,Sili,1,1af92296-455a-425e-9397-a96d09937767,2024-10-19T22:00:00Z
Aggro,Gruul Aggro,Sili,1,32a180dd-9641-4546-8940-9b21084f0c71,2024-10-19T22:00:00Z
Aggro,Gruul Aggro,Sili,1,01e7b0bc-1c6c-48f4-8b72-1a809f536c6c,2024-10-19T22:00:00Z
Aggro,Gruul Aggro,Sili,1,3a9d1082-a862-45d4-9e5e-392e879fead6,2024-10-19T22:00:00Z
Aggro,Gruul Aggro,Sili,1,fa7a55aa-ae61-4933-b7a4-dcc55dac6fcd,2024-10-19T22:00:00Z
Aggro,Gruul Aggro,Sili,1,006d2bf1-20f7-4b09-8d98-8233d91682bd,2024-10-19T22:00:00Z
Aggro,Gruul Aggro,Sili,1,224d904a-5972-4152-878a-9a922e7a55b6,2024-10-19T22:00:00Z
Aggro,Gruul Aggro,Sili,1,63c59228-c742-4abd-b4d7-9f7880190e95,2024-10-19T22:00:00Z
Aggro,Gruul Aggro,Sili,1,24c0d87b-0049-4beb-b9cb-6f813b7aa7dc,2024-10-19T22:00:00Z
Aggro,Gruul Aggro,Sili,1,1716b4dd-9045-462b-b053-72de450a8cde,2024-10-19T22:00:00Z
Aggro,Gruul Aggro,Sili,1,a9738cda-adb1-47fb-9f4c-ecd930228c4d,2024-10-19T22:00:00Z
Aggro,Gruul Aggro,Sili,1,4acf970d-d2d7-413d-aba7-587ee53d8d5c,2024-10-19T22:00:00Z
Aggro,Gruul Aggro,Sili,1,e41cf82d-3213-47ce-a015-6e51a8b07e4f,2024-10-19T22:00:00Z
Aggro,Gruul Aggro,Sili,1,0055ea30-20fb-4324-a632-8fed87628f05,2024-10-19T22:00:00Z
Aggro,Gruul Aggro,Sili,1,3d8ca18d-9099-4f1e-95c1-f04da58a26bd,2024-10-19T22:00:00Z
Aggro,Gruul Aggro,Sili,1,8870ef0b-cb1f-463b-8509-fece4743d3d4,2024-10-19T22:00:00Z
Aggro,Gruul Aggro,Sili,1,5de097e5-e960-4404-a370-defe93ce892f,2024-10-19T22:00:00Z
Aggro,Gruul Aggro,Sili,1,2bf2da97-3331-4614-b4ff-f03d061500a7,2024-10-19T22:00:00Z
Aggro,Gruul Aggro,Sili,1,19adde22-e5eb-4815-beb6-c520b3274cc9,2024-10-19T22:00:00Z
Aggro,Gruul Aggro,Sili,1,2605df98-0b02-4aab-bc36-01e93c693743,2024-10-19T22:00:00Z
Aggro,Gruul Aggro,Sili,1,60d0e6a6-629a-45a7-bfcb-25ba7156788b,2024-10-19T22:00:00Z
Aggro,Gruul Aggro,Sili,1,1163fe84-c5d5-42c8-b7cd-d206a9b0bd3f,2024-10-19T22:00:00Z
Aggro,Gruul Aggro,Sili,1,39c431d7-d94b-46c4-bb89-f3db56214ab4,2024-10-19T22:00:00Z
Aggro,Gruul Aggro,Sili,1,819a513c-3be6-4bdc-8ba6-1f7326a8f3ea,2024-10-19T22:00:00Z
Aggro-Control (Tempo),Azorius Tempo,Joel K.,1,e9be371c-c688-44ad-ab71-bd4c9f242d58,2024-10-19T22:00:00Z
Aggro-Control (Tempo),Azorius Tempo,Joel K.,1,febaaeae-5c0d-45fa-8169-b27b4996f18e,2024-10-19T22:00:00Z
Aggro-Control (Tempo),Azorius Tempo,Joel K.,1,5d10b752-d9cb-419d-a5c4-d4ee1acb655e,2024-10-19T22:00:00Z
Aggro-Control (Tempo),Azorius Tempo,Joel K.,1,32e29c7d-ed4b-4eff-b3c2-d99e5b63ef8d,2024-10-19T22:00:00Z
Aggro-Control (Tempo),Azorius Tempo,Joel K.,1,6bbf7394-9b17-45f8-a25b-d865e8452b2c,2024-10-19T22:00:00Z
Aggro-Control (Tempo),Azorius Tempo,Joel K.,1,e16ab44e-4257-4c0c-b705-8ac1e9c1d835,2024-10-19T22:00:00Z
Aggro-Control (Tempo),Azorius Tempo,Joel K.,1,c2089ec9-0665-448f-bfe9-d181de127814,2024-10-19T22:00:00Z
Aggro-Control (Tempo),Azorius Tempo,Joel K.,1,3b6e5956-f795-451b-bb24-56462d1ced27,2024-10-19T22:00:00Z
Aggro-Control (Tempo),Azorius Tempo,Joel K.,1,ff84ea71-e477-44f7-a3f8-77fef708efeb,2024-10-19T22:00:00Z
Aggro-Control (Tempo),Azorius Tempo,Joel K.,1,3b5233ff-03bc-4053-9b49-c4185c2de38d,2024-10-19T22:00:00Z
Aggro-Control (Tempo),Azorius Tempo,Joel K.,1,70719e7b-6f02-4c1a-9f11-79b2b0d9846a,2024-10-19T22:00:00Z
Aggro-Control (Tempo),Azorius Tempo,Joel K.,1,e58e681e-a069-4414-aafe-634c7987fd0d,2024-10-19T22:00:00Z
Aggro-Control (Tempo),Azorius Tempo,Joel K.,1,985bdb0c-ce6c-4506-8163-76f3b2fdf5fb,2024-10-19T22:00:00Z
Aggro-Control (Tempo),Azorius Tempo,Joel K.,1,3462a3d0-5552-49fa-9eb7-100960c55891,2024-10-19T22:00:00Z
Aggro-Control (Tempo),Azorius Tempo,Joel K.,1,ebc01ab4-d89a-4d25-bf54-6aed33772f4b,2024-10-19T22:00:00Z
Aggro-Control (Tempo),Azorius Tempo,Joel K.,1,345a4aee-5846-4ae9-9af1-4c8fe8d692ec,2024-10-19T22:00:00Z
Aggro-Control (Tempo),Azorius Tempo,Joel K.,1,1453f92e-df2d-4789-aa1b-a5b5c51567d4,2024-10-19T22:00:00Z
Aggro-Control (Tempo),Azorius Tempo,Joel K.,1,1b6ef5f5-4058-4f89-a573-9e2da87a9f2e,2024-10-19T22:00:00Z
Control,Azorius Blink,Tobi,1,3c02b8ee-84cb-44cb-ba14-9e725a9d03ee,2024-10-19T22:00:00Z
Control,Azorius Blink,Tobi,1,5cb76266-ae50-4bbc-8f96-d98f309b02d3,2024-10-19T22:00:00Z
Control,Azorius Blink,Tobi,1,bb9ad57f-cca2-4717-a951-cbe3c7782efe,2024-10-19T22:00:00Z
Control,Azorius Blink,Tobi,1,8c2996d9-3287-4480-8c04-7a378e37e3cf,2024-10-19T22:00:00Z
Control,Azorius Blink,Tobi,1,e7b3ddca-69ef-4743-897b-57c58077db24,2024-10-19T22:00:00Z
Control,Azorius Blink,Tobi,1,0596155d-8f83-40ca-be31-9a0df1ced65e,2024-10-19T22:00:00Z
Control,Azorius Blink,Tobi,1,59faa45d-868b-4bc7-934c-0e077642e129,2024-10-19T22:00:00Z
Control,Azorius Blink,Tobi,1,1daf4348-05c5-4c55-bcf2-c7bec7988bfc,2024-10-19T22:00:00Z
Control,Azorius Blink,Tobi,1,0ad38866-fc5f-4f62-89c1-afc0f50765aa,2024-10-19T22:00:00Z
Control,Azorius Blink,Tobi,1,1a6f256b-943e-4cfb-9fc9-d1ded68b5f97,2024-10-19T22:00:00Z
Control,Azorius Blink,Tobi,1,2a717b98-cdac-416d-bf6c-f6b6638e65d1,2024-10-19T22:00:00Z
Control,Azorius Blink,Tobi,1,0c9a7cb0-5bff-48ff-b620-2838816ac9b5,2024-10-19T22:00:00Z
Control,Azorius Blink,Tobi,1,b83cfbaa-7890-4f6f-878b-4edb45677371,2024-10-19T22:00:00Z
Control,Azorius Blink,Tobi,1,93f99e67-901f-4c8d-8a09-e443b7eb928f,2024-10-19T22:00:00Z
Control,Azorius Blink,Tobi,1,05bd329b-5707-42fc-af1c-084cc604e805,2024-10-19T22:00:00Z
Control,Azorius Blink,Tobi,1,f3537373-ef54-4578-9d05-6216420ee349,2024-10-19T22:00:00Z
Control,Azorius Blink,Tobi,1,50bc0f5b-7421-45b9-af85-86dd9821b7d8,2024-10-19T22:00:00Z
Control,Azorius Blink,Tobi,1,dcb94950-3f3e-4876-84f8-d5e4d9cfecee,2024-10-19T22:00:00Z
Control,Azorius Blink,Tobi,1,02138fbb-3962-4348-8d31-faaefba0b8b2,2024-10-19T22:00:00Z
Control,Azorius Blink,Tobi,1,9d3a7998-ccac-45ad-a4e9-3a2cb057f63b,2024-10-19T22:00:00Z
Control,Azorius Blink,Tobi,1,8e42df9e-95f2-4c79-9274-2d16e3cd91f1,2024-10-19T22:00:00Z
Control,Azorius Blink,Tobi,1,af7091c9-5f98-4078-a42b-c9e057346d9b,2024-10-19T22:00:00Z
Control,Azorius Blink,Tobi,1,8db735ea-f9cf-4e3c-9200-4f180df55baa,2024-10-19T22:00:00Z
Control,Azorius Blink,Tobi,1,5bb3cb5c-8d66-4f5e-a9a9-917e6045f024,2024-10-19T22:00:00Z
Control,Azorius Blink,Tobi,1,c86b8a75-9e31-4a44-95b8-c83b9a49646f,2024-10-19T22:00:00Z
Combo,Sneak and Flash,Lukas Stalder,1,cf3eb762-6c3f-4b11-a4f9-968f79370217,2024-10-19T22:00:00Z
Combo,Sneak and Flash,Lukas Stalder,1,68c72226-6f52-4322-8b14-18737293dfa0,2024-10-19T22:00:00Z
Combo,Sneak and Flash,Lukas Stalder,1,68924203-c3d9-41ce-8ca8-c6dd491eb3ca,2024-10-19T22:00:00Z
Combo,Sneak and Flash,Lukas Stalder,1,02d6d693-f1f3-4317-bcc0-c21fa8490d38,2024-10-19T22:00:00Z
Combo,Sneak and Flash,Lukas Stalder,1,493a5ca7-5f90-4af4-b6db-43ae09a2f2c9,2024-10-19T22:00:00Z
Combo,Sneak and Flash,Lukas Stalder,1,0f7585c8-9e21-4eef-afc1-2852de23db2f,2024-10-19T22:00:00Z
Combo,Sneak and Flash,Lukas Stalder,1,d2e27911-87cb-49a0-a34f-6afe4bddd592,2024-10-19T22:00:00Z
Combo,Sneak and Flash,Lukas Stalder,1,ea1feac0-d3a7-45eb-9719-1cdaf51ea0b6,2024-10-19T22:00:00Z
Combo,Sneak and Flash,Lukas Stalder,1,43aa7e35-55ee-4e02-a8aa-ea2b267055d1,2024-10-19T22:00:00Z
Combo,Sneak and Flash,Lukas Stalder,1,564caf57-4ba5-4993-a35e-945699c94eb7,2024-10-19T22:00:00Z
Combo,Sneak and Flash,Lukas Stalder,1,311a6257-dd77-4bb6-81cb-c8e7862350f3,2024-10-19T22:00:00Z
Combo,Sneak and Flash,Lukas Stalder,1,62b3f560-262b-4bc3-9aef-535fd7082c28,2024-10-19T22:00:00Z
Combo,Sneak and Flash,Lukas Stalder,1,6da09e6a-2965-4855-bd41-41b41ba188fb,2024-10-19T22:00:00Z
Combo,Sneak and Flash,Lukas Stalder,1,0cb33b46-4d1b-4f97-bfdc-d815aee111da,2024-10-19T22:00:00Z
Combo,Sneak and Flash,Lukas Stalder,1,586a4c31-65c7-4c7f-b5f6-74b105b2a629,2024-10-19T22:00:00Z
Combo,Sneak and Flash,Lukas Stalder,1,75fdce80-e338-4a50-bdc6-786511feaeef,2024-10-19T22:00:00Z
Combo,Sneak and Flash,Lukas Stalder,1,b50e1800-a45c-43bd-8886-8a06145d9346,2024-10-19T22:00:00Z
Combo,Sneak and Flash,Lukas Stalder,1,bb41ff5c-9617-4033-a4fa-99323640b9c3,2024-10-19T22:00:00Z
Combo,Sneak and Flash,Lukas Stalder,1,fa7b7897-36e0-415a-8bb7-602886164852,2024-10-19T22:00:00Z
Combo,Sneak and Flash,Lukas Stalder,1,4a1f905f-1d55-4d02-9d24-e58070793d3f,2024-10-19T22:00:00Z
Combo,Sneak and Flash,Lukas Stalder,1,a9225cc3-90f0-448f-a8d9-7c6c2796d077,2024-10-19T22:00:00Z
Combo,Sneak and Flash,Lukas Stalder,1,1c0f2873-5849-4cab-855a-2fbbc41dbb6c,2024-10-19T22:00:00Z
Combo,Sneak and Flash,Lukas Stalder,1,63af3c26-5b1f-46f6-9aa2-036c615bf5ea,2024-10-19T22:00:00Z
Combo,Sneak and Flash,Lukas Stalder,1,10158a5e-5a03-41ab-85d2-0907ccf32c9b,2024-10-19T22:00:00Z
Combo,Sneak and Flash,Lukas Stalder,1,18a3cca1-e50e-49b6-9e1a-f86640e3b177,2024-10-19T22:00:00Z
Combo,Sneak and Flash,Lukas Stalder,1,98e7bf8f-dba7-4005-8cee-634c9153931d,2024-10-19T22:00:00Z
Combo,Sneak and Flash,Lukas Stalder,1,cea3b218-0e6e-443a-84f7-380f1021e8e1,2024-10-19T22:00:00Z
Combo,Reanimator-Sneak,Dimlas,1,68841ca8-a043-4f30-9a17-e983ed960bc2,2024-10-19T22:00:00Z
Combo,Reanimator-Sneak,Dimlas,1,07c17b01-ee5d-491a-8403-b3f819b778c4,2024-10-19T22:00:00Z
Combo,Reanimator-Sneak,Dimlas,1,e6befbc4-1320-4f26-bd9f-b1814fedda10,2024-10-19T22:00:00Z
Combo,Reanimator-Sneak,Dimlas,1,054f2276-2dd5-43da-bb26-c57c560861fe,2024-10-19T22:00:00Z
Combo,Reanimator-Sneak,Dimlas,1,0645f487-efe5-4764-b361-85e07bb5ccca,2024-10-19T22:00:00Z
Combo,Reanimator-Sneak,Dimlas,1,187b6719-e5ed-4615-a00b-3313ceca055b,2024-10-19T22:00:00Z
Combo,Reanimator-Sneak,Dimlas,1,62d37423-3445-412a-9abd-0480da404637,2024-10-19T22:00:00Z
Combo,Reanimator-Sneak,Dimlas,1,5f6927e1-c580-483a-8e2a-6e2deb74800e,2024-10-19T22:00:00Z
Combo,Reanimator-Sneak,Dimlas,1,06c0c35d-a26e-473a-9206-8fbda7191700,2024-10-19T22:00:00Z
Combo,Reanimator-Sneak,Dimlas,1,a6539e26-b63b-4725-9407-caaf451de084,2024-10-19T22:00:00Z
Combo,Reanimator-Sneak,Dimlas,1,d5c782cc-c951-4c6f-a93f-774ae6c1c214,2024-10-19T22:00:00Z
Combo,Reanimator-Sneak,Dimlas,1,a2c56479-4bee-4edb-80d7-4af010b7c793,2024-10-19T22:00:00Z
Combo,Reanimator-Sneak,Dimlas,1,207d5f12-fbc6-4c75-9d84-fd2f0023fbd0,2024-10-19T22:00:00Z
Combo,Reanimator-Sneak,Dimlas,1,0027e5ca-8046-40a0-bd73-79be55f28bff,2024-10-19T22:00:00Z
Combo,Reanimator-Sneak,Dimlas,1,c8090bcf-e17a-4110-a518-77ccd045b18f,2024-10-19T22:00:00Z
Combo,Reanimator-Sneak,Dimlas,1,f05e9a3e-8a35-4687-85cb-e31b3927a5e2,2024-10-19T22:00:00Z
Combo,Reanimator-Sneak,Dimlas,1,5f1cdcba-a04a-4a2f-8bc1-0dd7fa03754d,2024-10-19T22:00:00Z
Combo,Reanimator-Sneak,Dimlas,1,6920c895-bc98-4871-a53f-219fa27a74e5,2024-10-19T22:00:00Z
Combo,Reanimator-Sneak,Dimlas,1,0ce44270-a684-4489-9077-521456e6dfaa,2024-10-19T22:00:00Z
Combo,Reanimator-Sneak,Dimlas,1,310a1c46-8331-4a09-9fcb-d942f8102364,2024-10-19T22:00:00Z
Combo,Reanimator-Sneak,Dimlas,1,1571b584-9007-45ee-a3c3-6c72f227fee2,2024-10-19T22:00:00Z
Combo,Reanimator-Sneak,Dimlas,1,0e0d989d-7186-40dc-bdfe-cfbb77656bc8,2024-10-19T22:00:00Z
Combo,Reanimator-Sneak,Dimlas,1,1066a94a-8e4f-4d77-820b-7a77a18116f0,2024-10-19T22:00:00Z
Combo,Reanimator-Sneak,Dimlas,1,18f23daa-bc59-456a-8a28-3823e51bc74b,2024-10-19T22:00:00Z
Combo,Reanimator-Sneak,Dimlas,1,4ced112a-e775-4f97-97b3-74877e9dce12,2024-10-19T22:00:00Z
Combo,Reanimator-Sneak,Dimlas,1,4c732dc7-dd6b-4cc1-bbe0-ff3b1d2c7419,2024-10-19T22:00:00Z
Combo,Reanimator-Sneak,Dimlas,1,0324641d-af55-4c53-b4dc-c8262e967da5,2024-10-19T22:00:00Z
Combo,Reanimator-Sneak,Dimlas,1,95c14c4d-6c16-4826-8d93-d89ad04aee09,2024-10-19T22:00:00Z
Combo,Reanimator-Sneak,Dimlas,1,e5145f31-a4ac-44ef-8f85-e4d95f2c9ff5,2024-10-19T22:00:00Z
Combo,Artifacts,Elie,1,53d4fd57-74b6-42c7-88b1-110e5a8dfc3c,2024-10-19T22:00:00Z
Combo,Artifacts,Elie,1,6be9b1d5-9ab8-4adb-ba54-2c0117e842fa,2024-10-19T22:00:00Z
Combo,Artifacts,Elie,1,4b4956a2-9a39-4152-9c98-70e4b2acfa26,2024-10-19T22:00:00Z
Combo,Artifacts,Elie,1,1e2fee55-227b-4373-a3f7-b463f220033f,2024-10-19T22:00:00Z
Combo,Artifacts,Elie,1,139b90cd-8272-457a-be32-1298145345be,2024-10-19T22:00:00Z
Combo,Artifacts,Elie,1,2b5315a4-6a78-456f-8d5a-fea9d62f3f0e,2024-10-19T22:00:00Z
Combo,Artifacts,Elie,1,31b770cc-09e7-4c0b-b2a4-462ab4f7200d,2024-10-19T22:00:00Z
Combo,Artifacts,Elie,1,0f3c8470-1cc8-4383-8782-c022867d46e8,2024-10-19T22:00:00Z
Combo,Artifacts,Elie,1,bf4b9a8a-b42a-46fb-b0d0-9cf800f63c8a,2024-10-19T22:00:00Z
Combo,Artifacts,Elie,1,33672990-4860-4aa6-ac1b-f9da66f5da59,2024-10-19T22:00:00Z
Combo,Artifacts,Elie,1,04fc99dc-bfbe-4567-b791-6b1db96471ec,2024-10-19T22:00:00Z
Combo,Artifacts,Elie,1,9a9a1df5-a4e8-49a4-aebe-ca93894ccfcf,2024-10-19T22:00:00Z
Combo,Artifacts,Elie,1,07a3d9e8-8597-498b-869c-cff79e0df516,2024-10-19T22:00:00Z
Combo,Artifacts,Elie,1,33ca68a6-474e-4d86-bffa-ee4bddb4a3cf,2024-10-19T22:00:00Z
Combo,Artifacts,Elie,1,aac0c8df-f01d-4178-8d66-ee603f814d24,2024-10-19T22:00:00Z
Combo,Artifacts,Elie,1,c3896705-bbd2-4ffb-a590-ee78e0eabdc5,2024-10-19T22:00:00Z
Combo,Artifacts,Elie,1,05e8a4ea-8c0d-4284-ac23-80e19fdde11d,2024-10-19T22:00:00Z
Combo,Artifacts,Elie,1,866b7fd4-86e3-4b42-b1ea-33bad0db1f9f,2024-10-19T22:00:00Z
Combo,Artifacts,Elie,1,ec59ed99-ce40-489a-b776-8874bec60393,2024-10-19T22:00:00Z
Combo,Artifacts,Elie,1,18adbda4-8d36-47cd-afbc-c785aaa8ed80,2024-10-19T22:00:00Z
Combo,Artifacts,Elie,1,a55c4d47-5252-40af-961d-c08bc688028a,2024-10-19T22:00:00Z
Combo,Artifacts,Elie,1,377cee38-e769-47b0-abd5-0f528600f36a,2024-10-19T22:00:00Z
Combo,Artifacts,Elie,1,492b368b-de32-45c1-8459-238aae54f9fc,2024-10-19T22:00:00Z
Combo,Artifacts,Elie,1,9814d8e8-c462-41ca-9909-1c659f488543,2024-10-19T22:00:00Z
Combo,Artifacts,Elie,1,85a89077-b384-4fca-9d26-7297962c1541,2024-10-19T22:00:00Z
Combo,Artifacts,Elie,1,d5806e68-1054-458e-866d-1f2470f682b2,2024-10-19T22:00:00Z
Combo,Artifacts,Elie,1,175b3d28-5c74-4972-9b5c-5e39762c78f4,2024-10-19T22:00:00Z
Combo,Artifacts,Elie,1,06cb1bd6-73e0-4104-b344-4bc52d7dcedf,2024-10-19T22:00:00Z
Combo,Artifacts,Elie,1,671c008a-8ff8-42d7-9e03-6d8a9ddace67,2024-10-19T22:00:00Z
Aggro,Selesnya Aggro,Joel R.,1,c4fffacd-81c7-44b8-9b59-2c7210022c14,2024-10-19T22:00:00Z
Aggro,Selesnya Aggro,Joel R.,1,d91a527d-51f1-4fb1-9016-fc923fd43a6a,2024-10-19T22:00:00Z
Aggro,Selesnya Aggro,Joel R.,1,07246783-d475-4f61-99ac-e2b574072349,2024-10-19T22:00:00Z
Aggro,Selesnya Aggro,Joel R.,1,8683a978-1bef-4b01-9361-56b1fc157d26,2024-10-19T22:00:00Z
Aggro,Selesnya Aggro,Joel R.,1,229a0d4a-3777-451d-a2fb-f1a2fdf8019f,2024-10-19T22:00:00Z
Aggro,Selesnya Aggro,Joel R.,1,5b8ba842-c662-4686-bca3-93ddb7fa11a6,2024-10-19T22:00:00Z
Aggro,Selesnya Aggro,Joel R.,1,71384418-173a-4f77-adab-56e52fa23692,2024-10-19T22:00:00Z
Aggro,Selesnya Aggro,Joel R.,1,6f11029a-b24d-4248-834f-b852b56857f6,2024-10-19T22:00:00Z
Aggro,Selesnya Aggro,Joel R.,1,44afd414-cc69-4888-ba12-7ea87e60b1f7,2024-10-19T22:00:00Z
Aggro,Selesnya Aggro,Joel R.,1,54a3ea87-005e-4985-b2a5-21711d0b71c0,2024-10-19T22:00:00Z
Aggro,Selesnya Aggro,Joel R.,1,3028075c-5fc5-4942-a984-1ffcf7a8933d,2024-10-19T22:00:00Z
Aggro,Selesnya Aggro,Joel R.,1,55707746-da6e-46e5-a5ca-7ac843fdc38e,2024-10-19T22:00:00Z
Aggro,Selesnya Aggro,Joel R.,1,de0e01e4-e143-47fd-8565-7b48219bb546,2024-10-19T22:00:00Z
Aggro,Selesnya Aggro,Joel R.,1,4e117771-5a8b-4812-b487-32ba34b7f724,2024-10-19T22:00:00Z
Aggro,Selesnya Aggro,Joel R.,1,01794178-cf41-454c-ac37-1d8b18e42db2,2024-10-19T22:00:00Z
Aggro,Selesnya Aggro,Joel R.,1,2b74bb81-fb9a-40e5-a941-e517430b52f5,2024-10-19T22:00:00Z
Aggro,Selesnya Aggro,Joel R.,1,94b67489-5eb0-4406-9bf3-27e50dc632eb,2024-10-19T22:00:00Z
Aggro,Selesnya Aggro,Joel R.,1,cc520518-2063-4b57-a0d4-10cf62a7175e,2024-10-19T22:00:00Z
Aggro,Selesnya Aggro,Joel R.,1,0845f0b0-9413-4ddd-861d-9607636bebc6,2024-10-19T22:00:00Z
Aggro,Selesnya Aggro,Joel R.,1,01c6f877-6b00-4d57-8a88-36cd3b16edbc,2024-10-19T22:00:00Z
Aggro,Selesnya Aggro,Joel R.,1,45026d57-0324-4312-8b86-2e7d4f581ee9,2024-10-19T22:00:00Z
Aggro,Selesnya Aggro,Joel R.,1,487116ab-b885-406b-aa54-56cb67eb3ca5,2024-10-19T22:00:00Z
Aggro,Selesnya Aggro,Joel R.,1,2398892d-28e9-4009-81ec-0d544af79d2b,2024-10-19T22:00:00Z
Aggro,Selesnya Aggro,Joel R.,1,d51269cf-a333-4a64-94cd-245798d840d2,2024-10-19T22:00:00Z
Aggro,Selesnya Aggro,Joel R.,1,2b9b0195-beda-403e-bc27-7ae3be9f318c,2024-10-19T22:00:00Z
Aggro,Selesnya Aggro,Joel R.,1,0d16e8e0-31b2-4389-afd6-783c501f6fa0,2024-10-19T22:00:00Z
Aggro,Selesnya Aggro,Joel R.,1,f20015ad-8fda-498f-ac28-1ffb824ab480,2024-10-19T22:00:00Z
Aggro,Boros Aggro,Manuel,1,47a6234f-309f-4e03-9263-66da48b57153,2024-10-19T22:00:00Z
Aggro,Boros Aggro,Manuel,1,aced2c55-7543-4076-bcdd-36c4d649b8ae,2024-10-19T22:00:00Z
Aggro,Boros Aggro,Manuel,1,071daca8-ccc6-4707-843e-adac40dd1588,2024-10-19T22:00:00Z
Aggro,Boros Aggro,Manuel,1,045ce37b-86d2-4e56-84af-b6625b53d13c,2024-10-19T22:00:00Z
Aggro,Boros Aggro,Manuel,1,bd3d4b4b-cf31-4f89-8140-9650edb03c7b,2024-10-19T22:00:00Z
Aggro,Boros Aggro,Manuel,1,6989018c-37b1-4282-a4af-9cc97f160b4d,2024-10-19T22:00:00Z
Aggro,Boros Aggro,Manuel,1,df3784d4-80cd-4f78-afb3-d61f3bab5b2c,2024-10-19T22:00:00Z
Aggro,Boros Aggro,Manuel,1,6a058e68-70af-4a64-859c-c881e5578368,2024-10-19T22:00:00Z
Aggro,Boros Aggro,Manuel,1,b256ddc8-8b12-434c-a610-1a872e948f2f,2024-10-19T22:00:00Z
Aggro,Boros Aggro,Manuel,1,21c950d7-b4f6-4902-8c9a-98f2933f9fa5,2024-10-19T22:00:00Z
Aggro,Boros Aggro,Manuel,1,fe964e7e-e2c5-4263-889d-0a531eb51442,2024-10-19T22:00:00Z
Aggro,Boros Aggro,Manuel,1,26d40e03-6de4-4373-9fbf-04c1dd79e995,2024-10-19T22:00:00Z
Aggro,Boros Aggro,Manuel,1,24e58478-c6a8-4f86-854a-a489c99bd777,2024-10-19T22:00:00Z
Aggro,Boros Aggro,Manuel,1,1e3e8085-cfcd-4e88-b441-4d1f8ac63904,2024-10-19T22:00:00Z
Aggro,Boros Aggro,Manuel,1,18092f68-b96e-4084-9eba-b240d2195d81,2024-10-19T22:00:00Z
Aggro,Boros Aggro,Manuel,1,17f28b16-da65-41a8-ba4f-f1c5e104aad6,2024-10-19T22:00:00Z
Aggro,Boros Aggro,Manuel,1,a24e8dba-5c86-4e32-8a52-61402f7fe9f0,2024-10-19T22:00:00Z
Aggro,Boros Aggro,Manuel,1,2b73d294-6ab1-4051-9b0f-d8e335d37674,2024-10-19T22:00:00Z
Aggro,Boros Aggro,Manuel,1,09fd2d9c-1793-4beb-a3fb-7a869f660cd4,2024-10-19T22:00:00Z
Aggro,Boros Aggro,Manuel,1,a3bb2881-e8fb-4fba-a9f9-d93e6ca24378,2024-10-19T22:00:00Z
Aggro,Boros Aggro,Manuel,1,80c72839-0fa6-4b5f-83b7-6553ebf09bef,2024-10-19T22:00:00Z
Aggro,Boros Aggro,Manuel,1,ed0216a0-c5c9-4a99-b869-53e4d0256326,2024-10-19T22:00:00Z
Aggro,Boros Aggro,Manuel,1,25b0b816-0583-44aa-9dc5-f3ff48993a51,2024-10-19T22:00:00Z
Aggro,Boros Aggro,Manuel,1,0ecbe097-ba51-42e5-957c-382eb66c08f0,2024-10-19T22:00:00Z
Aggro,Boros Aggro,Manuel,1,07313dd3-d0dc-40ca-98a3-fa4d39e5bcae,2024-10-19T22:00:00Z
Aggro,Boros Aggro,Manuel,1,33ab05b5-d6f5-439c-9aed-1a58ceb282ad,2024-10-19T22:00:00Z
Aggro,Boros Aggro,Manuel,1,b045c28a-39f9-4cd9-8f3a-a626b697f409,2024-10-19T22:00:00Z
Aggro,Boros Aggro,Manuel,1,605c2218-9d12-4ac3-a721-fca590b89847,2024-10-19T22:00:00Z
Control,Lurrus Control,Pali,1,09521f23-52d6-482d-9f3b-c4d12fcc08cc,2024-10-19T22:00:00Z
Control,Lurrus Control,Pali,1,a8069994-b103-40dc-9e14-062004914ec8,2024-10-19T22:00:00Z
Control,Lurrus Control,Pali,1,f44e5128-e146-4e46-b313-a40d82719d1d,2024-10-19T22:00:00Z
Control,Lurrus Control,Pali,1,69c68c95-b788-43b1-9f22-1b22c5a00b25,2024-10-19T22:00:00Z
Control,Lurrus Control,Pali,1,1ee98955-4c47-4d45-9377-608dfa755337,2024-10-19T22:00:00Z
Control,Lurrus Control,Pali,1,773199f9-c83b-4a77-8342-9f1552ecf595,2024-10-19T22:00:00Z
Control,Lurrus Control,Pali,1,df9d9075-2d1e-4848-b661-816d539e05eb,2024-10-19T22:00:00Z
Control,Lurrus Control,Pali,1,cbac1d27-15e2-4e2f-82ab-625a16e096cb,2024-10-19T22:00:00Z
Control,Lurrus Control,Pali,1,3d3025a2-4a17-4137-ba0b-bd676c6f5f88,2024-10-19T22:00:00Z
Control,Lurrus Control,Pali,1,e4e6794a-feeb-4fc8-a2ee-38c75c18aaae,2024-10-19T22:00:00Z
Control,Lurrus Control,Pali,1,b34bf7fd-9fe3-43e2-8cfe-7ce7cff08afe,2024-10-19T22:00:00Z
Control,Lurrus Control,Pali,1,bd8fa327-dd41-4737-8f19-2cf5eb1f7cdd,2024-10-19T22:00:00Z
Control,Lurrus Control,Pali,1,5ad36fb2-c44e-4085-ba0d-54277841ad3a,2024-10-19T22:00:00Z
Control,Lurrus Control,Pali,1,26c68473-70ca-40ba-b5c6-71ec30f88a2c,2024-10-19T22:00:00Z
Control,Lurrus Control,Pali,1,8ca3c48b-f104-4292-9a4e-2ce87a65893c,2024-10-19T22:00:00Z
Control,Lurrus Control,Pali,1,553fb946-2706-475b-89f9-e4355ec9ea2b,2024-10-19T22:00:00Z
Control,Lurrus Control,Pali,1,162e81d3-6cd4-4cb8-8ed8-cfbd8d34ca71,2024-10-19T22:00:00Z
Control,Lurrus Control,Pali,1,1658f12b-8ac5-4d29-86d5-f20c4d5f7e48,2024-10-19T22:00:00Z
Control,Lurrus Control,Pali,1,05cf51d8-9f91-42ff-99e9-4397f2251c20,2024-10-19T22:00:00Z
Control,Lurrus Control,Pali,1,612b2e6e-fe8d-49ad-b845-6fa7fa59ffd1,2024-10-19T22:00:00Z
Control,Lurrus Control,Pali,1,fadb218d-29e2-42d1-a7a1-1066741d63ad,2024-10-19T22:00:00Z
Control,Lurrus Control,Pali,1,6fd672bb-18cf-44e3-8dda-5310b1e0fffe,2024-10-19T22:00:00Z
Control,Lurrus Control,Pali,1,504a69eb-3c2d-4bb1-b117-252b15acf0c2,2024-10-19T22:00:00Z
Control,Lurrus Control,Pali,1,b6cb2549-e485-44d6-9d65-7605c568909e,2024-10-19T22:00:00Z
Control,Lurrus Control,Pali,1,70e33f45-7d47-423b-a123-8541f1d1afb4,2024-10-19T22:00:00Z
Control,Lurrus Control,Pali,1,a7a8b6b8-b95f-4014-b17a-a6d44d965995,2024-10-19T22:00:00Z
Control,Lurrus Control,Pali,1,ebeafbc2-0399-4335-8f63-76a3e085e8c6,2024-10-19T22:00:00Z
Control,Lurrus Control,Pali,1,56995b84-2307-4955-9c7c-dc4f04acdc07,2024-10-19T22:00:00Z
Control,Lurrus Control,Pali,1,97b9bab9-12ee-4da5-9d53-d0b82d9279cd,2024-10-19T22:00:00Z
Control,Lurrus Control,Pali,1,05bdd22c-3e11-4c29-bdfa-d3dfc0e90a9f,2024-10-19T22:00:00Z
Combo,Combo Mix,Tommy,1,5da578b8-19e6-4068-9336-e7cd33c585f1,2024-10-19T22:00:00Z
Combo,Combo Mix,Tommy,1,9e7fb3c0-5159-4d1f-8490-ce4c9a60f567,2024-10-19T22:00:00Z
Combo,Combo Mix,Tommy,1,fd99bce1-ce39-464b-8e61-2631eb3ed6f6,2024-10-19T22:00:00Z
Combo,Combo Mix,Tommy,1,eeeffc0b-dc92-458e-ad58-86ff6077a508,2024-10-19T22:00:00Z
Combo,Combo Mix,Tommy,1,7aa37f85-5336-4372-97a2-9c8b00798c7a,2024-10-19T22:00:00Z
Combo,Combo Mix,Tommy,1,0c3d7e2c-a104-4757-9984-fb31088f92c4,2024-10-19T22:00:00Z
Combo,Combo Mix,Tommy,1,90107d10-e2aa-4cb7-a000-039f0c581b47,2024-10-19T22:00:00Z
Combo,Combo Mix,Tommy,1,329a8738-3e17-403a-857a-0ba529ce8cd1,2024-10-19T22:00:00Z
Combo,Combo Mix,Tommy,1,f823be95-bef4-4e86-a924-239be62394bf,2024-10-19T22:00:00Z
Combo,Combo Mix,Tommy,1,6151b583-3aa7-4be8-9d05-d5e53f19c6c9,2024-10-19T22:00:00Z
Combo,Combo Mix,Tommy,1,15c34f32-49d9-4a0d-83b2-28172f54fdd1,2024-10-19T22:00:00Z
Combo,Combo Mix,Tommy,1,37dbe1a3-3c44-452b-9fb9-37f5d793d0b5,2024-10-19T22:00:00Z
Combo,Combo Mix,Tommy,1,7c353e83-4b63-4bc6-b029-273d2eca1f75,2024-10-19T22:00:00Z
Combo,Combo Mix,Tommy,1,ee8e9928-d9b2-4570-adb8-44b34115decd,2024-10-19T22:00:00Z
Combo,Combo Mix,Tommy,1,f83ed433-fae3-4fa5-acad-bb8a5b535ce3,2024-10-19T22:00:00Z
Combo,Combo Mix,Tommy,1,926916ed-2f22-4ba9-9427-194886ad6c1e,2024-10-19T22:00:00Z
Combo,Combo Mix,Tommy,1,8a720448-017f-4f4a-9501-678245eaed17,2024-10-19T22:00:00Z
Combo,Combo Mix,Tommy,1,1ac01fff-4de6-4783-9489-4127e25bc641,2024-10-19T22:00:00Z
Combo,Combo Mix,Tommy,1,7a4e1580-dd26-4f4b-ac98-3e6fa7b879d5,2024-10-19T22:00:00Z
Combo,Combo Mix,Tommy,1,00cb17a0-5a13-4d02-b7fb-f99531bc8ca5,2024-10-19T22:00:00Z
Combo,Combo Mix,Tommy,1,c1e0f201-42cb-46a1-901a-65bb4fc18f6c,2024-10-19T22:00:00Z
Combo,Combo Mix,Tommy,1,107492bd-b32f-4692-917c-7771986b5bf7,2024-10-19T22:00:00Z
Combo,Combo Mix,Tommy,1,073bfdca-d7b8-4f4b-93f3-6e7c44bc0b0a,2024-10-19T22:00:00Z
Combo,Combo Mix,Tommy,1,01006833-6007-4c16-9ebb-20d31c60a57a,2024-10-19T22:00:00Z
Combo,Combo Mix,Tommy,1,4a0bb5dc-75a6-4bd6-81f8-611197fb0fba,2024-10-19T22:00:00Z
Combo,Combo Mix,Tommy,1,928036c9-11b8-493e-b9f2-8fbd3487cd19,2024-10-19T22:00:00Z
Combo,Combo Mix,Tommy,1,d40b65c1-b24d-492d-81b9-d8474ebdc08c,2024-10-19T22:00:00Z
Combo,Combo Mix,Tommy,1,1fdcc0c3-4029-4fc3-a486-5d7f45c910bd,2024-10-19T22:00:00Z
Combo,Combo Mix,Tommy,1,9a71531f-d4b6-4cc7-8193-b2f5bce33b21,2024-10-19T22:00:00Z
Combo,Combo Mix,Tommy,1,4720b4f2-e6af-4223-9250-a0ed21ed5693,2024-10-19T22:00:00Z
Aggro-Control (Tempo),Simic Tempo,Myri,1,1fc6d14a-1328-4032-ad9e-cd85cd365bd3,2024-10-19T22:00:00Z
Aggro-Control (Tempo),Simic Tempo,Myri,1,30377bf0-d9b1-4c14-8dde-f74b1e02d604,2024-10-19T22:00:00Z
Aggro-Control (Tempo),Simic Tempo,Myri,1,80fca8c0-ae3e-439e-b202-228b9f360e9a,2024-10-19T22:00:00Z
Aggro-Control (Tempo),Simic Tempo,Myri,1,bdb41396-5008-4a5f-92ca-54ecac42e926,2024-10-19T22:00:00Z
Aggro-Control (Tempo),Simic Tempo,Myri,1,1a55c370-d396-4c73-8ee2-83dc4c124005,2024-10-19T22:00:00Z
Aggro-Control (Tempo),Simic Tempo,Myri,1,1bd3fa8a-6c50-4f7f-9ae3-0810eec5e3db,2024-10-19T22:00:00Z
Aggro-Control (Tempo),Simic Tempo,Myri,1,3ca1e1de-b916-445f-b3b2-0f4d0cc7ceeb,2024-10-19T22:00:00Z
Aggro-Control (Tempo),Simic Tempo,Myri,1,522aa72b-2b8c-484c-872b-f082101cee35,2024-10-19T22:00:00Z
Aggro-Control (Tempo),Simic Tempo,Myri,1,247939d9-87e9-4f01-b223-fb4cfa7dbbe1,2024-10-19T22:00:00Z
Aggro-Control (Tempo),Simic Tempo,Myri,1,400382a4-aea2-4827-b06a-1b0b3745908b,2024-10-19T22:00:00Z
Aggro-Control (Tempo),Simic Tempo,Myri,1,d7a8cc1d-aabb-4eb6-b0f1-6c93ec246f61,2024-10-19T22:00:00Z
Aggro-Control (Tempo),Simic Tempo,Myri,1,4f84b838-b8f1-4b9a-a19f-479594f9d427,2024-10-19T22:00:00Z
Aggro-Control (Tempo),Simic Tempo,Myri,1,1132218d-56cd-441e-9006-df3c50344491,2024-10-19T22:00:00Z
Aggro-Control (Tempo),Simic Tempo,Myri,1,78cef262-c753-4658-b3ec-fec8db47f944,2024-10-19T22:00:00Z
Aggro-Control (Tempo),Simic Tempo,Myri,1,7d48d622-f397-4f31-b1a5-0c23f60aa71c,2024-10-19T22:00:00Z
Aggro-Control (Tempo),Simic Tempo,Myri,1,9503a1e6-f0bf-44d0-a28b-56fbfcff1ff2,2024-10-19T22:00:00Z
Aggro-Control (Tempo),Simic Tempo,Myri,1,187e887c-c39d-4d25-a506-cdc95fc70316,2024-10-19T22:00:00Z
Aggro-Control (Tempo),Simic Tempo,Myri,1,2be39749-ad6f-4160-99eb-c677eee7f1b2,2024-10-19T22:00:00Z
Aggro-Control (Tempo),Simic Tempo,Myri,1,4acaef84-55d1-43dc-b10a-696182e6709b,2024-10-19T22:00:00Z
Aggro-Control (Tempo),Simic Tempo,Myri,1,a3b1b58d-b7f1-404f-aec6-b19cef4bebbd,2024-10-19T22:00:00Z
Aggro-Control (Tempo),Simic Tempo,Myri,1,2616aa0e-8413-4e63-877c-bffd5263f552,2024-10-19T22:00:00Z
Aggro-Control (Tempo),Simic Tempo,Myri,1,99ff731b-8399-40c8-b539-ba6ba5783771,2024-10-19T22:00:00Z
Aggro-Control (Tempo),Simic Tempo,Myri,1,89f5cc05-5d9d-4709-b3c5-a6249c294acc,2024-10-19T22:00:00Z
Aggro-Control (Tempo),Simic Tempo,Myri,1,19477aca-b8db-4061-9a78-ebb189a9df22,2024-10-19T22:00:00Z
