draws,player1,player1Wins,player2,player2Wins,round,tournamentDate
0,Pali,2,Dimlas,0,1,2024-10-19T22:00:00Z
0,Joel K.,1,Manuel,2,1,2024-10-19T22:00:00Z
0,Tommy,1,Joel R.,2,1,2024-10-19T22:00:00Z
0,Myri,0,Sili,2,1,2024-10-19T22:00:00Z
0,Guy,2,Lukas Stalder,1,1,2024-10-19T22:00:00Z
0,Elie,0,Tobi,2,1,2024-10-19T22:00:00Z
0,Tommy,0,Lukas Stalder,2,2,2024-10-19T22:00:00Z
1,Manuel,1,Guy,1,2,2024-10-19T22:00:00Z
0,Joel K.,0,Dimlas,2,2,2024-10-19T22:00:00Z
0,Tobi,1,Joel R.,2,2,2024-10-19T22:00:00Z
0,Pali,1,Sili,2,2,2024-10-19T22:00:00Z
0,Myri,2,Elie,0,2,2024-10-19T22:00:00Z
0,Guy,2,Myri,0,3,2024-10-19T22:00:00Z
0,Manuel,2,Lukas Stalder,1,3,2024-10-19T22:00:00Z
0,Elie,2,Joel K.,0,3,2024-10-19T22:00:00Z
0,Pali,1,Tobi,2,3,2024-10-19T22:00:00Z
0,Dimlas,2,Tommy,1,3,2024-10-19T22:00:00Z
0,Sili,2,Joel R.,0,3,2024-10-19T22:00:00Z
0,Sili,0,Manuel,2,4,2024-10-19T22:00:00Z
0,Dimlas,2,Joel R.,0,4,2024-10-19T22:00:00Z
0,Lukas Stalder,2,Myri,0,4,2024-10-19T22:00:00Z
0,Joel K.,0,Tommy,2,4,2024-10-19T22:00:00Z
1,Guy,1,Tobi,1,4,2024-10-19T22:00:00Z
0,Elie,1,Pali,2,4,2024-10-19T22:00:00Z
