archetype,decktype,player,quantity,scryfallId,tournament
Combo,Storm,Ivo,1,924a24e7-91b8-4ceb-a136-7a765d98c994,2025-03-22T23:00:00Z
Combo,Storm,Ivo,1,113f48b9-a972-4e2c-af95-05ab078e01f2,2025-03-22T23:00:00Z
Combo,Storm,Ivo,1,96b6b2e1-c3e6-464c-8a13-b15deb34e862,2025-03-22T23:00:00Z
Combo,Storm,Ivo,1,1571b584-9007-45ee-a3c3-6c72f227fee2,2025-03-22T23:00:00Z
Combo,Storm,Ivo,1,a2c56479-4bee-4edb-80d7-4af010b7c793,2025-03-22T23:00:00Z
Combo,Storm,Ivo,1,2a717b98-cdac-416d-bf6c-f6b6638e65d1,2025-03-22T23:00:00Z
Combo,Storm,Ivo,1,53d4fd57-74b6-42c7-88b1-110e5a8dfc3c,2025-03-22T23:00:00Z
Combo,Storm,Ivo,1,94c6fdd8-21e7-48ae-aa05-a3666b928c1a,2025-03-22T23:00:00Z
Combo,Storm,Ivo,1,586a4c31-65c7-4c7f-b5f6-74b105b2a629,2025-03-22T23:00:00Z
Combo,Storm,Ivo,1,49bb0ad3-1082-41f1-82a4-52a4006cc9b6,2025-03-22T23:00:00Z
Combo,Storm,Ivo,1,3a2d7cf9-dddb-4de3-b4f2-c52e3ec8fb4b,2025-03-22T23:00:00Z
Combo,Storm,Ivo,1,139b90cd-8272-457a-be32-1298145345be,2025-03-22T23:00:00Z
Combo,Storm,Ivo,1,3ca1e1de-b916-445f-b3b2-0f4d0cc7ceeb,2025-03-22T23:00:00Z
Combo,Storm,Ivo,1,02c532e8-21f1-4d6f-a931-1ea48a6aeea2,2025-03-22T23:00:00Z
Combo,Storm,Ivo,1,162e81d3-6cd4-4cb8-8ed8-cfbd8d34ca71,2025-03-22T23:00:00Z
Combo,Storm,Ivo,1,4acf970d-d2d7-413d-aba7-587ee53d8d5c,2025-03-22T23:00:00Z
Combo,Storm,Ivo,1,31b770cc-09e7-4c0b-b2a4-462ab4f7200d,2025-03-22T23:00:00Z
Combo,Storm,Ivo,1,bd8fa327-dd41-4737-8f19-2cf5eb1f7cdd,2025-03-22T23:00:00Z
Combo,Storm,Ivo,1,efda91fa-03b2-4fb4-ae07-b45f6c6d3eab,2025-03-22T23:00:00Z
Combo,Storm,Ivo,1,fd99bce1-ce39-464b-8e61-2631eb3ed6f6,2025-03-22T23:00:00Z
Combo,Storm,Ivo,1,5a10b543-d5d4-42a8-9ee8-dada59a2ad7e,2025-03-22T23:00:00Z
Combo,Storm,Ivo,1,ea1feac0-d3a7-45eb-9719-1cdaf51ea0b6,2025-03-22T23:00:00Z
Combo,Storm,Ivo,1,641b21e1-9188-4bc3-96e8-cda2acbc5ed5,2025-03-22T23:00:00Z
Combo,Storm,Ivo,1,4b0bd07e-cf80-4d64-af29-f4cec6632b3e,2025-03-22T23:00:00Z
Combo,Storm,Ivo,1,02d6d693-f1f3-4317-bcc0-c21fa8490d38,2025-03-22T23:00:00Z
Combo,Storm,Ivo,1,cc520518-2063-4b57-a0d4-10cf62a7175e,2025-03-22T23:00:00Z
Combo,Storm,Ivo,1,37dbe1a3-3c44-452b-9fb9-37f5d793d0b5,2025-03-22T23:00:00Z
Combo,Storm,Ivo,1,19477aca-b8db-4061-9a78-ebb189a9df22,2025-03-22T23:00:00Z
Combo,Storm,Ivo,1,90107d10-e2aa-4cb7-a000-039f0c581b47,2025-03-22T23:00:00Z
Combo,Storm,Ivo,1,758f95f8-bcb0-43ae-b474-56ebd855951e,2025-03-22T23:00:00Z
Combo,Storm,Ivo,1,b045c28a-39f9-4cd9-8f3a-a626b697f409,2025-03-22T23:00:00Z
Combo,Storm,Ivo,1,3f3c77ad-fce8-4506-90e1-7ef71552a71c,2025-03-22T23:00:00Z
Combo,Storm,Ivo,1,7c353e83-4b63-4bc6-b029-273d2eca1f75,2025-03-22T23:00:00Z
Combo,Storm,Ivo,1,8a720448-017f-4f4a-9501-678245eaed17,2025-03-22T23:00:00Z
Combo,Storm,Ivo,1,07a3d9e8-8597-498b-869c-cff79e0df516,2025-03-22T23:00:00Z
Aggro-Control (Tempo),Dimir Tempo,Tommy,1,0c9a7cb0-5bff-48ff-b620-2838816ac9b5,2025-03-22T23:00:00Z
Aggro-Control (Tempo),Dimir Tempo,Tommy,1,c2089ec9-0665-448f-bfe9-d181de127814,2025-03-22T23:00:00Z
Aggro-Control (Tempo),Dimir Tempo,Tommy,1,661fc907-7003-45c6-820c-9616e9a71c30,2025-03-22T23:00:00Z
Aggro-Control (Tempo),Dimir Tempo,Tommy,1,9a71531f-d4b6-4cc7-8193-b2f5bce33b21,2025-03-22T23:00:00Z
Aggro-Control (Tempo),Dimir Tempo,Tommy,1,18a3cca1-e50e-49b6-9e1a-f86640e3b177,2025-03-22T23:00:00Z
Aggro-Control (Tempo),Dimir Tempo,Tommy,1,3faa8c5e-9e1b-4cee-b322-a033bf33dcbc,2025-03-22T23:00:00Z
Aggro-Control (Tempo),Dimir Tempo,Tommy,1,216a8e4e-ea7b-41c7-a982-b5751025ff25,2025-03-22T23:00:00Z
Aggro-Control (Tempo),Dimir Tempo,Tommy,1,5427d8a6-ac9e-4e50-bd39-81713b2ade25,2025-03-22T23:00:00Z
Aggro-Control (Tempo),Dimir Tempo,Tommy,1,907b3d1d-8c85-4707-80b5-c4d832df9846,2025-03-22T23:00:00Z
Aggro-Control (Tempo),Dimir Tempo,Tommy,1,66d80dd1-b944-4cb2-8578-b4dbcabbbc1e,2025-03-22T23:00:00Z
Aggro-Control (Tempo),Dimir Tempo,Tommy,1,247939d9-87e9-4f01-b223-fb4cfa7dbbe1,2025-03-22T23:00:00Z
Aggro-Control (Tempo),Dimir Tempo,Tommy,1,0e606072-a3aa-4300-ba90-ec92a721fa76,2025-03-22T23:00:00Z
Aggro-Control (Tempo),Dimir Tempo,Tommy,1,29632951-3c3d-478c-8c5a-9a34f30a5c28,2025-03-22T23:00:00Z
Aggro-Control (Tempo),Dimir Tempo,Tommy,1,4b4956a2-9a39-4152-9c98-70e4b2acfa26,2025-03-22T23:00:00Z
Aggro-Control (Tempo),Dimir Tempo,Tommy,1,cf3eb762-6c3f-4b11-a4f9-968f79370217,2025-03-22T23:00:00Z
Aggro-Control (Tempo),Dimir Tempo,Tommy,1,504a69eb-3c2d-4bb1-b117-252b15acf0c2,2025-03-22T23:00:00Z
Aggro-Control (Tempo),Dimir Tempo,Tommy,1,a6539e26-b63b-4725-9407-caaf451de084,2025-03-22T23:00:00Z
Aggro-Control (Tempo),Dimir Tempo,Tommy,1,1453f92e-df2d-4789-aa1b-a5b5c51567d4,2025-03-22T23:00:00Z
Aggro-Control (Tempo),Dimir Tempo,Tommy,1,e9be371c-c688-44ad-ab71-bd4c9f242d58,2025-03-22T23:00:00Z
Aggro-Control (Tempo),Dimir Tempo,Tommy,1,ebc01ab4-d89a-4d25-bf54-6aed33772f4b,2025-03-22T23:00:00Z
Aggro-Control (Tempo),Dimir Tempo,Tommy,1,0cb33b46-4d1b-4f97-bfdc-d815aee111da,2025-03-22T23:00:00Z
Aggro-Control (Tempo),Dimir Tempo,Tommy,1,24a5cc2c-0fbf-4a5f-b175-6e0ffd0d0787,2025-03-22T23:00:00Z
Aggro-Control (Tempo),Dimir Tempo,Tommy,1,68924203-c3d9-41ce-8ca8-c6dd491eb3ca,2025-03-22T23:00:00Z
Aggro-Control (Tempo),Dimir Tempo,Tommy,1,01d1e394-1b0c-4b40-ba85-f55973703d41,2025-03-22T23:00:00Z
Aggro-Control (Tempo),Dimir Tempo,Tommy,1,febaaeae-5c0d-45fa-8169-b27b4996f18e,2025-03-22T23:00:00Z
Aggro-Control (Tempo),Dimir Tempo,Tommy,1,6920c895-bc98-4871-a53f-219fa27a74e5,2025-03-22T23:00:00Z
Aggro-Control (Tempo),Dimir Tempo,Tommy,1,ff84ea71-e477-44f7-a3f8-77fef708efeb,2025-03-22T23:00:00Z
Aggro-Control (Tempo),Dimir Tempo,Tommy,1,56995b84-2307-4955-9c7c-dc4f04acdc07,2025-03-22T23:00:00Z
Aggro-Control (Tempo),Dimir Tempo,Tommy,1,54f449ff-4025-465e-9ec5-a5cf42c4c9d3,2025-03-22T23:00:00Z
Aggro,Boros Aggro,Manuel,1,93f99e67-901f-4c8d-8a09-e443b7eb928f,2025-03-22T23:00:00Z
Aggro,Boros Aggro,Manuel,1,ed0216a0-c5c9-4a99-b869-53e4d0256326,2025-03-22T23:00:00Z
Aggro,Boros Aggro,Manuel,1,605c2218-9d12-4ac3-a721-fca590b89847,2025-03-22T23:00:00Z
Aggro,Boros Aggro,Manuel,1,345a4aee-5846-4ae9-9af1-4c8fe8d692ec,2025-03-22T23:00:00Z
Aggro,Boros Aggro,Manuel,1,07313dd3-d0dc-40ca-98a3-fa4d39e5bcae,2025-03-22T23:00:00Z
Aggro,Boros Aggro,Manuel,1,1daf4348-05c5-4c55-bcf2-c7bec7988bfc,2025-03-22T23:00:00Z
Aggro,Boros Aggro,Manuel,1,df3784d4-80cd-4f78-afb3-d61f3bab5b2c,2025-03-22T23:00:00Z
Aggro,Boros Aggro,Manuel,1,09fd2d9c-1793-4beb-a3fb-7a869f660cd4,2025-03-22T23:00:00Z
Aggro,Boros Aggro,Manuel,1,24e58478-c6a8-4f86-854a-a489c99bd777,2025-03-22T23:00:00Z
Aggro,Boros Aggro,Manuel,1,4e117771-5a8b-4812-b487-32ba34b7f724,2025-03-22T23:00:00Z
Aggro,Boros Aggro,Manuel,1,0ecbe097-ba51-42e5-957c-382eb66c08f0,2025-03-22T23:00:00Z
Aggro,Boros Aggro,Manuel,1,bce84a87-093a-42de-9696-8c3250e0f33b,2025-03-22T23:00:00Z
Aggro,Boros Aggro,Manuel,1,89af0f45-c11c-4f13-9950-b1489440ee5b,2025-03-22T23:00:00Z
Aggro,Boros Aggro,Manuel,1,187e887c-c39d-4d25-a506-cdc95fc70316,2025-03-22T23:00:00Z
Aggro,Boros Aggro,Manuel,1,006d2bf1-20f7-4b09-8d98-8233d91682bd,2025-03-22T23:00:00Z
Aggro,Boros Aggro,Manuel,1,a24e8dba-5c86-4e32-8a52-61402f7fe9f0,2025-03-22T23:00:00Z
Aggro,Boros Aggro,Manuel,1,21c950d7-b4f6-4902-8c9a-98f2933f9fa5,2025-03-22T23:00:00Z
Aggro,Boros Aggro,Manuel,1,1bd3fa8a-6c50-4f7f-9ae3-0810eec5e3db,2025-03-22T23:00:00Z
Aggro,Boros Aggro,Manuel,1,15db4353-9c46-4fe4-b22e-0cf024aa9dfc,2025-03-22T23:00:00Z
Aggro,Boros Aggro,Manuel,1,079e6263-e54c-4899-a336-5315909b9322,2025-03-22T23:00:00Z
Aggro,Boros Aggro,Manuel,1,9721f8da-39ed-4ada-a571-61e08a86032b,2025-03-22T23:00:00Z
Aggro,Boros Aggro,Manuel,1,24c0d87b-0049-4beb-b9cb-6f813b7aa7dc,2025-03-22T23:00:00Z
Aggro,Boros Aggro,Manuel,1,2c695df6-6bf2-4e6b-8500-e3116137ca27,2025-03-22T23:00:00Z
Aggro,Boros Aggro,Manuel,1,0d16e8e0-31b2-4389-afd6-783c501f6fa0,2025-03-22T23:00:00Z
Aggro,Boros Aggro,Manuel,1,045ce37b-86d2-4e56-84af-b6625b53d13c,2025-03-22T23:00:00Z
Aggro,Boros Aggro,Manuel,1,6989018c-37b1-4282-a4af-9cc97f160b4d,2025-03-22T23:00:00Z
Aggro,Boros Aggro,Manuel,1,78cef262-c753-4658-b3ec-fec8db47f944,2025-03-22T23:00:00Z
Aggro-Control (Tempo),Orzhov Tempo,Guy,1,486d7edc-d983-41f0-8b78-c99aecd72996,2025-03-22T23:00:00Z
Aggro-Control (Tempo),Orzhov Tempo,Guy,1,14065271-d942-42a8-aa38-d8a622c0375d,2025-03-22T23:00:00Z
Aggro-Control (Tempo),Orzhov Tempo,Guy,1,7832abb5-5107-4603-904e-491b221bd3e3,2025-03-22T23:00:00Z
Aggro-Control (Tempo),Orzhov Tempo,Guy,1,005dae9a-dddc-4a11-95bb-cce319edcce4,2025-03-22T23:00:00Z
Aggro-Control (Tempo),Orzhov Tempo,Guy,1,e5145f31-a4ac-44ef-8f85-e4d95f2c9ff5,2025-03-22T23:00:00Z
Aggro-Control (Tempo),Orzhov Tempo,Guy,1,995486ce-58bb-4753-a812-0ca73ef1a235,2025-03-22T23:00:00Z
Aggro-Control (Tempo),Orzhov Tempo,Guy,1,04fc99dc-bfbe-4567-b791-6b1db96471ec,2025-03-22T23:00:00Z
Aggro-Control (Tempo),Orzhov Tempo,Guy,1,2398892d-28e9-4009-81ec-0d544af79d2b,2025-03-22T23:00:00Z
Aggro-Control (Tempo),Orzhov Tempo,Guy,1,9d3a7998-ccac-45ad-a4e9-3a2cb057f63b,2025-03-22T23:00:00Z
Aggro-Control (Tempo),Orzhov Tempo,Guy,1,fe964e7e-e2c5-4263-889d-0a531eb51442,2025-03-22T23:00:00Z
Aggro-Control (Tempo),Orzhov Tempo,Guy,1,26c68473-70ca-40ba-b5c6-71ec30f88a2c,2025-03-22T23:00:00Z
Aggro-Control (Tempo),Orzhov Tempo,Guy,1,6bcafc2e-cef6-412d-8c5d-1658c3337292,2025-03-22T23:00:00Z
Aggro-Control (Tempo),Orzhov Tempo,Guy,1,0ad38866-fc5f-4f62-89c1-afc0f50765aa,2025-03-22T23:00:00Z
Aggro-Control (Tempo),Orzhov Tempo,Guy,1,0f7585c8-9e21-4eef-afc1-2852de23db2f,2025-03-22T23:00:00Z
Aggro-Control (Tempo),Orzhov Tempo,Guy,1,825969b9-3c70-4fca-8cab-696e9ca7cdb2,2025-03-22T23:00:00Z
Aggro-Control (Tempo),Orzhov Tempo,Guy,1,2be39749-ad6f-4160-99eb-c677eee7f1b2,2025-03-22T23:00:00Z
Aggro-Control (Tempo),Orzhov Tempo,Guy,1,f1e5cafb-b0e6-4ee5-8c58-6f8e5ef2b9da,2025-03-22T23:00:00Z
Aggro-Control (Tempo),Orzhov Tempo,Guy,1,b256ddc8-8b12-434c-a610-1a872e948f2f,2025-03-22T23:00:00Z
Aggro-Control (Tempo),Orzhov Tempo,Guy,1,47a6234f-309f-4e03-9263-66da48b57153,2025-03-22T23:00:00Z
Aggro-Control (Tempo),Orzhov Tempo,Guy,1,a3012af9-621d-4fae-b00d-079a89ae35fe,2025-03-22T23:00:00Z
Aggro-Control (Tempo),Orzhov Tempo,Guy,1,310a1c46-8331-4a09-9fcb-d942f8102364,2025-03-22T23:00:00Z
Aggro-Control (Tempo),Orzhov Tempo,Guy,1,1ac01fff-4de6-4783-9489-4127e25bc641,2025-03-22T23:00:00Z
Aggro-Control (Tempo),Orzhov Tempo,Guy,1,5b8ba842-c662-4686-bca3-93ddb7fa11a6,2025-03-22T23:00:00Z
Aggro-Control (Tempo),Orzhov Tempo,Guy,1,b83cfbaa-7890-4f6f-878b-4edb45677371,2025-03-22T23:00:00Z
Aggro-Control (Tempo),Orzhov Tempo,Guy,1,e6befbc4-1320-4f26-bd9f-b1814fedda10,2025-03-22T23:00:00Z
Aggro-Control (Tempo),Orzhov Tempo,Guy,1,0d08f5e4-d2d3-4659-86d4-a983d80e3b2c,2025-03-22T23:00:00Z
Aggro-Control (Tempo),Orzhov Tempo,Guy,1,c86b8a75-9e31-4a44-95b8-c83b9a49646f,2025-03-22T23:00:00Z
Aggro-Control (Tempo),Orzhov Tempo,Guy,1,70e33f45-7d47-423b-a123-8541f1d1afb4,2025-03-22T23:00:00Z
Aggro-Control (Tempo),Orzhov Tempo,Guy,1,5bb3cb5c-8d66-4f5e-a9a9-917e6045f024,2025-03-22T23:00:00Z
Combo,Reanimator,Yannik,1,b50e1800-a45c-43bd-8886-8a06145d9346,2025-03-22T23:00:00Z
Combo,Reanimator,Yannik,1,c78da035-6b5b-4136-9ab6-f622b64fdc54,2025-03-22T23:00:00Z
Combo,Reanimator,Yannik,1,cb94a02f-4660-45b6-8a39-941b710cf8f3,2025-03-22T23:00:00Z
Combo,Reanimator,Yannik,1,5c70da33-ce5d-4b8b-9c1d-9a356a7e196f,2025-03-22T23:00:00Z
Combo,Reanimator,Yannik,1,175b3d28-5c74-4972-9b5c-5e39762c78f4,2025-03-22T23:00:00Z
Combo,Reanimator,Yannik,1,d5c782cc-c951-4c6f-a93f-774ae6c1c214,2025-03-22T23:00:00Z
Combo,Reanimator,Yannik,1,4c732dc7-dd6b-4cc1-bbe0-ff3b1d2c7419,2025-03-22T23:00:00Z
Combo,Reanimator,Yannik,1,18bd50f2-c3ba-4217-a2d5-bb771e199706,2025-03-22T23:00:00Z
Combo,Reanimator,Yannik,1,ca4c8b04-66af-4cb3-8003-9088d8344b20,2025-03-22T23:00:00Z
Combo,Reanimator,Yannik,1,7740ff55-67bb-409e-90f7-2c2c8b8c770a,2025-03-22T23:00:00Z
Combo,Reanimator,Yannik,1,5ad36fb2-c44e-4085-ba0d-54277841ad3a,2025-03-22T23:00:00Z
Combo,Reanimator,Yannik,1,0783b426-a527-42c1-9271-be28b229e1c6,2025-03-22T23:00:00Z
Combo,Reanimator,Yannik,1,69c1b656-1d67-499c-bf0f-417682a86c7d,2025-03-22T23:00:00Z
Combo,Reanimator,Yannik,1,23b95b26-0bbf-4fa1-80c1-f621f1a1b947,2025-03-22T23:00:00Z
Combo,Reanimator,Yannik,1,06c0c35d-a26e-473a-9206-8fbda7191700,2025-03-22T23:00:00Z
Combo,Reanimator,Yannik,1,1ee98955-4c47-4d45-9377-608dfa755337,2025-03-22T23:00:00Z
Combo,Reanimator,Yannik,1,cd062615-648f-4cc7-9373-520f3f6a90e3,2025-03-22T23:00:00Z
Combo,Reanimator,Yannik,1,d5806e68-1054-458e-866d-1f2470f682b2,2025-03-22T23:00:00Z
Combo,Reanimator,Yannik,1,e4e6794a-feeb-4fc8-a2ee-38c75c18aaae,2025-03-22T23:00:00Z
Combo,Reanimator,Yannik,1,1658f12b-8ac5-4d29-86d5-f20c4d5f7e48,2025-03-22T23:00:00Z
Combo,Reanimator,Yannik,1,05bdd22c-3e11-4c29-bdfa-d3dfc0e90a9f,2025-03-22T23:00:00Z
Combo,Reanimator,Yannik,1,cea3b218-0e6e-443a-84f7-380f1021e8e1,2025-03-22T23:00:00Z
Combo,Reanimator,Yannik,1,fa6ac7d2-0127-49a8-b7d2-a38308d3c27b,2025-03-22T23:00:00Z
Combo,Reanimator,Yannik,1,492b368b-de32-45c1-8459-238aae54f9fc,2025-03-22T23:00:00Z
Combo,Combo Lands,Dimlas,1,72c6d541-e2cb-4d6e-acac-90a8f53b7006,2025-03-22T23:00:00Z
Combo,Combo Lands,Dimlas,1,4a08ca06-58db-4ce6-b490-be4bea8956a1,2025-03-22T23:00:00Z
Combo,Combo Lands,Dimlas,1,bb41ff5c-9617-4033-a4fa-99323640b9c3,2025-03-22T23:00:00Z
Combo,Combo Lands,Dimlas,1,327cf118-cc92-4073-85d0-94d2a0a6989a,2025-03-22T23:00:00Z
Combo,Combo Lands,Dimlas,1,926916ed-2f22-4ba9-9427-194886ad6c1e,2025-03-22T23:00:00Z
Combo,Combo Lands,Dimlas,1,80c72839-0fa6-4b5f-83b7-6553ebf09bef,2025-03-22T23:00:00Z
Combo,Combo Lands,Dimlas,1,29148d7e-b398-4e19-a29e-d9a660ad5016,2025-03-22T23:00:00Z
Combo,Combo Lands,Dimlas,1,3028075c-5fc5-4942-a984-1ffcf7a8933d,2025-03-22T23:00:00Z
Combo,Combo Lands,Dimlas,1,0adcd4e5-d542-4293-8774-ace2305ef820,2025-03-22T23:00:00Z
Combo,Combo Lands,Dimlas,1,1c7d50d6-b63a-4d8c-88fa-1d78ae693a45,2025-03-22T23:00:00Z
Combo,Combo Lands,Dimlas,1,4e4b6e22-93b2-4896-bba5-0ceaa5d8ea3c,2025-03-22T23:00:00Z
Combo,Combo Lands,Dimlas,1,45026d57-0324-4312-8b86-2e7d4f581ee9,2025-03-22T23:00:00Z
Combo,Combo Lands,Dimlas,1,16c8d2fa-54a7-46e8-980c-905258497c90,2025-03-22T23:00:00Z
Combo,Combo Lands,Dimlas,1,18f23daa-bc59-456a-8a28-3823e51bc74b,2025-03-22T23:00:00Z
Combo,Combo Lands,Dimlas,1,748e6a61-9c1f-4225-9f04-e54002f63ac3,2025-03-22T23:00:00Z
Combo,Combo Lands,Dimlas,1,f6ca59cd-8779-4a84-a54b-e863b79c61f0,2025-03-22T23:00:00Z
Combo,Combo Lands,Dimlas,1,205df311-a72d-40f1-b2ea-9b30274bc9bd,2025-03-22T23:00:00Z
Combo,Combo Lands,Dimlas,1,3a9d1082-a862-45d4-9e5e-392e879fead6,2025-03-22T23:00:00Z
Combo,Combo Lands,Dimlas,1,df9d9075-2d1e-4848-b661-816d539e05eb,2025-03-22T23:00:00Z
Combo,Combo Lands,Dimlas,1,2b20d3e1-62ef-44db-8109-a33d4fa3e7f1,2025-03-22T23:00:00Z
Combo,Combo Lands,Dimlas,1,c7bbb911-9de2-455d-9677-e1004db65dbd,2025-03-22T23:00:00Z
Combo,Combo Lands,Dimlas,1,400382a4-aea2-4827-b06a-1b0b3745908b,2025-03-22T23:00:00Z
Combo,Combo Lands,Dimlas,1,1163fe84-c5d5-42c8-b7cd-d206a9b0bd3f,2025-03-22T23:00:00Z
Combo,Combo Lands,Dimlas,1,5ab21006-7f61-49e0-8b6a-0397c5d4c3bd,2025-03-22T23:00:00Z
Combo,Combo Lands,Dimlas,1,b841bfa8-7c17-4df2-8466-780ab9a4a53a,2025-03-22T23:00:00Z
Combo,Combo Lands,Dimlas,1,551c0a45-9515-4e51-84e5-79703832a661,2025-03-22T23:00:00Z
Combo,Combo Lands,Dimlas,1,54a3ea87-005e-4985-b2a5-21711d0b71c0,2025-03-22T23:00:00Z
Combo,Combo Lands,Dimlas,1,107492bd-b32f-4692-917c-7771986b5bf7,2025-03-22T23:00:00Z
Combo,Combo Lands,Dimlas,1,224d904a-5972-4152-878a-9a922e7a55b6,2025-03-22T23:00:00Z
Combo,Combo Lands,Dimlas,1,00cb17a0-5a13-4d02-b7fb-f99531bc8ca5,2025-03-22T23:00:00Z
Combo,Combo Lands,Dimlas,1,2487d124-210b-4808-888c-cd0a78aebd90,2025-03-22T23:00:00Z
Combo,Combo Lands,Dimlas,1,fa87bf1e-2062-4983-b1c4-98bffea69a4c,2025-03-22T23:00:00Z
Combo,Combo Lands,Dimlas,1,b3dd3c7d-4685-4579-b483-14ddaaaddf5b,2025-03-22T23:00:00Z
Combo,Combo Lands,Dimlas,1,15c34f32-49d9-4a0d-83b2-28172f54fdd1,2025-03-22T23:00:00Z
Control-Aggro (Midrange),Jund Midrange,Tinu,1,819a513c-3be6-4bdc-8ba6-1f7326a8f3ea,2025-03-22T23:00:00Z
Control-Aggro (Midrange),Jund Midrange,Tinu,1,73cc6df4-3564-4ace-bf8a-eac3e62d725a,2025-03-22T23:00:00Z
Control-Aggro (Midrange),Jund Midrange,Tinu,1,2b5315a4-6a78-456f-8d5a-fea9d62f3f0e,2025-03-22T23:00:00Z
Control-Aggro (Midrange),Jund Midrange,Tinu,1,3bd1ec98-8188-4649-899e-b0972509fc7e,2025-03-22T23:00:00Z
Control-Aggro (Midrange),Jund Midrange,Tinu,1,70496f16-c4c0-4c03-beef-454eb4824cd1,2025-03-22T23:00:00Z
Control-Aggro (Midrange),Jund Midrange,Tinu,1,3277ad99-5682-4baa-b106-de15721876a6,2025-03-22T23:00:00Z
Control-Aggro (Midrange),Jund Midrange,Tinu,1,24da9431-7e52-44f5-bc18-2f2d8a4ca81e,2025-03-22T23:00:00Z
Control-Aggro (Midrange),Jund Midrange,Tinu,1,45fd6e91-df76-497f-b642-33dc3d5f6a5a,2025-03-22T23:00:00Z
Control-Aggro (Midrange),Jund Midrange,Tinu,1,17db2b6a-eaa8-4a08-9e86-370bbd058574,2025-03-22T23:00:00Z
Control-Aggro (Midrange),Jund Midrange,Tinu,1,0e9aeaa8-9a75-4719-992f-cbb316f72175,2025-03-22T23:00:00Z
Control-Aggro (Midrange),Jund Midrange,Tinu,1,9d48aaff-46ab-411b-9456-171d4709f951,2025-03-22T23:00:00Z
Control-Aggro (Midrange),Jund Midrange,Tinu,1,1f2f7d4b-aa65-42ed-a441-8e35be96743c,2025-03-22T23:00:00Z
Control-Aggro (Midrange),Jund Midrange,Tinu,1,f9246b68-580f-4f53-883d-7900880e4b0d,2025-03-22T23:00:00Z
Control-Aggro (Midrange),Jund Midrange,Tinu,1,0d60eabe-b281-4eba-9c26-287364ed2067,2025-03-22T23:00:00Z
Control-Aggro (Midrange),Jund Midrange,Tinu,1,071daca8-ccc6-4707-843e-adac40dd1588,2025-03-22T23:00:00Z
Control-Aggro (Midrange),Jund Midrange,Tinu,1,5f6927e1-c580-483a-8e2a-6e2deb74800e,2025-03-22T23:00:00Z
Control-Aggro (Midrange),Jund Midrange,Tinu,1,d58d3545-043a-457a-8324-facc3c2363ec,2025-03-22T23:00:00Z
Control-Aggro (Midrange),Jund Midrange,Tinu,1,bf220c06-3cce-4bdd-aa58-83940c223e9c,2025-03-22T23:00:00Z
Control-Aggro (Midrange),Jund Midrange,Tinu,1,2dc16614-5cf8-444d-a5ae-cac25018af68,2025-03-22T23:00:00Z
Control-Aggro (Midrange),Jund Midrange,Tinu,1,63c59228-c742-4abd-b4d7-9f7880190e95,2025-03-22T23:00:00Z
Control-Aggro (Midrange),Jund Midrange,Tinu,1,2b73d294-6ab1-4051-9b0f-d8e335d37674,2025-03-22T23:00:00Z
Control-Aggro (Midrange),Jund Midrange,Tinu,1,377cee38-e769-47b0-abd5-0f528600f36a,2025-03-22T23:00:00Z
Control-Aggro (Midrange),Jund Midrange,Tinu,1,b5aaaee0-9a61-45df-821e-cce516f8de6a,2025-03-22T23:00:00Z
Control-Aggro (Midrange),Jund Midrange,Tinu,1,bbec97ff-bb84-4496-9e09-d4fc1570c516,2025-03-22T23:00:00Z
Control-Aggro (Midrange),Jund Midrange,Tinu,1,8870ef0b-cb1f-463b-8509-fece4743d3d4,2025-03-22T23:00:00Z
Control-Aggro (Midrange),Jund Midrange,Tinu,1,89f5cc05-5d9d-4709-b3c5-a6249c294acc,2025-03-22T23:00:00Z
Control-Aggro (Midrange),Jund Midrange,Tinu,1,2605df98-0b02-4aab-bc36-01e93c693743,2025-03-22T23:00:00Z
Control-Aggro (Midrange),Jund Midrange,Tinu,1,87d5e94b-0b35-4efd-9158-1767dcaea38c,2025-03-22T23:00:00Z
Control-Aggro (Midrange),Jund Midrange,Tinu,1,05bd329b-5707-42fc-af1c-084cc604e805,2025-03-22T23:00:00Z
Control-Aggro (Midrange),Jund Midrange,Tinu,1,0da69523-cece-425a-b08a-fb27fac29374,2025-03-22T23:00:00Z
Control-Aggro (Midrange),Jund Midrange,Tinu,1,a3bb2881-e8fb-4fba-a9f9-d93e6ca24378,2025-03-22T23:00:00Z
Aggro-Combo,Greenbased Aggro-Combo,Sili,1,e41cf82d-3213-47ce-a015-6e51a8b07e4f,2025-03-22T23:00:00Z
Aggro-Combo,Greenbased Aggro-Combo,Sili,1,a50d79fe-6d37-42f3-b7b0-0c3018282fa2,2025-03-22T23:00:00Z
Aggro-Combo,Greenbased Aggro-Combo,Sili,1,87cc2855-6b14-44dd-a398-7dc2bbae081f,2025-03-22T23:00:00Z
Aggro-Combo,Greenbased Aggro-Combo,Sili,1,aced2c55-7543-4076-bcdd-36c4d649b8ae,2025-03-22T23:00:00Z
Aggro-Combo,Greenbased Aggro-Combo,Sili,1,0020c31b-002a-4121-bc61-2c2c16e9afc8,2025-03-22T23:00:00Z
Aggro-Combo,Greenbased Aggro-Combo,Sili,1,d51269cf-a333-4a64-94cd-245798d840d2,2025-03-22T23:00:00Z
Aggro-Combo,Greenbased Aggro-Combo,Sili,1,01c6f877-6b00-4d57-8a88-36cd3b16edbc,2025-03-22T23:00:00Z
Aggro-Combo,Greenbased Aggro-Combo,Sili,1,01e7b0bc-1c6c-48f4-8b72-1a809f536c6c,2025-03-22T23:00:00Z
Aggro-Combo,Greenbased Aggro-Combo,Sili,1,60d0e6a6-629a-45a7-bfcb-25ba7156788b,2025-03-22T23:00:00Z
Aggro-Combo,Greenbased Aggro-Combo,Sili,1,d6ec3293-b09e-4931-ac4e-dc5eac0ca004,2025-03-22T23:00:00Z
Aggro-Combo,Greenbased Aggro-Combo,Sili,1,eeeffc0b-dc92-458e-ad58-86ff6077a508,2025-03-22T23:00:00Z
Aggro-Combo,Greenbased Aggro-Combo,Sili,1,6efb6a69-562c-4d95-858d-b067444cfd7e,2025-03-22T23:00:00Z
Aggro-Combo,Greenbased Aggro-Combo,Sili,1,25b0b816-0583-44aa-9dc5-f3ff48993a51,2025-03-22T23:00:00Z
Aggro-Combo,Greenbased Aggro-Combo,Sili,1,52eef0d6-24b7-40b7-8403-e8e863d0cd55,2025-03-22T23:00:00Z
Aggro-Combo,Greenbased Aggro-Combo,Sili,1,96c5607b-55fe-43c2-93fe-0084d84499d9,2025-03-22T23:00:00Z
Aggro-Combo,Greenbased Aggro-Combo,Sili,1,1dd64b1d-bcef-476c-bf0b-3ac7df7cbed3,2025-03-22T23:00:00Z
Aggro-Combo,Greenbased Aggro-Combo,Sili,1,0845f0b0-9413-4ddd-861d-9607636bebc6,2025-03-22T23:00:00Z
Aggro-Combo,Greenbased Aggro-Combo,Sili,1,329a8738-3e17-403a-857a-0ba529ce8cd1,2025-03-22T23:00:00Z
Aggro-Combo,Greenbased Aggro-Combo,Sili,1,ce54c7c1-3401-4414-8da0-5846cb0ae1b4,2025-03-22T23:00:00Z
Aggro-Combo,Greenbased Aggro-Combo,Sili,1,b0f61742-522c-4b36-97db-41d0c412a072,2025-03-22T23:00:00Z
Aggro-Combo,Greenbased Aggro-Combo,Sili,1,059164e1-894d-4586-9800-e60d6fbd6eb6,2025-03-22T23:00:00Z
Aggro-Combo,Greenbased Aggro-Combo,Sili,1,44afd414-cc69-4888-ba12-7ea87e60b1f7,2025-03-22T23:00:00Z
Aggro-Combo,Greenbased Aggro-Combo,Sili,1,71384418-173a-4f77-adab-56e52fa23692,2025-03-22T23:00:00Z
Aggro-Combo,Greenbased Aggro-Combo,Sili,1,de0e01e4-e143-47fd-8565-7b48219bb546,2025-03-22T23:00:00Z
Aggro-Combo,Greenbased Aggro-Combo,Sili,1,01794178-cf41-454c-ac37-1d8b18e42db2,2025-03-22T23:00:00Z
Aggro-Combo,Greenbased Aggro-Combo,Sili,1,7eb39e97-53c2-4df0-9fb3-a3d6a24ec41f,2025-03-22T23:00:00Z
Aggro-Combo,Greenbased Aggro-Combo,Sili,1,0e0d989d-7186-40dc-bdfe-cfbb77656bc8,2025-03-22T23:00:00Z
Combo,Artifacts,Andrin,1,068bb15a-fc2d-42a2-859b-837b946d23c0,2025-03-22T23:00:00Z
Combo,Artifacts,Andrin,1,7c024bae-5631-4e20-ac69-df392ac9e109,2025-03-22T23:00:00Z
Combo,Artifacts,Andrin,1,18adbda4-8d36-47cd-afbc-c785aaa8ed80,2025-03-22T23:00:00Z
Combo,Artifacts,Andrin,1,07c17b01-ee5d-491a-8403-b3f819b778c4,2025-03-22T23:00:00Z
Combo,Artifacts,Andrin,1,9814d8e8-c462-41ca-9909-1c659f488543,2025-03-22T23:00:00Z
Combo,Artifacts,Andrin,1,85a89077-b384-4fca-9d26-7297962c1541,2025-03-22T23:00:00Z
Combo,Artifacts,Andrin,1,441f8b2f-c8cb-4340-a92f-116c2276e906,2025-03-22T23:00:00Z
Combo,Artifacts,Andrin,1,98e7bf8f-dba7-4005-8cee-634c9153931d,2025-03-22T23:00:00Z
Combo,Artifacts,Andrin,1,0ce44270-a684-4489-9077-521456e6dfaa,2025-03-22T23:00:00Z
Combo,Artifacts,Andrin,1,69c68c95-b788-43b1-9f22-1b22c5a00b25,2025-03-22T23:00:00Z
Combo,Artifacts,Andrin,1,6982a82c-dd32-40d2-8dd2-ec92d0fc6c2d,2025-03-22T23:00:00Z
Combo,Artifacts,Andrin,1,e2312c49-1627-47ad-8113-78a999a97d8d,2025-03-22T23:00:00Z
Combo,Artifacts,Andrin,1,ff590af2-2d6c-4f16-a9b8-1a6dab6e9ad5,2025-03-22T23:00:00Z
Combo,Artifacts,Andrin,1,62d37423-3445-412a-9abd-0480da404637,2025-03-22T23:00:00Z
Combo,Artifacts,Andrin,1,f05e9a3e-8a35-4687-85cb-e31b3927a5e2,2025-03-22T23:00:00Z
Combo,Artifacts,Andrin,1,f823be95-bef4-4e86-a924-239be62394bf,2025-03-22T23:00:00Z
Combo,Artifacts,Andrin,1,c3896705-bbd2-4ffb-a590-ee78e0eabdc5,2025-03-22T23:00:00Z
Combo,Artifacts,Andrin,1,68841ca8-a043-4f30-9a17-e983ed960bc2,2025-03-22T23:00:00Z
Combo,Artifacts,Andrin,1,4df8aabc-7fcb-4b7b-980b-18f499e6c170,2025-03-22T23:00:00Z
Combo,Artifacts,Andrin,1,bf4b9a8a-b42a-46fb-b0d0-9cf800f63c8a,2025-03-22T23:00:00Z
Combo,Artifacts,Andrin,1,52d3005f-a1c7-4ef5-911f-ccc0752f4181,2025-03-22T23:00:00Z
Combo,Artifacts,Andrin,1,4216656e-90e8-45fc-a0f6-0d0d79d0a021,2025-03-22T23:00:00Z
Combo,Artifacts,Andrin,1,af09af65-0a3b-42df-b0fd-372e2158beac,2025-03-22T23:00:00Z
Combo,Artifacts,Andrin,1,6be9b1d5-9ab8-4adb-ba54-2c0117e842fa,2025-03-22T23:00:00Z
Combo,Artifacts,Andrin,1,1e2fee55-227b-4373-a3f7-b463f220033f,2025-03-22T23:00:00Z
Combo,Artifacts,Andrin,1,6a058e68-70af-4a64-859c-c881e5578368,2025-03-22T23:00:00Z
Combo,Artifacts,Andrin,1,985bdb0c-ce6c-4506-8163-76f3b2fdf5fb,2025-03-22T23:00:00Z
Combo,Artifacts,Andrin,1,a7a8b6b8-b95f-4014-b17a-a6d44d965995,2025-03-22T23:00:00Z
Combo,Artifacts,Andrin,1,2616aa0e-8413-4e63-877c-bffd5263f552,2025-03-22T23:00:00Z
Combo,Artifacts,Andrin,1,6bbf7394-9b17-45f8-a25b-d865e8452b2c,2025-03-22T23:00:00Z
Control,Domain Control,Lukas Stalder,1,553fb946-2706-475b-89f9-e4355ec9ea2b,2025-03-22T23:00:00Z
Control,Domain Control,Lukas Stalder,1,c4fffacd-81c7-44b8-9b59-2c7210022c14,2025-03-22T23:00:00Z
Control,Domain Control,Lukas Stalder,1,5eccf31d-869d-4003-a92b-71b4f4b479ee,2025-03-22T23:00:00Z
Control,Domain Control,Lukas Stalder,1,522aa72b-2b8c-484c-872b-f082101cee35,2025-03-22T23:00:00Z
Control,Domain Control,Lukas Stalder,1,0fe070f4-8877-4280-b8fd-869f3ac34ab6,2025-03-22T23:00:00Z
Control,Domain Control,Lukas Stalder,1,9b32531e-c759-4603-abd0-1724e8df70db,2025-03-22T23:00:00Z
Control,Domain Control,Lukas Stalder,1,0324641d-af55-4c53-b4dc-c8262e967da5,2025-03-22T23:00:00Z
Control,Domain Control,Lukas Stalder,1,d0e3e7b3-7ba9-47a2-b46c-a40bffb445e2,2025-03-22T23:00:00Z
Control,Domain Control,Lukas Stalder,1,d40b65c1-b24d-492d-81b9-d8474ebdc08c,2025-03-22T23:00:00Z
Control,Domain Control,Lukas Stalder,1,30377bf0-d9b1-4c14-8dde-f74b1e02d604,2025-03-22T23:00:00Z
Control,Domain Control,Lukas Stalder,1,a1febcf1-afa4-4406-9ac1-5bf98b2765d2,2025-03-22T23:00:00Z
Control,Domain Control,Lukas Stalder,1,32a180dd-9641-4546-8940-9b21084f0c71,2025-03-22T23:00:00Z
Control,Domain Control,Lukas Stalder,1,17f28b16-da65-41a8-ba4f-f1c5e104aad6,2025-03-22T23:00:00Z
Control,Domain Control,Lukas Stalder,1,729daf0e-b822-41bd-a908-ca8ec34032f0,2025-03-22T23:00:00Z
Control,Domain Control,Lukas Stalder,1,0359f212-9564-41a9-870b-d2c57455a695,2025-03-22T23:00:00Z
Control,Domain Control,Lukas Stalder,1,8683a978-1bef-4b01-9361-56b1fc157d26,2025-03-22T23:00:00Z
Control,Domain Control,Lukas Stalder,1,4a706ecf-3277-40e3-871c-4ba4ead16e20,2025-03-22T23:00:00Z
Control,Domain Control,Lukas Stalder,1,1132218d-56cd-441e-9006-df3c50344491,2025-03-22T23:00:00Z
Control,Domain Control,Lukas Stalder,1,1e3e8085-cfcd-4e88-b441-4d1f8ac63904,2025-03-22T23:00:00Z
Control,Domain Control,Lukas Stalder,1,3c3ac3dd-35db-447f-8674-37b4680a1ef7,2025-03-22T23:00:00Z
Control,Domain Control,Lukas Stalder,1,6151b583-3aa7-4be8-9d05-d5e53f19c6c9,2025-03-22T23:00:00Z
Control,Domain Control,Lukas Stalder,1,928036c9-11b8-493e-b9f2-8fbd3487cd19,2025-03-22T23:00:00Z
Control,Domain Control,Lukas Stalder,1,c17816e8-28b1-4295-a637-efb0e5c18873,2025-03-22T23:00:00Z
Control,Domain Control,Lukas Stalder,1,1066a94a-8e4f-4d77-820b-7a77a18116f0,2025-03-22T23:00:00Z
Control,Domain Control,Lukas Stalder,1,c3b92caa-3401-4b11-9515-152f3e057c05,2025-03-22T23:00:00Z
Control,Domain Control,Lukas Stalder,1,054f2276-2dd5-43da-bb26-c57c560861fe,2025-03-22T23:00:00Z
Control,Domain Control,Lukas Stalder,1,3462a3d0-5552-49fa-9eb7-100960c55891,2025-03-22T23:00:00Z
Control,Domain Control,Lukas Stalder,1,1e0c695d-62f9-4805-9e2f-7032e8464136,2025-03-22T23:00:00Z
Control,Domain Control,Lukas Stalder,1,1f9fb33a-3b39-4aff-93b8-aedafe0ea694,2025-03-22T23:00:00Z
Control,Domain Control,Lukas Stalder,1,229a0d4a-3777-451d-a2fb-f1a2fdf8019f,2025-03-22T23:00:00Z
Control,Domain Control,Lukas Stalder,1,15faa763-b897-4e86-b094-73f3236291a9,2025-03-22T23:00:00Z
Control,Domain Control,Lukas Stalder,1,fe30c0ff-f74b-456a-a61e-3720d84d713f,2025-03-22T23:00:00Z
Control,Domain Control,Lukas Stalder,1,1a55c370-d396-4c73-8ee2-83dc4c124005,2025-03-22T23:00:00Z
Control,Domain Control,Lukas Stalder,1,02138fbb-3962-4348-8d31-faaefba0b8b2,2025-03-22T23:00:00Z
