draws,player1,player1Wins,player2,player2Wins,round,tournamentDate
0,Joel R.,1,Sili,2,1,2024-09-21T22:00:00Z
1,Andrin,1,Tinu,1,1,2024-09-21T22:00:00Z
0,Sam,1,Guy,2,1,2024-09-21T22:00:00Z
0,Noe T.,0,Lukas Stalder,2,1,2024-09-21T22:00:00Z
1,Yannik,1,Manuel,1,1,2024-09-21T22:00:00Z
0,Joel K.,1,Dimlas,2,1,2024-09-21T22:00:00Z
0,Yannik,0,Tinu,2,2,2024-09-21T22:00:00Z
0,Guy,0,Lukas Stalder,2,2,2024-09-21T22:00:00Z
0,Andrin,0,Manuel,2,2,2024-09-21T22:00:00Z
0,Noe T.,0,Joel R.,2,2,2024-09-21T22:00:00Z
0,Sam,2,Joel K.,1,2,2024-09-21T22:00:00Z
0,Sili,0,Dimlas,2,2,2024-09-21T22:00:00Z
0,Guy,0,Sili,2,3,2024-09-21T22:00:00Z
0,Sam,1,Joel R.,2,3,2024-09-21T22:00:00Z
1,Noe T.,1,Joel K.,1,3,2024-09-21T22:00:00Z
0,Yannik,0,Andrin,2,3,2024-09-21T22:00:00Z
0,Tinu,2,Manuel,0,3,2024-09-21T22:00:00Z
0,Lukas Stalder,1,Dimlas,2,3,2024-09-21T22:00:00Z
0,Sili,1,Lukas Stalder,2,4,2024-09-21T22:00:00Z
0,Dimlas,2,Tinu,1,4,2024-09-21T22:00:00Z
0,Sam,2,Noe T.,0,4,2024-09-21T22:00:00Z
0,Joel R.,2,Manuel,1,4,2024-09-21T22:00:00Z
0,Yannik,2,Joel K.,0,4,2024-09-21T22:00:00Z
0,Andrin,2,Guy,1,4,2024-09-21T22:00:00Z
