draws,player1,player1Wins,player2,player2Wins,round,tournamentDate
0,Tinu,0,Dimlas,2,1,2024-11-23T23:00:00Z
0,Manuel,0,Ivo,2,1,2024-11-23T23:00:00Z
0,Valentin,0,Guy,2,1,2024-11-23T23:00:00Z
0,Noe T.,2,Yannik,0,1,2024-11-23T23:00:00Z
0,Andrin,1,Tommy,2,1,2024-11-23T23:00:00Z
0,Joel K.,0,Sili,2,1,2024-11-23T23:00:00Z
0,Dimlas,2,Guy,0,2,2024-11-23T23:00:00Z
0,Manuel,0,Andrin,2,2,2024-11-23T23:00:00Z
0,Tinu,2,Yannik,0,2,2024-11-23T23:00:00Z
0,Sili,2,Noe T.,1,2,2024-11-23T23:00:00Z
0,Tommy,2,Ivo,0,2,2024-11-23T23:00:00Z
0,Valentin,2,Joel K.,0,2,2024-11-23T23:00:00Z
1,Joel K.,1,Yannik,1,3,2024-11-23T23:00:00Z
0,Ivo,2,Andrin,1,3,2024-11-23T23:00:00Z
0,Tinu,2,Noe T.,0,3,2024-11-23T23:00:00Z
0,Valentin,2,Manuel,1,3,2024-11-23T23:00:00Z
0,Dimlas,2,Tommy,1,3,2024-11-23T23:00:00Z
0,Sili,2,Guy,0,3,2024-11-23T23:00:00Z
0,Yannik,1,Manuel,2,4,2024-11-23T23:00:00Z
0,Noe T.,1,Andrin,2,4,2024-11-23T23:00:00Z
0,Tinu,1,Tommy,2,4,2024-11-23T23:00:00Z
0,Joel K.,0,Guy,2,4,2024-11-23T23:00:00Z
0,Dimlas,2,Sili,0,4,2024-11-23T23:00:00Z
0,Ivo,2,Valentin,0,4,2024-11-23T23:00:00Z
