archetype,decktype,player,quantity,scryfallId,tournament
Combo,Storm,Ivo,1,9a9a1df5-a4e8-49a4-aebe-ca93894ccfcf,2025-07-11T22:00:00Z
Combo,Storm,Ivo,1,672b9b16-daef-44e6-9a3a-cfd9f3c78bc7,2025-07-11T22:00:00Z
Combo,Storm,Ivo,1,bb41ff5c-9617-4033-a4fa-99323640b9c3,2025-07-11T22:00:00Z
Combo,Storm,Ivo,1,06cb1bd6-73e0-4104-b344-4bc52d7dcedf,2025-07-11T22:00:00Z
Combo,Storm,Ivo,1,612b2e6e-fe8d-49ad-b845-6fa7fa59ffd1,2025-07-11T22:00:00Z
Combo,Storm,Ivo,1,416d2d51-8f29-4e95-b037-e8c32b081e6c,2025-07-11T22:00:00Z
Combo,Storm,Ivo,1,cc520518-2063-4b57-a0d4-10cf62a7175e,2025-07-11T22:00:00Z
Combo,Storm,Ivo,1,a9225cc3-90f0-448f-a8d9-7c6c2796d077,2025-07-11T22:00:00Z
Combo,Storm,Ivo,1,1e2fee55-227b-4373-a3f7-b463f220033f,2025-07-11T22:00:00Z
Combo,Storm,Ivo,1,e7b3ddca-69ef-4743-897b-57c58077db24,2025-07-11T22:00:00Z
Combo,Storm,Ivo,1,3a2d7cf9-dddb-4de3-b4f2-c52e3ec8fb4b,2025-07-11T22:00:00Z
Combo,Storm,Ivo,1,758f95f8-bcb0-43ae-b474-56ebd855951e,2025-07-11T22:00:00Z
Combo,Storm,Ivo,1,56995b84-2307-4955-9c7c-dc4f04acdc07,2025-07-11T22:00:00Z
Combo,Storm,Ivo,1,4a08ca06-58db-4ce6-b490-be4bea8956a1,2025-07-11T22:00:00Z
Combo,Storm,Ivo,1,bd8fa327-dd41-4737-8f19-2cf5eb1f7cdd,2025-07-11T22:00:00Z
Combo,Storm,Ivo,1,62d37423-3445-412a-9abd-0480da404637,2025-07-11T22:00:00Z
Combo,Storm,Ivo,1,06c0c35d-a26e-473a-9206-8fbda7191700,2025-07-11T22:00:00Z
Combo,Storm,Ivo,1,efda91fa-03b2-4fb4-ae07-b45f6c6d3eab,2025-07-11T22:00:00Z
Combo,Storm,Ivo,1,486d7edc-d983-41f0-8b78-c99aecd72996,2025-07-11T22:00:00Z
Combo,Storm,Ivo,1,5ab21006-7f61-49e0-8b6a-0397c5d4c3bd,2025-07-11T22:00:00Z
Combo,Storm,Ivo,1,68924203-c3d9-41ce-8ca8-c6dd491eb3ca,2025-07-11T22:00:00Z
Combo,Storm,Ivo,1,995486ce-58bb-4753-a812-0ca73ef1a235,2025-07-11T22:00:00Z
Combo,Storm,Ivo,1,8c2996d9-3287-4480-8c04-7a378e37e3cf,2025-07-11T22:00:00Z
Combo,Storm,Ivo,1,6f26faca-f338-4ce5-a218-6a61d40fc50a,2025-07-11T22:00:00Z
Combo,Storm,Ivo,1,f05e9a3e-8a35-4687-85cb-e31b3927a5e2,2025-07-11T22:00:00Z
Combo,Storm,Ivo,1,6920c895-bc98-4871-a53f-219fa27a74e5,2025-07-11T22:00:00Z
Combo,Storm,Ivo,1,d2124603-d20e-40eb-97f0-a66323397ac2,2025-07-11T22:00:00Z
Combo,Storm,Ivo,1,d6ec3293-b09e-4931-ac4e-dc5eac0ca004,2025-07-11T22:00:00Z
Combo,Storm,Ivo,1,0e51d796-7279-4c06-87f0-37adbdaa41df,2025-07-11T22:00:00Z
Combo-Control,Draw 7,Guy,1,ce648aa3-098b-4af0-a433-fd290bc85904,2025-07-11T22:00:00Z
Combo-Control,Draw 7,Guy,1,2b73d294-6ab1-4051-9b0f-d8e335d37674,2025-07-11T22:00:00Z
Combo-Control,Draw 7,Guy,1,23b95b26-0bbf-4fa1-80c1-f621f1a1b947,2025-07-11T22:00:00Z
Combo-Control,Draw 7,Guy,1,45026d57-0324-4312-8b86-2e7d4f581ee9,2025-07-11T22:00:00Z
Combo-Control,Draw 7,Guy,1,4b4956a2-9a39-4152-9c98-70e4b2acfa26,2025-07-11T22:00:00Z
Combo-Control,Draw 7,Guy,1,907b3d1d-8c85-4707-80b5-c4d832df9846,2025-07-11T22:00:00Z
Combo-Control,Draw 7,Guy,1,1785cb18-c291-4fd5-b8c7-ace893c32e49,2025-07-11T22:00:00Z
Combo-Control,Draw 7,Guy,1,2bf2da97-3331-4614-b4ff-f03d061500a7,2025-07-11T22:00:00Z
Combo-Control,Draw 7,Guy,1,fa7a55aa-ae61-4933-b7a4-dcc55dac6fcd,2025-07-11T22:00:00Z
Combo-Control,Draw 7,Guy,1,bf220c06-3cce-4bdd-aa58-83940c223e9c,2025-07-11T22:00:00Z
Combo-Control,Draw 7,Guy,1,0ce44270-a684-4489-9077-521456e6dfaa,2025-07-11T22:00:00Z
Combo-Control,Draw 7,Guy,1,17260fff-b239-4af4-9306-3236ae3fa5a5,2025-07-11T22:00:00Z
Combo-Control,Draw 7,Guy,1,310a1c46-8331-4a09-9fcb-d942f8102364,2025-07-11T22:00:00Z
Combo-Control,Draw 7,Guy,1,4a706ecf-3277-40e3-871c-4ba4ead16e20,2025-07-11T22:00:00Z
Combo-Control,Draw 7,Guy,1,3f3c77ad-fce8-4506-90e1-7ef71552a71c,2025-07-11T22:00:00Z
Combo-Control,Draw 7,Guy,1,0f7585c8-9e21-4eef-afc1-2852de23db2f,2025-07-11T22:00:00Z
Combo-Control,Draw 7,Guy,1,3c3ac3dd-35db-447f-8674-37b4680a1ef7,2025-07-11T22:00:00Z
Combo-Control,Draw 7,Guy,1,1066a94a-8e4f-4d77-820b-7a77a18116f0,2025-07-11T22:00:00Z
Combo-Control,Draw 7,Guy,1,49bb0ad3-1082-41f1-82a4-52a4006cc9b6,2025-07-11T22:00:00Z
Combo-Control,Draw 7,Guy,1,4b0bd07e-cf80-4d64-af29-f4cec6632b3e,2025-07-11T22:00:00Z
Combo-Control,Draw 7,Guy,1,ff590af2-2d6c-4f16-a9b8-1a6dab6e9ad5,2025-07-11T22:00:00Z
Combo-Control,Draw 7,Guy,1,8c39f9b4-02b9-4d44-b8d6-4fd02ebbb0c5,2025-07-11T22:00:00Z
Combo-Control,Draw 7,Guy,1,b256ddc8-8b12-434c-a610-1a872e948f2f,2025-07-11T22:00:00Z
Combo-Control,Draw 7,Guy,1,6989018c-37b1-4282-a4af-9cc97f160b4d,2025-07-11T22:00:00Z
Combo-Control,Draw 7,Guy,1,fa87bf1e-2062-4983-b1c4-98bffea69a4c,2025-07-11T22:00:00Z
Combo-Control,Draw 7,Guy,1,d67be074-cdd4-41d9-ac89-0a0456c4e4b2,2025-07-11T22:00:00Z
Combo-Control,Draw 7,Guy,1,079e6263-e54c-4899-a336-5315909b9322,2025-07-11T22:00:00Z
Combo-Control,Draw 7,Guy,1,bbec97ff-bb84-4496-9e09-d4fc1570c516,2025-07-11T22:00:00Z
Combo-Control,Draw 7,Guy,1,1c7d50d6-b63a-4d8c-88fa-1d78ae693a45,2025-07-11T22:00:00Z
Combo-Control,Draw 7,Guy,1,247939d9-87e9-4f01-b223-fb4cfa7dbbe1,2025-07-11T22:00:00Z
Combo-Control,Draw 7,Guy,1,26d40e03-6de4-4373-9fbf-04c1dd79e995,2025-07-11T22:00:00Z
Combo-Control,Draw 7,Guy,1,2b5801fb-2026-4f25-98bc-ebb2f99684b9,2025-07-11T22:00:00Z
Combo-Control,Draw 7,Guy,1,f6ca59cd-8779-4a84-a54b-e863b79c61f0,2025-07-11T22:00:00Z
Combo-Control,Draw 7,Guy,1,5eccf31d-869d-4003-a92b-71b4f4b479ee,2025-07-11T22:00:00Z
Combo-Control,Draw 7,Guy,1,14065271-d942-42a8-aa38-d8a622c0375d,2025-07-11T22:00:00Z
Combo,Flash,Tinu,1,0783b426-a527-42c1-9271-be28b229e1c6,2025-07-11T22:00:00Z
Combo,Flash,Tinu,1,17db2b6a-eaa8-4a08-9e86-370bbd058574,2025-07-11T22:00:00Z
Combo,Flash,Tinu,1,0027e5ca-8046-40a0-bd73-79be55f28bff,2025-07-11T22:00:00Z
Combo,Flash,Tinu,1,53d4fd57-74b6-42c7-88b1-110e5a8dfc3c,2025-07-11T22:00:00Z
Combo,Flash,Tinu,1,c3896705-bbd2-4ffb-a590-ee78e0eabdc5,2025-07-11T22:00:00Z
Combo,Flash,Tinu,1,f1e5cafb-b0e6-4ee5-8c58-6f8e5ef2b9da,2025-07-11T22:00:00Z
Combo,Flash,Tinu,1,2be39749-ad6f-4160-99eb-c677eee7f1b2,2025-07-11T22:00:00Z
Combo,Flash,Tinu,1,18bd50f2-c3ba-4217-a2d5-bb771e199706,2025-07-11T22:00:00Z
Combo,Flash,Tinu,1,19477aca-b8db-4061-9a78-ebb189a9df22,2025-07-11T22:00:00Z
Combo,Flash,Tinu,1,68841ca8-a043-4f30-9a17-e983ed960bc2,2025-07-11T22:00:00Z
Combo,Flash,Tinu,1,3ca1e1de-b916-445f-b3b2-0f4d0cc7ceeb,2025-07-11T22:00:00Z
Combo,Flash,Tinu,1,4acaef84-55d1-43dc-b10a-696182e6709b,2025-07-11T22:00:00Z
Combo,Flash,Tinu,1,ee8e9928-d9b2-4570-adb8-44b34115decd,2025-07-11T22:00:00Z
Combo,Flash,Tinu,1,568dd5a6-86f4-4039-87d7-812120c8ab94,2025-07-11T22:00:00Z
Combo,Flash,Tinu,1,18f23daa-bc59-456a-8a28-3823e51bc74b,2025-07-11T22:00:00Z
Combo,Flash,Tinu,1,0ad38866-fc5f-4f62-89c1-afc0f50765aa,2025-07-11T22:00:00Z
Combo,Flash,Tinu,1,4cbdacc1-7a1b-4633-85f5-eb50c2bf406d,2025-07-11T22:00:00Z
Combo,Flash,Tinu,1,35f1a6ba-e46f-44fb-93f4-fb883d677b36,2025-07-11T22:00:00Z
Combo,Flash,Tinu,1,3462a3d0-5552-49fa-9eb7-100960c55891,2025-07-11T22:00:00Z
Combo,Flash,Tinu,1,02d6d693-f1f3-4317-bcc0-c21fa8490d38,2025-07-11T22:00:00Z
Combo,Flash,Tinu,1,a1febcf1-afa4-4406-9ac1-5bf98b2765d2,2025-07-11T22:00:00Z
Combo,Flash,Tinu,1,d5c782cc-c951-4c6f-a93f-774ae6c1c214,2025-07-11T22:00:00Z
Combo,Flash,Tinu,1,07c17b01-ee5d-491a-8403-b3f819b778c4,2025-07-11T22:00:00Z
Combo,Flash,Tinu,1,63af3c26-5b1f-46f6-9aa2-036c615bf5ea,2025-07-11T22:00:00Z
Combo,Flash,Tinu,1,95c14c4d-6c16-4826-8d93-d89ad04aee09,2025-07-11T22:00:00Z
Combo,Flash,Tinu,1,2b5315a4-6a78-456f-8d5a-fea9d62f3f0e,2025-07-11T22:00:00Z
Combo,Flash,Tinu,1,15faa763-b897-4e86-b094-73f3236291a9,2025-07-11T22:00:00Z
Combo,Flash,Tinu,1,01d1e394-1b0c-4b40-ba85-f55973703d41,2025-07-11T22:00:00Z
Combo,Flash,Tinu,1,24a5cc2c-0fbf-4a5f-b175-6e0ffd0d0787,2025-07-11T22:00:00Z
Combo,Flash,Tinu,1,5f1cdcba-a04a-4a2f-8bc1-0dd7fa03754d,2025-07-11T22:00:00Z
Control-Aggro (Midrange),Golgari Midrange,Filipe,1,5ad67b3c-cd5a-497b-8639-9b844e8d517a,2025-07-11T22:00:00Z
Control-Aggro (Midrange),Golgari Midrange,Filipe,1,66d80dd1-b944-4cb2-8578-b4dbcabbbc1e,2025-07-11T22:00:00Z
Control-Aggro (Midrange),Golgari Midrange,Filipe,1,2ae6828e-ff19-45db-8b59-61616353491f,2025-07-11T22:00:00Z
Control-Aggro (Midrange),Golgari Midrange,Filipe,1,1fdcc0c3-4029-4fc3-a486-5d7f45c910bd,2025-07-11T22:00:00Z
Control-Aggro (Midrange),Golgari Midrange,Filipe,1,0eee981e-5d26-4810-90e1-432f3c3107f2,2025-07-11T22:00:00Z
Control-Aggro (Midrange),Golgari Midrange,Filipe,1,3d3025a2-4a17-4137-ba0b-bd676c6f5f88,2025-07-11T22:00:00Z
Control-Aggro (Midrange),Golgari Midrange,Filipe,1,b6cb2549-e485-44d6-9d65-7605c568909e,2025-07-11T22:00:00Z
Control-Aggro (Midrange),Golgari Midrange,Filipe,1,1f9fb33a-3b39-4aff-93b8-aedafe0ea694,2025-07-11T22:00:00Z
Control-Aggro (Midrange),Golgari Midrange,Filipe,1,6aa5cc65-f8f1-4f6f-8b4e-2fedccbda684,2025-07-11T22:00:00Z
Control-Aggro (Midrange),Golgari Midrange,Filipe,1,6151b583-3aa7-4be8-9d05-d5e53f19c6c9,2025-07-11T22:00:00Z
Control-Aggro (Midrange),Golgari Midrange,Filipe,1,6f11029a-b24d-4248-834f-b852b56857f6,2025-07-11T22:00:00Z
Control-Aggro (Midrange),Golgari Midrange,Filipe,1,69af2825-18c2-4463-b6ba-42eaa070ccc1,2025-07-11T22:00:00Z
Control-Aggro (Midrange),Golgari Midrange,Filipe,1,329a8738-3e17-403a-857a-0ba529ce8cd1,2025-07-11T22:00:00Z
Control-Aggro (Midrange),Golgari Midrange,Filipe,1,87d5e94b-0b35-4efd-9158-1767dcaea38c,2025-07-11T22:00:00Z
Control-Aggro (Midrange),Golgari Midrange,Filipe,2,01c6f877-6b00-4d57-8a88-36cd3b16edbc,2025-07-11T22:00:00Z
Control-Aggro (Midrange),Golgari Midrange,Filipe,1,60d0e6a6-629a-45a7-bfcb-25ba7156788b,2025-07-11T22:00:00Z
Control-Aggro (Midrange),Golgari Midrange,Filipe,1,4720b4f2-e6af-4223-9250-a0ed21ed5693,2025-07-11T22:00:00Z
Control-Aggro (Midrange),Golgari Midrange,Filipe,1,c4fffacd-81c7-44b8-9b59-2c7210022c14,2025-07-11T22:00:00Z
Control-Aggro (Midrange),Golgari Midrange,Filipe,1,8683a978-1bef-4b01-9361-56b1fc157d26,2025-07-11T22:00:00Z
Control-Aggro (Midrange),Golgari Midrange,Filipe,1,e6befbc4-1320-4f26-bd9f-b1814fedda10,2025-07-11T22:00:00Z
Control-Aggro (Midrange),Golgari Midrange,Filipe,1,70496f16-c4c0-4c03-beef-454eb4824cd1,2025-07-11T22:00:00Z
Control-Aggro (Midrange),Golgari Midrange,Filipe,1,2b20d3e1-62ef-44db-8109-a33d4fa3e7f1,2025-07-11T22:00:00Z
Control-Aggro (Midrange),Golgari Midrange,Filipe,1,c78da035-6b5b-4136-9ab6-f622b64fdc54,2025-07-11T22:00:00Z
Control-Aggro (Midrange),Golgari Midrange,Filipe,1,f9246b68-580f-4f53-883d-7900880e4b0d,2025-07-11T22:00:00Z
Control-Aggro (Midrange),Golgari Midrange,Filipe,1,41e108a5-4e2f-42cf-9ea1-87bf3c0a2b7f,2025-07-11T22:00:00Z
Control,Grixis Control,Andrin,1,0c3d7e2c-a104-4757-9984-fb31088f92c4,2025-07-11T22:00:00Z
Control,Grixis Control,Andrin,1,24da9431-7e52-44f5-bc18-2f2d8a4ca81e,2025-07-11T22:00:00Z
Control,Grixis Control,Andrin,1,ff84ea71-e477-44f7-a3f8-77fef708efeb,2025-07-11T22:00:00Z
Control,Grixis Control,Andrin,1,985bdb0c-ce6c-4506-8163-76f3b2fdf5fb,2025-07-11T22:00:00Z
Control,Grixis Control,Andrin,1,52d3005f-a1c7-4ef5-911f-ccc0752f4181,2025-07-11T22:00:00Z
Control,Grixis Control,Andrin,1,cea3b218-0e6e-443a-84f7-380f1021e8e1,2025-07-11T22:00:00Z
Control,Grixis Control,Andrin,1,ebc01ab4-d89a-4d25-bf54-6aed33772f4b,2025-07-11T22:00:00Z
Control,Grixis Control,Andrin,1,139b90cd-8272-457a-be32-1298145345be,2025-07-11T22:00:00Z
Control,Grixis Control,Andrin,1,ebeafbc2-0399-4335-8f63-76a3e085e8c6,2025-07-11T22:00:00Z
Control,Grixis Control,Andrin,1,cb94a02f-4660-45b6-8a39-941b710cf8f3,2025-07-11T22:00:00Z
Control,Grixis Control,Andrin,1,6efb6a69-562c-4d95-858d-b067444cfd7e,2025-07-11T22:00:00Z
Control,Grixis Control,Andrin,1,54f449ff-4025-465e-9ec5-a5cf42c4c9d3,2025-07-11T22:00:00Z
Control,Grixis Control,Andrin,1,1af92296-455a-425e-9397-a96d09937767,2025-07-11T22:00:00Z
Control,Grixis Control,Andrin,1,c2089ec9-0665-448f-bfe9-d181de127814,2025-07-11T22:00:00Z
Control,Grixis Control,Andrin,1,7c884e1e-fecb-4330-b3de-5fc2a60f7173,2025-07-11T22:00:00Z
Control,Grixis Control,Andrin,1,261ac92e-c61a-4c11-aa6a-9ae1cb703e5c,2025-07-11T22:00:00Z
Control,Grixis Control,Andrin,1,e4e6794a-feeb-4fc8-a2ee-38c75c18aaae,2025-07-11T22:00:00Z
Control,Grixis Control,Andrin,1,327cf118-cc92-4073-85d0-94d2a0a6989a,2025-07-11T22:00:00Z
Control,Grixis Control,Andrin,1,6bbf7394-9b17-45f8-a25b-d865e8452b2c,2025-07-11T22:00:00Z
Control,Grixis Control,Andrin,1,3c02b8ee-84cb-44cb-ba14-9e725a9d03ee,2025-07-11T22:00:00Z
Control,Grixis Control,Andrin,1,55d35442-5ca0-4fd7-8ff1-b7347b3e6690,2025-07-11T22:00:00Z
Control,Grixis Control,Andrin,1,69c68c95-b788-43b1-9f22-1b22c5a00b25,2025-07-11T22:00:00Z
Control,Grixis Control,Andrin,1,7f7e780e-fbc5-4dc0-b5c7-efcb8645c7c6,2025-07-11T22:00:00Z
Control,Grixis Control,Andrin,1,b598c93e-dae1-4d71-a9e4-917abf76d2d0,2025-07-11T22:00:00Z
Control-Aggro (Midrange),Nadu,Noe T.,1,a249b1f4-2b22-4b67-a207-e0c4ae95d2e1,2025-07-11T22:00:00Z
Control-Aggro (Midrange),Nadu,Noe T.,1,c17816e8-28b1-4295-a637-efb0e5c18873,2025-07-11T22:00:00Z
Control-Aggro (Midrange),Nadu,Noe T.,1,729daf0e-b822-41bd-a908-ca8ec34032f0,2025-07-11T22:00:00Z
Control-Aggro (Midrange),Nadu,Noe T.,1,94b67489-5eb0-4406-9bf3-27e50dc632eb,2025-07-11T22:00:00Z
Control-Aggro (Midrange),Nadu,Noe T.,1,30377bf0-d9b1-4c14-8dde-f74b1e02d604,2025-07-11T22:00:00Z
Control-Aggro (Midrange),Nadu,Noe T.,1,1b6ef5f5-4058-4f89-a573-9e2da87a9f2e,2025-07-11T22:00:00Z
Control-Aggro (Midrange),Nadu,Noe T.,1,4a0bb5dc-75a6-4bd6-81f8-611197fb0fba,2025-07-11T22:00:00Z
Control-Aggro (Midrange),Nadu,Noe T.,1,01794178-cf41-454c-ac37-1d8b18e42db2,2025-07-11T22:00:00Z
Control-Aggro (Midrange),Nadu,Noe T.,1,37dbe1a3-3c44-452b-9fb9-37f5d793d0b5,2025-07-11T22:00:00Z
Control-Aggro (Midrange),Nadu,Noe T.,1,1571b584-9007-45ee-a3c3-6c72f227fee2,2025-07-11T22:00:00Z
Control-Aggro (Midrange),Nadu,Noe T.,1,0c9a7cb0-5bff-48ff-b620-2838816ac9b5,2025-07-11T22:00:00Z
Control-Aggro (Midrange),Nadu,Noe T.,1,2398892d-28e9-4009-81ec-0d544af79d2b,2025-07-11T22:00:00Z
Control-Aggro (Midrange),Nadu,Noe T.,1,b841bfa8-7c17-4df2-8466-780ab9a4a53a,2025-07-11T22:00:00Z
Control-Aggro (Midrange),Nadu,Noe T.,1,1ea179e9-9c0d-46c1-9ee8-60be68e1f79c,2025-07-11T22:00:00Z
Control-Aggro (Midrange),Nadu,Noe T.,1,89f5cc05-5d9d-4709-b3c5-a6249c294acc,2025-07-11T22:00:00Z
Control-Aggro (Midrange),Nadu,Noe T.,1,0055ea30-20fb-4324-a632-8fed87628f05,2025-07-11T22:00:00Z
Control-Aggro (Midrange),Nadu,Noe T.,1,5de097e5-e960-4404-a370-defe93ce892f,2025-07-11T22:00:00Z
Control-Aggro (Midrange),Nadu,Noe T.,1,1a55c370-d396-4c73-8ee2-83dc4c124005,2025-07-11T22:00:00Z
Control-Aggro (Midrange),Nadu,Noe T.,1,1453f92e-df2d-4789-aa1b-a5b5c51567d4,2025-07-11T22:00:00Z
Control-Aggro (Midrange),Nadu,Noe T.,1,b689a206-aec3-4a31-95cf-3d4b840db04c,2025-07-11T22:00:00Z
Control-Aggro (Midrange),Nadu,Noe T.,1,0359f212-9564-41a9-870b-d2c57455a695,2025-07-11T22:00:00Z
Control-Aggro (Midrange),Nadu,Noe T.,1,2616aa0e-8413-4e63-877c-bffd5263f552,2025-07-11T22:00:00Z
Control-Aggro (Midrange),Nadu,Noe T.,1,8db735ea-f9cf-4e3c-9200-4f180df55baa,2025-07-11T22:00:00Z
Control-Aggro (Midrange),Nadu,Noe T.,1,19adde22-e5eb-4815-beb6-c520b3274cc9,2025-07-11T22:00:00Z
Control-Aggro (Midrange),Nadu,Noe T.,1,71384418-173a-4f77-adab-56e52fa23692,2025-07-11T22:00:00Z
Control-Aggro (Midrange),Nadu,Noe T.,1,c3b92caa-3401-4b11-9515-152f3e057c05,2025-07-11T22:00:00Z
Control-Aggro (Midrange),Nadu,Noe T.,1,e2312c49-1627-47ad-8113-78a999a97d8d,2025-07-11T22:00:00Z
Control-Aggro (Midrange),Nadu,Noe T.,1,ce54c7c1-3401-4414-8da0-5846cb0ae1b4,2025-07-11T22:00:00Z
Control-Aggro (Midrange),Nadu,Noe T.,1,0e9aeaa8-9a75-4719-992f-cbb316f72175,2025-07-11T22:00:00Z
Control-Aggro (Midrange),Nadu,Noe T.,1,3b6e5956-f795-451b-bb24-56462d1ced27,2025-07-11T22:00:00Z
Control,Artifacts Control,Sam,1,e9be371c-c688-44ad-ab71-bd4c9f242d58,2025-07-11T22:00:00Z
Control,Artifacts Control,Sam,1,97d08a15-e61c-4421-a541-c68a4f87cb74,2025-07-11T22:00:00Z
Control,Artifacts Control,Sam,1,2d9b12cc-f616-4b52-91eb-a430e70f9251,2025-07-11T22:00:00Z
Control,Artifacts Control,Sam,1,c1e0f201-42cb-46a1-901a-65bb4fc18f6c,2025-07-11T22:00:00Z
Control,Artifacts Control,Sam,1,d91a527d-51f1-4fb1-9016-fc923fd43a6a,2025-07-11T22:00:00Z
Control,Artifacts Control,Sam,1,7c353e83-4b63-4bc6-b029-273d2eca1f75,2025-07-11T22:00:00Z
Control,Artifacts Control,Sam,1,bf4b9a8a-b42a-46fb-b0d0-9cf800f63c8a,2025-07-11T22:00:00Z
Control,Artifacts Control,Sam,1,924a24e7-91b8-4ceb-a136-7a765d98c994,2025-07-11T22:00:00Z
Control,Artifacts Control,Sam,1,ed0216a0-c5c9-4a99-b869-53e4d0256326,2025-07-11T22:00:00Z
Control,Artifacts Control,Sam,1,245cdc59-d560-4c10-b721-f51cc312e370,2025-07-11T22:00:00Z
Control,Artifacts Control,Sam,1,3b214b6f-4734-4200-8467-92d7e3469b5d,2025-07-11T22:00:00Z
Control,Artifacts Control,Sam,1,652236c2-84ef-45e4-b5fc-ed6170bc3d6c,2025-07-11T22:00:00Z
Control,Artifacts Control,Sam,1,18adbda4-8d36-47cd-afbc-c785aaa8ed80,2025-07-11T22:00:00Z
Control,Artifacts Control,Sam,1,6be9b1d5-9ab8-4adb-ba54-2c0117e842fa,2025-07-11T22:00:00Z
Control,Artifacts Control,Sam,1,80fca8c0-ae3e-439e-b202-228b9f360e9a,2025-07-11T22:00:00Z
Control,Artifacts Control,Sam,1,175b3d28-5c74-4972-9b5c-5e39762c78f4,2025-07-11T22:00:00Z
Control,Artifacts Control,Sam,1,cbac1d27-15e2-4e2f-82ab-625a16e096cb,2025-07-11T22:00:00Z
Control,Artifacts Control,Sam,1,74d29b3d-f588-431d-bf4e-f7215683ab39,2025-07-11T22:00:00Z
Control,Artifacts Control,Sam,1,02c532e8-21f1-4d6f-a931-1ea48a6aeea2,2025-07-11T22:00:00Z
Control,Artifacts Control,Sam,1,7c59e0cd-10a8-4a32-9c0a-a2c6ef1ed9a6,2025-07-11T22:00:00Z
Control,Artifacts Control,Sam,1,aced2c55-7543-4076-bcdd-36c4d649b8ae,2025-07-11T22:00:00Z
Control,Artifacts Control,Sam,1,a7a8b6b8-b95f-4014-b17a-a6d44d965995,2025-07-11T22:00:00Z
Control,Artifacts Control,Sam,1,70e33f45-7d47-423b-a123-8541f1d1afb4,2025-07-11T22:00:00Z
Control,Artifacts Control,Sam,1,af09af65-0a3b-42df-b0fd-372e2158beac,2025-07-11T22:00:00Z
Control,Artifacts Control,Sam,1,f252ae53-443c-4a27-b8f0-639a9a2b8598,2025-07-11T22:00:00Z
Control,Artifacts Control,Sam,1,162e81d3-6cd4-4cb8-8ed8-cfbd8d34ca71,2025-07-11T22:00:00Z
Control,Artifacts Control,Sam,1,fd99bce1-ce39-464b-8e61-2631eb3ed6f6,2025-07-11T22:00:00Z
Control,Artifacts Control,Sam,1,1a6f256b-943e-4cfb-9fc9-d1ded68b5f97,2025-07-11T22:00:00Z
Control,Artifacts Control,Sam,1,b34bf7fd-9fe3-43e2-8cfe-7ce7cff08afe,2025-07-11T22:00:00Z
Control,Artifacts Control,Sam,1,5d10b752-d9cb-419d-a5c4-d4ee1acb655e,2025-07-11T22:00:00Z
Control,Artifacts Control,Sam,1,605c2218-9d12-4ac3-a721-fca590b89847,2025-07-11T22:00:00Z
Control,Artifacts Control,Sam,1,33ca68a6-474e-4d86-bffa-ee4bddb4a3cf,2025-07-11T22:00:00Z
Control,Azorius Control,Tommy,1,fe30c0ff-f74b-456a-a61e-3720d84d713f,2025-07-11T22:00:00Z
Control,Azorius Control,Tommy,1,0d08f5e4-d2d3-4659-86d4-a983d80e3b2c,2025-07-11T22:00:00Z
Control,Azorius Control,Tommy,1,d5806e68-1054-458e-866d-1f2470f682b2,2025-07-11T22:00:00Z
Control,Azorius Control,Tommy,1,55707746-da6e-46e5-a5ca-7ac843fdc38e,2025-07-11T22:00:00Z
Control,Azorius Control,Tommy,1,8a720448-017f-4f4a-9501-678245eaed17,2025-07-11T22:00:00Z
Control,Azorius Control,Tommy,1,345a4aee-5846-4ae9-9af1-4c8fe8d692ec,2025-07-11T22:00:00Z
Control,Azorius Control,Tommy,1,af7091c9-5f98-4078-a42b-c9e057346d9b,2025-07-11T22:00:00Z
Control,Azorius Control,Tommy,1,1bd3fa8a-6c50-4f7f-9ae3-0810eec5e3db,2025-07-11T22:00:00Z
Control,Azorius Control,Tommy,1,a24e8dba-5c86-4e32-8a52-61402f7fe9f0,2025-07-11T22:00:00Z
Control,Azorius Control,Tommy,1,cf3eb762-6c3f-4b11-a4f9-968f79370217,2025-07-11T22:00:00Z
Control,Azorius Control,Tommy,1,641b21e1-9188-4bc3-96e8-cda2acbc5ed5,2025-07-11T22:00:00Z
Control,Azorius Control,Tommy,1,febaaeae-5c0d-45fa-8169-b27b4996f18e,2025-07-11T22:00:00Z
Control,Azorius Control,Tommy,1,5da578b8-19e6-4068-9336-e7cd33c585f1,2025-07-11T22:00:00Z
Control,Azorius Control,Tommy,1,2a717b98-cdac-416d-bf6c-f6b6638e65d1,2025-07-11T22:00:00Z
Control,Azorius Control,Tommy,1,e5145f31-a4ac-44ef-8f85-e4d95f2c9ff5,2025-07-11T22:00:00Z
Control,Azorius Control,Tommy,1,1e0c695d-62f9-4805-9e2f-7032e8464136,2025-07-11T22:00:00Z
Control,Azorius Control,Tommy,1,ea1feac0-d3a7-45eb-9719-1cdaf51ea0b6,2025-07-11T22:00:00Z
Control,Azorius Control,Tommy,1,ab1d1461-1625-4163-aacd-a939f4871fad,2025-07-11T22:00:00Z
Control,Azorius Control,Tommy,1,5a10b543-d5d4-42a8-9ee8-dada59a2ad7e,2025-07-11T22:00:00Z
Control,Azorius Control,Tommy,1,ab9f6a1b-8467-4584-affd-8c71d3e34d2f,2025-07-11T22:00:00Z
Control,Azorius Control,Tommy,1,9e7fb3c0-5159-4d1f-8490-ce4c9a60f567,2025-07-11T22:00:00Z
Control,Azorius Control,Tommy,1,fadb218d-29e2-42d1-a7a1-1066741d63ad,2025-07-11T22:00:00Z
Control,Azorius Control,Tommy,1,4df8aabc-7fcb-4b7b-980b-18f499e6c170,2025-07-11T22:00:00Z
Control,Azorius Control,Tommy,1,0c3bc412-689f-4385-807b-ed60d6276d76,2025-07-11T22:00:00Z
Control,Azorius Control,Tommy,1,045ce37b-86d2-4e56-84af-b6625b53d13c,2025-07-11T22:00:00Z
Aggro,Boros Aggro,Dimlas,1,522aa72b-2b8c-484c-872b-f082101cee35,2025-07-11T22:00:00Z
Aggro,Boros Aggro,Dimlas,1,fe964e7e-e2c5-4263-889d-0a531eb51442,2025-07-11T22:00:00Z
Aggro,Boros Aggro,Dimlas,1,3d8ca18d-9099-4f1e-95c1-f04da58a26bd,2025-07-11T22:00:00Z
Aggro,Boros Aggro,Dimlas,1,0cb33b46-4d1b-4f97-bfdc-d815aee111da,2025-07-11T22:00:00Z
Aggro,Boros Aggro,Dimlas,1,7d48d622-f397-4f31-b1a5-0c23f60aa71c,2025-07-11T22:00:00Z
Aggro,Boros Aggro,Dimlas,1,16c8d2fa-54a7-46e8-980c-905258497c90,2025-07-11T22:00:00Z
Aggro,Boros Aggro,Dimlas,1,7832abb5-5107-4603-904e-491b221bd3e3,2025-07-11T22:00:00Z
Aggro,Boros Aggro,Dimlas,1,72c6d541-e2cb-4d6e-acac-90a8f53b7006,2025-07-11T22:00:00Z
Aggro,Boros Aggro,Dimlas,1,5b8ba842-c662-4686-bca3-93ddb7fa11a6,2025-07-11T22:00:00Z
Aggro,Boros Aggro,Dimlas,1,76c3cad2-1e25-4abe-878d-9194de6fcc27,2025-07-11T22:00:00Z
Aggro,Boros Aggro,Dimlas,1,2c695df6-6bf2-4e6b-8500-e3116137ca27,2025-07-11T22:00:00Z
Aggro,Boros Aggro,Dimlas,1,0da69523-cece-425a-b08a-fb27fac29374,2025-07-11T22:00:00Z
Aggro,Boros Aggro,Dimlas,1,6a058e68-70af-4a64-859c-c881e5578368,2025-07-11T22:00:00Z
Aggro,Boros Aggro,Dimlas,1,b83cfbaa-7890-4f6f-878b-4edb45677371,2025-07-11T22:00:00Z
Aggro,Boros Aggro,Dimlas,1,825969b9-3c70-4fca-8cab-696e9ca7cdb2,2025-07-11T22:00:00Z
Aggro,Boros Aggro,Dimlas,1,4e117771-5a8b-4812-b487-32ba34b7f724,2025-07-11T22:00:00Z
Aggro,Boros Aggro,Dimlas,1,c7bbb911-9de2-455d-9677-e1004db65dbd,2025-07-11T22:00:00Z
Aggro,Boros Aggro,Dimlas,1,bd3d4b4b-cf31-4f89-8140-9650edb03c7b,2025-07-11T22:00:00Z
Aggro,Boros Aggro,Dimlas,1,0a26d900-c652-4f9c-8681-a35c5f8b1937,2025-07-11T22:00:00Z
Aggro,Boros Aggro,Dimlas,1,80c72839-0fa6-4b5f-83b7-6553ebf09bef,2025-07-11T22:00:00Z
Aggro,Boros Aggro,Dimlas,1,47a6234f-309f-4e03-9263-66da48b57153,2025-07-11T22:00:00Z
Aggro,Boros Aggro,Dimlas,1,1daf4348-05c5-4c55-bcf2-c7bec7988bfc,2025-07-11T22:00:00Z
Aggro,Boros Aggro,Dimlas,1,32aa6e33-221f-414c-9b51-850d97a7e051,2025-07-11T22:00:00Z
Aggro,Boros Aggro,Dimlas,1,09fd2d9c-1793-4beb-a3fb-7a869f660cd4,2025-07-11T22:00:00Z
Aggro,Boros Aggro,Dimlas,1,1e3e8085-cfcd-4e88-b441-4d1f8ac63904,2025-07-11T22:00:00Z
Aggro,Boros Aggro,Dimlas,1,187e887c-c39d-4d25-a506-cdc95fc70316,2025-07-11T22:00:00Z
Aggro,Boros Aggro,Dimlas,1,99ff731b-8399-40c8-b539-ba6ba5783771,2025-07-11T22:00:00Z
Aggro,Boros Aggro,Dimlas,1,bb9ad57f-cca2-4717-a951-cbe3c7782efe,2025-07-11T22:00:00Z
Aggro,Boros Aggro,Dimlas,1,a8069994-b103-40dc-9e14-062004914ec8,2025-07-11T22:00:00Z
Aggro,Boros Aggro,Dimlas,1,8e42df9e-95f2-4c79-9274-2d16e3cd91f1,2025-07-11T22:00:00Z
Aggro,Boros Aggro,Dimlas,1,0d16e8e0-31b2-4389-afd6-783c501f6fa0,2025-07-11T22:00:00Z
Aggro,Boros Aggro,Manuel,1,32a180dd-9641-4546-8940-9b21084f0c71,2025-07-11T22:00:00Z
Aggro,Boros Aggro,Manuel,1,f3537373-ef54-4578-9d05-6216420ee349,2025-07-11T22:00:00Z
Aggro,Boros Aggro,Manuel,1,773199f9-c83b-4a77-8342-9f1552ecf595,2025-07-11T22:00:00Z
Aggro,Boros Aggro,Manuel,1,c8090bcf-e17a-4110-a518-77ccd045b18f,2025-07-11T22:00:00Z
Aggro,Boros Aggro,Manuel,1,f46a9329-7b91-441d-8653-50c1152c9120,2025-07-11T22:00:00Z
Aggro,Boros Aggro,Manuel,1,071daca8-ccc6-4707-843e-adac40dd1588,2025-07-11T22:00:00Z
Aggro,Boros Aggro,Manuel,1,928036c9-11b8-493e-b9f2-8fbd3487cd19,2025-07-11T22:00:00Z
Aggro,Boros Aggro,Manuel,1,2dc16614-5cf8-444d-a5ae-cac25018af68,2025-07-11T22:00:00Z
Aggro,Boros Aggro,Manuel,1,f5881bbc-8600-464d-9dcd-5a7780918d1d,2025-07-11T22:00:00Z
Aggro,Boros Aggro,Manuel,1,5f6927e1-c580-483a-8e2a-6e2deb74800e,2025-07-11T22:00:00Z
Aggro,Boros Aggro,Manuel,1,c86b8a75-9e31-4a44-95b8-c83b9a49646f,2025-07-11T22:00:00Z
Aggro,Boros Aggro,Manuel,1,07313dd3-d0dc-40ca-98a3-fa4d39e5bcae,2025-07-11T22:00:00Z
Aggro,Boros Aggro,Manuel,1,21c950d7-b4f6-4902-8c9a-98f2933f9fa5,2025-07-11T22:00:00Z
Aggro,Boros Aggro,Manuel,1,b277752b-430a-4f09-8a98-b72f813dd52e,2025-07-11T22:00:00Z
Aggro,Boros Aggro,Manuel,1,33672990-4860-4aa6-ac1b-f9da66f5da59,2025-07-11T22:00:00Z
Aggro,Boros Aggro,Manuel,1,9a71531f-d4b6-4cc7-8193-b2f5bce33b21,2025-07-11T22:00:00Z
Aggro,Boros Aggro,Manuel,1,89af0f45-c11c-4f13-9950-b1489440ee5b,2025-07-11T22:00:00Z
Aggro,Boros Aggro,Manuel,1,9721f8da-39ed-4ada-a571-61e08a86032b,2025-07-11T22:00:00Z
Aggro,Boros Aggro,Manuel,1,4acf970d-d2d7-413d-aba7-587ee53d8d5c,2025-07-11T22:00:00Z
Aggro,Boros Aggro,Manuel,1,e58e681e-a069-4414-aafe-634c7987fd0d,2025-07-11T22:00:00Z
Aggro,Boros Aggro,Manuel,1,9d3a7998-ccac-45ad-a4e9-3a2cb057f63b,2025-07-11T22:00:00Z
Aggro,Boros Aggro,Manuel,1,45fd6e91-df76-497f-b642-33dc3d5f6a5a,2025-07-11T22:00:00Z
Aggro,Boros Aggro,Manuel,1,2b9b0195-beda-403e-bc27-7ae3be9f318c,2025-07-11T22:00:00Z
Aggro,Boros Aggro,Manuel,1,f83ed433-fae3-4fa5-acad-bb8a5b535ce3,2025-07-11T22:00:00Z
Aggro,Boros Aggro,Manuel,1,9814d8e8-c462-41ca-9909-1c659f488543,2025-07-11T22:00:00Z
Aggro,Boros Aggro,Manuel,1,0fe070f4-8877-4280-b8fd-869f3ac34ab6,2025-07-11T22:00:00Z
Aggro,Boros Aggro,Manuel,1,78cef262-c753-4658-b3ec-fec8db47f944,2025-07-11T22:00:00Z
Aggro,Boros Aggro,Manuel,1,0ecbe097-ba51-42e5-957c-382eb66c08f0,2025-07-11T22:00:00Z
Aggro,Boros Aggro,Manuel,1,1ac01fff-4de6-4783-9489-4127e25bc641,2025-07-11T22:00:00Z
Aggro,Boros Aggro,Manuel,1,7054012b-4f9d-44a0-aaf9-7fd3bddc7b2d,2025-07-11T22:00:00Z
Aggro,Boros Aggro,Manuel,1,df3784d4-80cd-4f78-afb3-d61f3bab5b2c,2025-07-11T22:00:00Z
Aggro-Combo,Greenbased Aggro-Combo,Yannik,1,d40b65c1-b24d-492d-81b9-d8474ebdc08c,2025-07-11T22:00:00Z
Aggro-Combo,Greenbased Aggro-Combo,Yannik,1,52eef0d6-24b7-40b7-8403-e8e863d0cd55,2025-07-11T22:00:00Z
Aggro-Combo,Greenbased Aggro-Combo,Yannik,1,de0e01e4-e143-47fd-8565-7b48219bb546,2025-07-11T22:00:00Z
Aggro-Combo,Greenbased Aggro-Combo,Yannik,1,e41cf82d-3213-47ce-a015-6e51a8b07e4f,2025-07-11T22:00:00Z
Aggro-Combo,Greenbased Aggro-Combo,Yannik,1,54a3ea87-005e-4985-b2a5-21711d0b71c0,2025-07-11T22:00:00Z
Aggro-Combo,Greenbased Aggro-Combo,Yannik,1,25b0b816-0583-44aa-9dc5-f3ff48993a51,2025-07-11T22:00:00Z
Aggro-Combo,Greenbased Aggro-Combo,Yannik,1,39c431d7-d94b-46c4-bb89-f3db56214ab4,2025-07-11T22:00:00Z
Aggro-Combo,Greenbased Aggro-Combo,Yannik,1,01e7b0bc-1c6c-48f4-8b72-1a809f536c6c,2025-07-11T22:00:00Z
Aggro-Combo,Greenbased Aggro-Combo,Yannik,1,d7a8cc1d-aabb-4eb6-b0f1-6c93ec246f61,2025-07-11T22:00:00Z
Aggro-Combo,Greenbased Aggro-Combo,Yannik,1,96c5607b-55fe-43c2-93fe-0084d84499d9,2025-07-11T22:00:00Z
Aggro-Combo,Greenbased Aggro-Combo,Yannik,1,f9246b68-580f-4f53-883d-7900880e4b0d,2025-07-11T22:00:00Z
Aggro-Combo,Greenbased Aggro-Combo,Yannik,1,059164e1-894d-4586-9800-e60d6fbd6eb6,2025-07-11T22:00:00Z
Aggro-Combo,Greenbased Aggro-Combo,Yannik,1,0845f0b0-9413-4ddd-861d-9607636bebc6,2025-07-11T22:00:00Z
Aggro-Combo,Greenbased Aggro-Combo,Yannik,1,1132218d-56cd-441e-9006-df3c50344491,2025-07-11T22:00:00Z
Aggro-Combo,Greenbased Aggro-Combo,Yannik,1,4820d223-4ea1-4850-931c-3d2ab5eb003b,2025-07-11T22:00:00Z
Aggro-Combo,Greenbased Aggro-Combo,Yannik,1,400382a4-aea2-4827-b06a-1b0b3745908b,2025-07-11T22:00:00Z
Aggro-Combo,Greenbased Aggro-Combo,Yannik,1,28667c8b-d02c-4e57-a050-1549207b65d1,2025-07-11T22:00:00Z
Aggro-Combo,Greenbased Aggro-Combo,Yannik,1,63c59228-c742-4abd-b4d7-9f7880190e95,2025-07-11T22:00:00Z
Aggro-Combo,Greenbased Aggro-Combo,Yannik,1,985453e7-997e-4d77-a338-cc0290791ebe,2025-07-11T22:00:00Z
Aggro-Combo,Greenbased Aggro-Combo,Yannik,1,44afd414-cc69-4888-ba12-7ea87e60b1f7,2025-07-11T22:00:00Z
Aggro-Combo,Greenbased Aggro-Combo,Yannik,1,b3dd3c7d-4685-4579-b483-14ddaaaddf5b,2025-07-11T22:00:00Z
Aggro-Combo,Greenbased Aggro-Combo,Yannik,1,b5aaaee0-9a61-45df-821e-cce516f8de6a,2025-07-11T22:00:00Z
Aggro-Combo,Greenbased Aggro-Combo,Yannik,1,f20015ad-8fda-498f-ac28-1ffb824ab480,2025-07-11T22:00:00Z
Aggro-Combo,Greenbased Aggro-Combo,Yannik,1,a50d79fe-6d37-42f3-b7b0-0c3018282fa2,2025-07-11T22:00:00Z
Aggro-Combo,Greenbased Aggro-Combo,Yannik,1,62b3f560-262b-4bc3-9aef-535fd7082c28,2025-07-11T22:00:00Z
Combo,Reanimator,Lukas Stalder,1,661fc907-7003-45c6-820c-9616e9a71c30,2025-07-11T22:00:00Z
Combo,Reanimator,Lukas Stalder,1,671c008a-8ff8-42d7-9e03-6d8a9ddace67,2025-07-11T22:00:00Z
Combo,Reanimator,Lukas Stalder,1,377cee38-e769-47b0-abd5-0f528600f36a,2025-07-11T22:00:00Z
Combo,Reanimator,Lukas Stalder,1,7740ff55-67bb-409e-90f7-2c2c8b8c770a,2025-07-11T22:00:00Z
Combo,Reanimator,Lukas Stalder,1,a6539e26-b63b-4725-9407-caaf451de084,2025-07-11T22:00:00Z
Combo,Reanimator,Lukas Stalder,1,493a5ca7-5f90-4af4-b6db-43ae09a2f2c9,2025-07-11T22:00:00Z
Combo,Reanimator,Lukas Stalder,1,43aa7e35-55ee-4e02-a8aa-ea2b267055d1,2025-07-11T22:00:00Z
Combo,Reanimator,Lukas Stalder,1,2424f2c4-366b-42cf-bf4b-a8a5bfdd2c4b,2025-07-11T22:00:00Z
Combo,Reanimator,Lukas Stalder,1,1c0f2873-5849-4cab-855a-2fbbc41dbb6c,2025-07-11T22:00:00Z
Combo,Reanimator,Lukas Stalder,1,819a513c-3be6-4bdc-8ba6-1f7326a8f3ea,2025-07-11T22:00:00Z
Combo,Reanimator,Lukas Stalder,1,04fc99dc-bfbe-4567-b791-6b1db96471ec,2025-07-11T22:00:00Z
Combo,Reanimator,Lukas Stalder,1,7c024bae-5631-4e20-ac69-df392ac9e109,2025-07-11T22:00:00Z
Combo,Reanimator,Lukas Stalder,1,4c732dc7-dd6b-4cc1-bbe0-ff3b1d2c7419,2025-07-11T22:00:00Z
Combo,Reanimator,Lukas Stalder,1,4a1f905f-1d55-4d02-9d24-e58070793d3f,2025-07-11T22:00:00Z
Combo,Reanimator,Lukas Stalder,1,a9738cda-adb1-47fb-9f4c-ecd930228c4d,2025-07-11T22:00:00Z
Combo,Reanimator,Lukas Stalder,1,073bfdca-d7b8-4f4b-93f3-6e7c44bc0b0a,2025-07-11T22:00:00Z
Combo,Reanimator,Lukas Stalder,1,1ee98955-4c47-4d45-9377-608dfa755337,2025-07-11T22:00:00Z
Combo,Reanimator,Lukas Stalder,1,a3bb2881-e8fb-4fba-a9f9-d93e6ca24378,2025-07-11T22:00:00Z
Combo,Reanimator,Lukas Stalder,1,2ef878cb-27b6-47d8-ad11-bd20529b0e7e,2025-07-11T22:00:00Z
Combo,Reanimator,Lukas Stalder,1,26c68473-70ca-40ba-b5c6-71ec30f88a2c,2025-07-11T22:00:00Z
Combo,Reanimator,Lukas Stalder,1,24c0d87b-0049-4beb-b9cb-6f813b7aa7dc,2025-07-11T22:00:00Z
Combo,Reanimator,Lukas Stalder,1,6da09e6a-2965-4855-bd41-41b41ba188fb,2025-07-11T22:00:00Z
Combo,Reanimator,Lukas Stalder,1,a3012af9-621d-4fae-b00d-079a89ae35fe,2025-07-11T22:00:00Z
Combo,Reanimator,Lukas Stalder,1,b045c28a-39f9-4cd9-8f3a-a626b697f409,2025-07-11T22:00:00Z
Combo,Reanimator,Lukas Stalder,1,311a6257-dd77-4bb6-81cb-c8e7862350f3,2025-07-11T22:00:00Z
Combo,Reanimator,Lukas Stalder,1,9d48aaff-46ab-411b-9456-171d4709f951,2025-07-11T22:00:00Z
