draws,player1,player1Wins,player2,player2Wins,round,tournamentDate
0,Dimlas,2,Filipe,1,1,2025-07-11T22:00:00Z
0,Sam,0,Ivo,2,1,2025-07-11T22:00:00Z
1,Manuel,1,Yannik,1,1,2025-07-11T22:00:00Z
0,Andrin,1,Tinu,2,1,2025-07-11T22:00:00Z
0,Tommy,0,Guy,2,1,2025-07-11T22:00:00Z
0,Lukas Stalder,2,Noe T.,0,1,2025-07-11T22:00:00Z
0,Sam,0,Tommy,1,2,2025-07-11T22:00:00Z
0,Lukas Stalder,2,Ivo,1,2,2025-07-11T22:00:00Z
0,Andrin,2,Noe T.,0,2,2025-07-11T22:00:00Z
0,Manuel,1,Guy,2,2,2025-07-11T22:00:00Z
0,Tinu,1,Dimlas,2,2,2025-07-11T22:00:00Z
0,Yannik,2,Filipe,0,2,2025-07-11T22:00:00Z
0,Andrin,2,Tommy,1,3,2025-07-11T22:00:00Z
0,Manuel,2,Filipe,0,3,2025-07-11T22:00:00Z
0,Lukas Stalder,2,Yannik,1,3,2025-07-11T22:00:00Z
0,Ivo,2,Tinu,1,3,2025-07-11T22:00:00Z
0,Guy,0,Dimlas,2,3,2025-07-11T22:00:00Z
0,Noe T.,0,Sam,2,3,2025-07-11T22:00:00Z
0,Ivo,2,Andrin,1,4,2025-07-11T22:00:00Z
0,Guy,2,Yannik,0,4,2025-07-11T22:00:00Z
0,Manuel,2,Sam,0,4,2025-07-11T22:00:00Z
0,Dimlas,1,Lukas Stalder,2,4,2025-07-11T22:00:00Z
0,Tommy,0,Tinu,2,4,2025-07-11T22:00:00Z
0,Noe T.,2,Filipe,0,4,2025-07-11T22:00:00Z
